"export_format_version","record_type","source_context","record_id","parent_id","participant_key","participant_label","participant_kind","opponent_key","opponent_label","opponent_kind","rel_time","event_index","sequence_id","event_type","power","amount","state","range_bucket","buttons","saber_move","enemy_saber_move","yaw_delta","self_hp","self_armor","self_force","enemy_hp","enemy_armor","enemy_force","sequence_label","quality","note"
"2","duel_event","duel","1","1","iphash:8ac6695b","","0","bot:/botfiles/mediumds.jkb","galak","0","2772","1","0","range","10","2","0","2","0","1","1","132","100","100","100","100","99","100","staff_pressure","",""
"2","duel_event","duel","2","1","iphash:8ac6695b","","0","bot:/botfiles/mediumds.jkb","galak","0","3564","2","0","range","10","1","0","1","0","1","1","-151","100","100","100","100","99","100","staff_pressure","",""
"2","duel_event","duel","3","1","iphash:8ac6695b","","0","bot:/botfiles/mediumds.jkb","galak","0","3894","3","0","damage","10","20","0","1","0","1","1","-137","80","100","100","100","99","94","staff_pressure","mediocre",""
"2","duel_event","duel","4","1","iphash:8ac6695b","","0","bot:/botfiles/mediumds.jkb","galak","0","3927","4","0","air","10","1","0","1","0","1","1","-136","80","100","100","100","99","95","staff_pressure","","airborne"
"2","duel_event","duel","5","1","iphash:8ac6695b","","0","bot:/botfiles/mediumds.jkb","galak","0","4092","5","0","range","10","2","0","2","256","1","1","-133","80","100","100","100","99","100","staff_pressure","",""
"2","duel_event","duel","6","1","iphash:8ac6695b","","0","bot:/botfiles/mediumds.jkb","galak","0","4158","6","0","air","10","0","0","2","256","1","1","-134","80","100","100","100","99","100","staff_pressure","","landed"
"2","duel_event","duel","7","1","iphash:8ac6695b","","0","bot:/botfiles/mediumds.jkb","galak","0","4620","7","1","attack_start","10","1","0","2","257","66","1","-151","80","100","100","100","99","100","staff_pressure","mediocre","attack"
"2","duel_event","duel","8","1","iphash:8ac6695b","","0","bot:/botfiles/mediumds.jkb","galak","0","4818","8","1","range","10","1","0","1","257","66","1","179","80","100","100","100","99","100","staff_pressure","",""
"2","duel_event","duel","9","1","iphash:8ac6695b","","0","bot:/botfiles/mediumds.jkb","galak","0","4884","9","1","attack_chain","10","8","0","1","257","8","1","-179","80","100","100","100","99","100","staff_pressure","mediocre","chain"
"2","duel_event","duel","10","1","iphash:8ac6695b","","0","bot:/botfiles/mediumds.jkb","galak","0","5214","10","1","attack_chain","10","5","0","1","257","5","1","-102","80","100","100","100","99","100","staff_pressure","mediocre","chain"
"2","duel_event","duel","11","1","iphash:8ac6695b","","0","bot:/botfiles/mediumds.jkb","galak","0","5511","11","1","attack_chain","10","8","0","1","257","8","1","163","80","100","100","100","99","100","staff_pressure","mediocre","chain"
"2","duel_event","duel","12","1","iphash:8ac6695b","","0","bot:/botfiles/mediumds.jkb","galak","0","5808","12","1","attack_chain","10","5","0","1","257","5","1","-108","80","100","100","100","99","100","staff_pressure","mediocre","chain"
"2","duel_event","duel","13","1","iphash:8ac6695b","","0","bot:/botfiles/mediumds.jkb","galak","0","5907","13","1","range","10","2","0","2","257","5","1","-155","80","100","100","100","99","100","staff_pressure","",""
"2","duel_event","duel","14","1","iphash:8ac6695b","","0","bot:/botfiles/mediumds.jkb","galak","0","6105","14","1","attack_chain","10","8","0","2","257","8","1","-170","80","100","100","100","99","80","staff_pressure","mediocre","chain"
"2","duel_event","duel","15","1","iphash:8ac6695b","","0","bot:/botfiles/mediumds.jkb","galak","0","6600","15","1","attack_chain","10","10","0","2","257","10","1","158","80","100","100","100","99","85","staff_pressure","mediocre","chain"
"2","duel_event","duel","16","1","iphash:8ac6695b","","0","bot:/botfiles/mediumds.jkb","galak","0","6996","16","1","attack_chain","10","8","0","2","257","8","1","156","80","100","100","100","99","100","staff_pressure","mediocre","chain"
"2","duel_event","duel","17","1","iphash:8ac6695b","","0","bot:/botfiles/mediumds.jkb","galak","0","7293","17","1","attack_chain","10","5","0","2","257","5","1","-119","80","100","100","100","99","60","staff_pressure","mediocre","chain"
"2","duel_event","duel","18","1","iphash:8ac6695b","","0","bot:/botfiles/mediumds.jkb","galak","0","7326","18","1","range","10","1","0","1","257","5","1","-120","80","100","100","100","99","60","staff_pressure","",""
"2","duel_event","duel","19","1","iphash:8ac6695b","","0","bot:/botfiles/mediumds.jkb","galak","0","7359","19","1","damage","10","30","2","1","257","5","1","-121","80","70","100","100","99","60","saberthrow_punish","bad","saberthrow"
"2","duel_event","duel","20","1","iphash:8ac6695b","","0","bot:/botfiles/mediumds.jkb","galak","0","7590","20","1","attack_chain","10","8","2","1","257","8","1","143","80","70","100","100","99","62","staff_pressure","mediocre","chain"
"2","duel_event","duel","21","1","iphash:8ac6695b","","0","bot:/botfiles/mediumds.jkb","galak","0","7887","21","1","attack_chain","10","5","2","2","257","5","1","-129","80","70","100","100","99","73","staff_pressure","mediocre","chain"
"2","duel_event","duel","22","1","iphash:8ac6695b","","0","bot:/botfiles/mediumds.jkb","galak","0","7887","22","1","range","10","2","2","2","257","5","1","-129","80","70","100","100","99","73","staff_pressure","",""
"2","duel_event","duel","23","1","iphash:8ac6695b","","0","bot:/botfiles/mediumds.jkb","galak","0","8217","23","1","attack_chain","10","8","2","2","257","8","1","101","80","70","100","100","99","56","staff_pressure","mediocre","chain"
"2","duel_event","duel","24","1","iphash:8ac6695b","","0","bot:/botfiles/mediumds.jkb","galak","0","8646","24","1","attack_chain","10","4","2","2","257","4","1","54","80","70","100","100","99","64","staff_pressure","mediocre","chain"
"2","duel_event","duel","25","1","iphash:8ac6695b","","0","bot:/botfiles/mediumds.jkb","galak","0","9042","25","1","attack_chain","10","8","2","2","257","8","1","125","80","70","100","100","99","49","staff_pressure","mediocre","chain"
"2","duel_event","duel","26","1","iphash:8ac6695b","","0","bot:/botfiles/mediumds.jkb","galak","0","9471","26","1","attack_chain","10","4","2","2","257","4","1","-178","80","70","100","100","99","49","staff_pressure","mediocre","chain"
"2","duel_event","duel","27","1","iphash:8ac6695b","","0","bot:/botfiles/mediumds.jkb","galak","0","9900","27","1","attack_chain","10","8","2","2","257","8","65","176","80","70","100","100","99","57","staff_pressure","mediocre","chain"
"2","duel_event","duel","28","1","iphash:8ac6695b","","0","bot:/botfiles/mediumds.jkb","galak","0","10197","28","1","attack_chain","10","5","2","2","257","5","7","-120","80","70","100","100","99","68","staff_pressure","mediocre","chain"
"2","duel_event","duel","29","1","iphash:8ac6695b","","0","bot:/botfiles/mediumds.jkb","galak","0","10494","29","1","attack_chain","10","8","2","2","257","8","72","120","80","70","100","100","99","79","staff_pressure","mediocre","chain"
"2","duel_event","duel","30","1","iphash:8ac6695b","","0","bot:/botfiles/mediumds.jkb","galak","0","10560","30","1","range","10","1","2","1","257","8","72","115","80","70","100","100","99","81","staff_pressure","",""
"2","duel_event","duel","31","1","iphash:8ac6695b","","0","bot:/botfiles/mediumds.jkb","galak","0","10659","31","1","punish_success","10","30","0","1","257","8","72","150","80","70","100","100","69","85","punish_window","best","punish"
"2","duel_event","duel","32","1","iphash:8ac6695b","","0","bot:/botfiles/mediumds.jkb","galak","0","10758","32","1","damage","10","20","2","1","257","0","72","-168","60","70","100","100","69","83","staff_pressure","bad",""
"2","duel_event","duel","33","1","iphash:8ac6695b","","0","bot:/botfiles/mediumds.jkb","galak","0","10791","33","1","air","10","1","2","1","257","0","72","-158","60","70","100","100","69","84","staff_pressure","","airborne"
"2","duel_event","duel","34","1","iphash:8ac6695b","","0","bot:/botfiles/mediumds.jkb","galak","0","10791","34","1","knockdown","10","1","2","1","257","0","72","-158","60","70","100","100","69","84","staff_pressure","","knockdown"
"2","duel_event","duel","35","1","iphash:8ac6695b","","0","bot:/botfiles/mediumds.jkb","galak","0","11022","35","1","range","10","2","2","2","257","0","72","-171","60","70","100","100","69","92","staff_pressure","",""
"2","duel_event","duel","36","1","iphash:8ac6695b","","0","bot:/botfiles/mediumds.jkb","galak","0","11187","36","1","air","10","0","2","2","257","0","72","-161","60","70","100","100","69","98","staff_pressure","","landed"
"2","duel_event","duel","37","1","iphash:8ac6695b","","0","bot:/botfiles/mediumds.jkb","galak","0","11583","37","1","air","10","1","2","2","256","0","1","-162","60","70","100","100","69","82","yellow_pressure","","airborne"
"2","duel_event","duel","38","1","iphash:8ac6695b","","0","bot:/botfiles/mediumds.jkb","galak","0","11616","38","1","range","10","1","2","1","0","0","1","-162","60","70","100","100","69","83","yellow_pressure","",""
"2","duel_event","duel","39","1","iphash:8ac6695b","","0","bot:/botfiles/mediumds.jkb","galak","0","11715","39","1","damage","10","20","2","1","0","0","1","-161","40","70","100","100","69","81","yellow_pressure","bad",""
"2","duel_event","duel","40","1","iphash:8ac6695b","","0","bot:/botfiles/mediumds.jkb","galak","0","11946","40","1","range","10","2","2","2","256","0","1","-177","40","70","100","100","69","90","yellow_pressure","",""
"2","duel_event","duel","41","1","iphash:8ac6695b","","0","bot:/botfiles/mediumds.jkb","galak","0","12045","41","1","air","10","0","2","2","256","0","1","167","40","70","100","100","69","93","yellow_pressure","","landed"
"2","duel_event","duel","42","1","iphash:8ac6695b","","0","bot:/botfiles/mediumds.jkb","galak","0","12804","42","1","air","10","1","2","2","256","1","1","175","40","70","100","100","69","80","yellow_pressure","","airborne"
"2","duel_event","duel","43","1","iphash:8ac6695b","","0","bot:/botfiles/mediumds.jkb","galak","0","12837","43","2","attack_start","10","1","2","1","257","66","1","172","40","70","100","100","69","80","yellow_pressure","mediocre","attack"
"2","duel_event","duel","44","1","iphash:8ac6695b","","0","bot:/botfiles/mediumds.jkb","galak","0","12837","44","2","range","10","1","2","1","257","66","1","172","40","70","100","100","69","80","yellow_pressure","",""
"2","duel_event","duel","45","1","iphash:8ac6695b","","0","bot:/botfiles/mediumds.jkb","galak","0","13101","45","2","attack_chain","10","8","2","1","257","8","1","154","40","70","100","100","69","82","staff_pressure","mediocre","chain"
"2","duel_event","duel","46","1","iphash:8ac6695b","","0","bot:/botfiles/mediumds.jkb","galak","0","13299","46","2","range","10","2","2","2","257","8","1","163","40","70","100","100","69","89","staff_pressure","",""
"2","duel_event","duel","47","1","iphash:8ac6695b","","0","bot:/botfiles/mediumds.jkb","galak","0","13431","47","2","attack_chain","10","5","2","2","257","5","1","118","40","70","100","100","69","74","staff_pressure","mediocre","chain"
"2","duel_event","duel","48","1","iphash:8ac6695b","","0","bot:/botfiles/mediumds.jkb","galak","0","13497","48","2","air","10","0","2","2","257","5","1","103","40","70","100","100","69","74","staff_pressure","","landed"
"2","duel_event","duel","49","1","iphash:8ac6695b","","0","bot:/botfiles/mediumds.jkb","galak","0","13728","49","2","attack_chain","10","8","2","2","257","8","1","136","40","70","100","100","69","74","staff_pressure","mediocre","chain"
"2","duel_event","duel","50","1","iphash:8ac6695b","","0","bot:/botfiles/mediumds.jkb","galak","0","13794","50","2","air","10","1","2","2","257","8","1","114","40","70","100","100","69","74","staff_pressure","","airborne"
"2","duel_event","duel","51","1","iphash:8ac6695b","","0","bot:/botfiles/mediumds.jkb","galak","0","13827","51","2","air","10","0","2","2","257","8","1","109","40","70","100","100","69","74","staff_pressure","","landed"
"2","duel_event","duel","52","1","iphash:8ac6695b","","0","bot:/botfiles/mediumds.jkb","galak","0","14025","52","2","attack_chain","10","5","2","2","257","5","1","134","40","70","100","100","69","74","staff_pressure","mediocre","chain"
"2","duel_event","duel","53","1","iphash:8ac6695b","","0","bot:/botfiles/mediumds.jkb","galak","0","14058","53","2","damage","10","2","2","2","257","5","1","137","38","70","100","100","69","43","saberthrow_punish","bad","saberthrow"
"2","duel_event","duel","54","1","iphash:8ac6695b","","0","bot:/botfiles/mediumds.jkb","galak","0","14091","54","2","air","10","1","2","2","257","5","1","141","38","70","100","100","69","43","staff_pressure","","airborne"
"2","duel_event","duel","55","1","iphash:8ac6695b","","0","bot:/botfiles/mediumds.jkb","galak","0","14520","55","2","air","10","0","2","2","257","70","1","-127","38","70","100","100","69","42","staff_pressure","","landed"
"2","duel_event","duel","56","1","iphash:8ac6695b","","0","bot:/botfiles/mediumds.jkb","galak","0","15081","56","2","force","9","19","2","2","256","1","1","-154","38","70","81","100","69","63","yellow_pressure","mediocre",""
"2","duel_event","duel","57","1","iphash:8ac6695b","","0","bot:/botfiles/mediumds.jkb","galak","0","15114","57","2","regen","10","1","2","2","256","1","1","-157","38","70","82","100","69","64","yellow_pressure","",""
"2","duel_event","duel","58","1","iphash:8ac6695b","","0","bot:/botfiles/mediumds.jkb","galak","0","15147","58","2","regen","10","1","2","2","256","1","1","-161","38","70","83","100","69","66","yellow_pressure","",""
"2","duel_event","duel","59","1","iphash:8ac6695b","","0","bot:/botfiles/mediumds.jkb","galak","0","15147","59","2","air","10","1","2","2","256","1","1","-161","38","70","83","100","69","66","yellow_pressure","","airborne"
"2","duel_event","duel","60","1","iphash:8ac6695b","","0","bot:/botfiles/mediumds.jkb","galak","0","15180","60","2","regen","10","2","2","2","256","1","1","-164","38","70","85","100","69","67","yellow_pressure","",""
"2","duel_event","duel","61","1","iphash:8ac6695b","","0","bot:/botfiles/mediumds.jkb","galak","0","15213","61","2","regen","10","1","2","1","256","1","1","-165","38","70","86","100","69","68","yellow_pressure","",""
"2","duel_event","duel","62","1","iphash:8ac6695b","","0","bot:/botfiles/mediumds.jkb","galak","0","15213","62","2","range","10","1","2","1","256","1","1","-165","38","70","86","100","69","68","yellow_pressure","",""
"2","duel_event","duel","63","1","iphash:8ac6695b","","0","bot:/botfiles/mediumds.jkb","galak","0","15246","63","2","regen","10","1","2","1","256","1","1","-163","38","70","87","100","69","69","yellow_pressure","",""
"2","duel_event","duel","64","1","iphash:8ac6695b","","0","bot:/botfiles/mediumds.jkb","galak","0","15279","64","2","regen","10","1","2","1","256","1","1","-160","38","70","88","100","69","71","yellow_pressure","",""
"2","duel_event","duel","65","1","iphash:8ac6695b","","0","bot:/botfiles/mediumds.jkb","galak","0","15312","65","2","regen","10","2","2","1","256","1","1","-153","38","70","90","100","69","72","yellow_pressure","",""
"2","duel_event","duel","66","1","iphash:8ac6695b","","0","bot:/botfiles/mediumds.jkb","galak","0","15345","66","2","regen","10","1","2","1","256","1","1","-156","38","70","91","100","69","73","yellow_pressure","",""
"2","duel_event","duel","67","1","iphash:8ac6695b","","0","bot:/botfiles/mediumds.jkb","galak","0","15378","67","2","regen","10","1","2","1","256","1","1","-158","38","70","92","100","69","74","yellow_pressure","",""
"2","duel_event","duel","68","1","iphash:8ac6695b","","0","bot:/botfiles/mediumds.jkb","galak","0","15411","68","2","regen","10","1","2","1","256","1","1","-160","38","70","93","100","69","75","yellow_pressure","",""
"2","duel_event","duel","69","1","iphash:8ac6695b","","0","bot:/botfiles/mediumds.jkb","galak","0","15444","69","2","regen","10","1","2","1","256","1","1","-162","38","70","94","100","69","77","yellow_pressure","",""
"2","duel_event","duel","70","1","iphash:8ac6695b","","0","bot:/botfiles/mediumds.jkb","galak","0","15477","70","2","regen","10","2","2","1","256","1","1","-162","38","70","96","100","69","78","yellow_pressure","",""
"2","duel_event","duel","71","1","iphash:8ac6695b","","0","bot:/botfiles/mediumds.jkb","galak","0","15510","71","2","regen","10","1","2","1","256","1","1","-167","38","70","97","100","69","79","yellow_pressure","",""
"2","duel_event","duel","72","1","iphash:8ac6695b","","0","bot:/botfiles/mediumds.jkb","galak","0","15543","72","2","regen","10","1","2","1","256","1","1","-171","38","70","98","100","69","80","yellow_pressure","",""
"2","duel_event","duel","73","1","iphash:8ac6695b","","0","bot:/botfiles/mediumds.jkb","galak","0","15576","73","2","regen","10","1","2","1","256","1","1","-175","38","70","99","100","69","82","yellow_pressure","",""
"2","duel_event","duel","74","1","iphash:8ac6695b","","0","bot:/botfiles/mediumds.jkb","galak","0","15609","74","2","regen","10","1","2","1","256","1","1","-179","38","70","100","100","69","83","yellow_pressure","",""
"2","duel_event","duel","75","1","iphash:8ac6695b","","0","bot:/botfiles/mediumds.jkb","galak","0","15741","75","2","range","10","2","2","2","256","1","1","166","38","70","100","100","69","88","yellow_pressure","",""
"2","duel_event","duel","76","1","iphash:8ac6695b","","0","bot:/botfiles/mediumds.jkb","galak","0","16236","76","2","range","10","3","2","3","256","1","1","-129","38","70","100","100","69","51","yellow_pressure","",""
"2","duel_event","duel","77","1","iphash:8ac6695b","","0","bot:/botfiles/mediumds.jkb","galak","0","16269","77","2","attack_start","10","1","2","3","257","67","1","-133","38","70","100","100","69","51","yellow_pressure","mediocre","attack"
"2","duel_event","duel","78","1","iphash:8ac6695b","","0","bot:/botfiles/mediumds.jkb","galak","0","16797","78","2","air","10","0","2","3","256","74","1","-178","38","70","100","100","69","51","staff_pressure","","landed"
"2","duel_event","duel","79","1","iphash:8ac6695b","","0","bot:/botfiles/mediumds.jkb","galak","0","17358","79","2","damage","10","1","2","3","256","1","1","169","38","69","100","100","69","51","saberthrow_punish","bad","saberthrow"
"2","duel_event","duel","80","1","iphash:8ac6695b","","0","bot:/botfiles/mediumds.jkb","galak","0","17655","80","2","air","10","1","2","3","256","1","1","169","38","69","100","100","69","51","yellow_pressure","","airborne"
"2","duel_event","duel","81","1","iphash:8ac6695b","","0","bot:/botfiles/mediumds.jkb","galak","0","17787","81","2","range","10","2","2","2","256","1","1","168","38","69","100","100","69","51","yellow_pressure","",""
"2","duel_event","duel","82","1","iphash:8ac6695b","","0","bot:/botfiles/mediumds.jkb","galak","0","17787","82","2","air","10","0","2","2","256","1","1","168","38","69","100","100","69","51","yellow_pressure","","landed"
"2","duel_event","duel","83","1","iphash:8ac6695b","","0","bot:/botfiles/mediumds.jkb","galak","0","18150","83","3","force","9","5","2","2","2304","1","1","163","42","69","95","100","69","57","yellow_pressure","mediocre",""
"2","duel_event","duel","84","1","iphash:8ac6695b","","0","bot:/botfiles/mediumds.jkb","galak","0","18183","84","3","force","9","5","2","2","2304","1","1","163","46","69","90","100","69","53","yellow_pressure","mediocre",""
"2","duel_event","duel","85","1","iphash:8ac6695b","","0","bot:/botfiles/mediumds.jkb","galak","0","18249","85","3","force","9","5","2","2","2304","1","1","165","50","69","85","100","69","29","yellow_pressure","mediocre",""
"2","duel_event","duel","86","1","iphash:8ac6695b","","0","bot:/botfiles/mediumds.jkb","galak","0","18282","86","3","force","9","5","4","2","2304","1","1","166","54","69","80","100","69","25","yellow_pressure","good",""
"2","duel_event","duel","87","1","iphash:8ac6695b","","0","bot:/botfiles/mediumds.jkb","galak","0","18546","87","3","range","10","1","4","1","256","1","1","170","54","69","80","100","69","25","yellow_pressure","",""
"2","duel_event","duel","88","1","iphash:8ac6695b","","0","bot:/botfiles/mediumds.jkb","galak","0","18678","88","3","attack_start","10","1","4","1","257","66","1","-166","54","69","80","100","69","25","yellow_pressure","good","attack"
"2","duel_event","duel","89","1","iphash:8ac6695b","","0","bot:/botfiles/mediumds.jkb","galak","0","18678","89","3","force_to_saber","10","66","4","1","257","66","1","-166","54","69","80","100","69","25","yellow_pressure","","force_to_saber"
"2","duel_event","duel","90","1","iphash:8ac6695b","","0","bot:/botfiles/mediumds.jkb","galak","0","18810","90","3","regen","10","2","4","1","257","66","1","-164","54","69","82","100","69","25","yellow_pressure","",""
"2","duel_event","duel","91","1","iphash:8ac6695b","","0","bot:/botfiles/mediumds.jkb","galak","0","18843","91","3","regen","10","1","4","1","257","66","1","-163","54","69","83","100","69","25","yellow_pressure","",""
"2","duel_event","duel","92","1","iphash:8ac6695b","","0","bot:/botfiles/mediumds.jkb","galak","0","18876","92","3","regen","10","1","4","1","257","66","1","-130","54","69","84","100","69","25","yellow_pressure","",""
"2","duel_event","duel","93","1","iphash:8ac6695b","","0","bot:/botfiles/mediumds.jkb","galak","0","18909","93","3","regen","10","1","4","1","257","66","1","-97","54","69","85","100","69","25","yellow_pressure","",""
"2","duel_event","duel","94","1","iphash:8ac6695b","","0","bot:/botfiles/mediumds.jkb","galak","0","18942","94","3","attack_chain","10","8","4","1","257","8","1","-50","54","69","86","100","69","25","staff_pressure","good","chain"
"2","duel_event","duel","95","1","iphash:8ac6695b","","0","bot:/botfiles/mediumds.jkb","galak","0","18942","95","3","regen","10","1","4","1","257","8","1","-50","54","69","86","100","69","25","staff_pressure","",""
"2","duel_event","duel","96","1","iphash:8ac6695b","","0","bot:/botfiles/mediumds.jkb","galak","0","18975","96","3","regen","10","2","4","1","257","8","1","-32","54","69","88","100","69","25","staff_pressure","",""
"2","duel_event","duel","97","1","iphash:8ac6695b","","0","bot:/botfiles/mediumds.jkb","galak","0","19008","97","3","regen","10","1","2","1","257","8","1","-20","54","69","89","100","69","27","staff_pressure","",""
"2","duel_event","duel","98","1","iphash:8ac6695b","","0","bot:/botfiles/mediumds.jkb","galak","0","19041","98","3","regen","10","1","2","1","257","8","1","-13","54","69","90","100","69","28","staff_pressure","",""
"2","duel_event","duel","99","1","iphash:8ac6695b","","0","bot:/botfiles/mediumds.jkb","galak","0","19074","99","3","regen","10","1","2","1","257","8","1","-15","54","69","91","100","69","29","staff_pressure","",""
"2","duel_event","duel","100","1","iphash:8ac6695b","","0","bot:/botfiles/mediumds.jkb","galak","0","19107","100","3","regen","10","2","2","1","257","8","1","-20","54","69","93","100","69","30","staff_pressure","",""
"2","duel_event","duel","101","1","iphash:8ac6695b","","0","bot:/botfiles/mediumds.jkb","galak","0","19140","101","3","regen","10","1","2","1","257","8","1","-26","54","69","94","100","69","32","staff_pressure","",""
"2","duel_event","duel","102","1","iphash:8ac6695b","","0","bot:/botfiles/mediumds.jkb","galak","0","19173","102","3","regen","10","1","2","1","257","8","1","-33","54","69","95","100","69","33","staff_pressure","",""
"2","duel_event","duel","103","1","iphash:8ac6695b","","0","bot:/botfiles/mediumds.jkb","galak","0","19206","103","3","regen","10","1","2","1","257","8","1","-40","54","69","96","100","69","34","staff_pressure","",""
"2","duel_event","duel","104","1","iphash:8ac6695b","","0","bot:/botfiles/mediumds.jkb","galak","0","19239","104","3","regen","10","1","2","1","257","109","1","-46","54","69","97","100","69","35","staff_pressure","",""
"2","duel_event","duel","105","1","iphash:8ac6695b","","0","bot:/botfiles/mediumds.jkb","galak","0","19272","105","3","regen","10","2","2","1","257","109","1","-52","54","69","99","100","69","36","staff_pressure","",""
"2","duel_event","duel","106","1","iphash:8ac6695b","","0","bot:/botfiles/mediumds.jkb","galak","0","19272","106","3","air","10","1","2","1","257","109","1","-52","54","69","99","100","69","36","staff_pressure","","airborne"
"2","duel_event","duel","107","1","iphash:8ac6695b","","0","bot:/botfiles/mediumds.jkb","galak","0","19305","107","3","regen","10","1","2","1","257","109","1","-58","54","69","100","100","69","38","staff_pressure","",""
"2","duel_event","duel","108","1","iphash:8ac6695b","","0","bot:/botfiles/mediumds.jkb","galak","0","19371","108","3","attack_chain","10","10","2","1","257","10","1","-62","54","69","100","100","69","40","staff_pressure","mediocre","chain"
"2","duel_event","duel","109","1","iphash:8ac6695b","","0","bot:/botfiles/mediumds.jkb","galak","0","19602","109","3","range","10","2","2","2","257","10","1","179","54","69","100","100","69","49","staff_pressure","",""
"2","duel_event","duel","110","1","iphash:8ac6695b","","0","bot:/botfiles/mediumds.jkb","galak","0","20031","110","3","air","10","0","2","2","256","8","1","162","54","69","100","100","69","45","yellow_pressure","","landed"
"2","duel_event","duel","111","1","iphash:8ac6695b","","0","bot:/botfiles/mediumds.jkb","galak","0","20691","111","3","air","10","1","2","2","320","1","1","-163","54","69","100","100","69","37","yellow_pressure","","airborne"
"2","duel_event","duel","112","1","iphash:8ac6695b","","0","bot:/botfiles/mediumds.jkb","galak","0","20757","112","3","air","10","0","2","2","320","1","1","-151","54","69","100","100","69","37","yellow_pressure","","landed"
"2","duel_event","duel","113","1","iphash:8ac6695b","","0","bot:/botfiles/mediumds.jkb","galak","0","20889","113","3","range","10","1","2","1","256","1","1","-149","54","69","100","100","69","37","yellow_pressure","",""
"2","duel_event","duel","114","1","iphash:8ac6695b","","0","bot:/botfiles/mediumds.jkb","galak","0","21021","114","3","air","10","1","2","1","256","1","1","-152","54","69","100","100","69","37","yellow_pressure","","airborne"
"2","duel_event","duel","115","1","iphash:8ac6695b","","0","bot:/botfiles/mediumds.jkb","galak","0","21219","115","4","attack_start","10","1","2","1","257","66","1","-59","54","69","100","100","69","40","yellow_pressure","mediocre","attack"
"2","duel_event","duel","116","1","iphash:8ac6695b","","0","bot:/botfiles/mediumds.jkb","galak","0","21780","116","4","range","10","2","2","2","256","8","1","-90","54","69","100","100","69","61","staff_pressure","",""
"2","duel_event","duel","117","1","iphash:8ac6695b","","0","bot:/botfiles/mediumds.jkb","galak","0","21912","117","4","air","10","0","2","2","256","73","1","-116","54","69","100","100","69","46","staff_pressure","","landed"
"2","duel_event","duel","118","1","iphash:8ac6695b","","0","bot:/botfiles/mediumds.jkb","galak","0","22209","118","4","overcommit","9","31","2","1","320","1","1","-158","54","69","69","98","69","57","yellow_pressure","mistake","overcommit"
"2","duel_event","duel","119","1","iphash:8ac6695b","","0","bot:/botfiles/mediumds.jkb","galak","0","22209","119","4","force","9","31","2","1","320","1","1","-158","54","69","69","98","69","57","yellow_pressure","bad",""
"2","duel_event","duel","120","1","iphash:8ac6695b","","0","bot:/botfiles/mediumds.jkb","galak","0","22209","120","4","range","10","1","2","1","320","1","1","-158","54","69","69","98","69","57","yellow_pressure","",""
"2","duel_event","duel","121","1","iphash:8ac6695b","","0","bot:/botfiles/mediumds.jkb","galak","0","22341","121","4","force","9","1","2","1","320","1","1","-173","54","69","68","98","69","61","yellow_pressure","mediocre",""
"2","duel_event","duel","122","1","iphash:8ac6695b","","0","bot:/botfiles/mediumds.jkb","galak","0","22473","122","4","force","9","1","2","1","320","1","1","175","54","69","67","98","69","66","yellow_pressure","mediocre",""
"2","duel_event","duel","123","1","iphash:8ac6695b","","0","bot:/botfiles/mediumds.jkb","galak","0","22605","123","4","force","9","1","2","1","320","1","1","-177","54","69","66","98","69","71","yellow_pressure","mediocre",""
"2","duel_event","duel","124","1","iphash:8ac6695b","","0","bot:/botfiles/mediumds.jkb","galak","0","22737","124","4","force","9","1","2","1","320","1","154","-174","54","69","65","98","69","76","yellow_pressure","mediocre",""
"2","duel_event","duel","125","1","iphash:8ac6695b","","0","bot:/botfiles/mediumds.jkb","galak","0","22836","125","4","air","10","1","2","1","320","1","154","-175","54","69","65","98","69","80","yellow_pressure","","airborne"
"2","duel_event","duel","126","1","iphash:8ac6695b","","0","bot:/botfiles/mediumds.jkb","galak","0","22869","126","4","force","9","1","2","1","320","1","154","-175","54","69","64","98","69","81","yellow_pressure","mediocre",""
"2","duel_event","duel","127","1","iphash:8ac6695b","","0","bot:/botfiles/mediumds.jkb","galak","0","22935","127","4","force","9","6","2","1","320","1","154","-175","54","69","58","78","69","83","flipkick_followup","mediocre",""
"2","duel_event","duel","128","1","iphash:8ac6695b","","0","bot:/botfiles/mediumds.jkb","galak","0","23001","128","4","force","9","1","2","1","320","1","154","-174","54","69","57","78","69","86","flipkick_followup","mediocre",""
"2","duel_event","duel","129","1","bot:/botfiles/mediumds.jkb","","0","iphash:8ac6695b","^0-=^3'/^7o^3!^0d^0=-^6","2","2343","1","0","air","10","1","0","1","32","1","1","-155","100","100","100","100","100","100","yellow_pressure","","airborne"
"2","duel_event","duel","130","1","bot:/botfiles/mediumds.jkb","","0","iphash:8ac6695b","^0-=^3'/^7o^3!^0d^0=-^6","2","2409","2","0","damage","10","1","0","1","32","1","1","-154","100","99","100","100","100","100","yellow_pressure","mediocre",""
"2","duel_event","duel","131","1","bot:/botfiles/mediumds.jkb","","0","iphash:8ac6695b","^0-=^3'/^7o^3!^0d^0=-^6","2","2541","3","1","force","8","4","0","1","0","1","1","-149","100","99","96","100","100","100","yellow_pressure","mediocre",""
"2","duel_event","duel","132","1","bot:/botfiles/mediumds.jkb","","0","iphash:8ac6695b","^0-=^3'/^7o^3!^0d^0=-^6","2","2574","4","1","regen","10","1","0","1","32","1","1","-147","100","99","97","100","100","100","yellow_pressure","",""
"2","duel_event","duel","133","1","bot:/botfiles/mediumds.jkb","","0","iphash:8ac6695b","^0-=^3'/^7o^3!^0d^0=-^6","2","2607","5","1","regen","10","1","0","1","0","1","1","-145","100","99","98","100","100","100","yellow_pressure","",""
"2","duel_event","duel","134","1","bot:/botfiles/mediumds.jkb","","0","iphash:8ac6695b","^0-=^3'/^7o^3!^0d^0=-^6","2","2640","6","1","regen","10","1","0","1","32","1","1","-143","100","99","99","100","100","100","yellow_pressure","",""
"2","duel_event","duel","135","1","bot:/botfiles/mediumds.jkb","","0","iphash:8ac6695b","^0-=^3'/^7o^3!^0d^0=-^6","2","2673","7","1","regen","10","1","0","1","0","1","1","-141","100","99","100","100","100","100","yellow_pressure","",""
"2","duel_event","duel","136","1","bot:/botfiles/mediumds.jkb","","0","iphash:8ac6695b","^0-=^3'/^7o^3!^0d^0=-^6","2","2805","8","1","range","10","2","0","2","32","1","1","-132","100","99","100","100","100","100","yellow_pressure","",""
"2","duel_event","duel","137","1","bot:/botfiles/mediumds.jkb","","0","iphash:8ac6695b","^0-=^3'/^7o^3!^0d^0=-^6","2","3267","9","1","attack_start","10","128","0","2","160","1","1","126","100","99","100","100","100","100","red_pressure","mediocre","alt"
"2","duel_event","duel","138","1","bot:/botfiles/mediumds.jkb","","0","iphash:8ac6695b","^0-=^3'/^7o^3!^0d^0=-^6","2","3267","10","1","force_to_saber","10","1","0","2","160","1","1","126","100","99","100","100","100","100","red_pressure","","force_to_saber"
"2","duel_event","duel","139","1","bot:/botfiles/mediumds.jkb","","0","iphash:8ac6695b","^0-=^3'/^7o^3!^0d^0=-^6","2","3267","11","1","air","10","0","0","2","160","1","1","126","100","99","100","100","100","100","red_pressure","","landed"
"2","duel_event","duel","140","1","bot:/botfiles/mediumds.jkb","","0","iphash:8ac6695b","^0-=^3'/^7o^3!^0d^0=-^6","2","3597","12","1","range","10","1","0","1","32","1","1","150","100","99","100","100","100","100","red_pressure","",""
"2","duel_event","duel","141","1","bot:/botfiles/mediumds.jkb","","0","iphash:8ac6695b","^0-=^3'/^7o^3!^0d^0=-^6","2","3861","13","1","air","10","1","0","1","0","1","1","139","100","99","100","100","100","100","yellow_pressure","","airborne"
"2","duel_event","duel","142","1","bot:/botfiles/mediumds.jkb","","0","iphash:8ac6695b","^0-=^3'/^7o^3!^0d^0=-^6","2","3927","14","1","force","8","5","0","1","0","1","1","137","100","99","95","80","100","100","flipkick_followup","mediocre",""
"2","duel_event","duel","143","1","bot:/botfiles/mediumds.jkb","","0","iphash:8ac6695b","^0-=^3'/^7o^3!^0d^0=-^6","2","3927","15","1","punish_success","10","20","0","1","0","1","1","137","100","99","95","80","100","100","flipkick_followup","best","punish"
"2","duel_event","duel","144","1","bot:/botfiles/mediumds.jkb","","0","iphash:8ac6695b","^0-=^3'/^7o^3!^0d^0=-^6","2","3960","16","1","regen","10","1","0","1","32","1","1","136","100","99","96","80","100","100","flipkick_followup","",""
"2","duel_event","duel","145","1","bot:/botfiles/mediumds.jkb","","0","iphash:8ac6695b","^0-=^3'/^7o^3!^0d^0=-^6","2","3993","17","1","regen","10","1","0","1","0","1","1","135","100","99","97","80","100","100","flipkick_followup","",""
"2","duel_event","duel","146","1","bot:/botfiles/mediumds.jkb","","0","iphash:8ac6695b","^0-=^3'/^7o^3!^0d^0=-^6","2","4026","18","1","regen","10","2","0","1","32","1","1","134","100","99","99","80","100","100","flipkick_followup","",""
"2","duel_event","duel","147","1","bot:/botfiles/mediumds.jkb","","0","iphash:8ac6695b","^0-=^3'/^7o^3!^0d^0=-^6","2","4059","19","1","regen","10","1","0","1","0","1","1","134","100","99","100","80","100","100","flipkick_followup","",""
"2","duel_event","duel","148","1","bot:/botfiles/mediumds.jkb","","0","iphash:8ac6695b","^0-=^3'/^7o^3!^0d^0=-^6","2","4092","20","1","range","10","2","0","2","0","1","1","133","100","99","100","80","100","100","flipkick_followup","",""
"2","duel_event","duel","149","1","bot:/botfiles/mediumds.jkb","","0","iphash:8ac6695b","^0-=^3'/^7o^3!^0d^0=-^6","2","4191","21","1","attack_start","10","128","0","2","160","1","1","135","100","99","100","80","100","100","flipkick_followup","mediocre","alt"
"2","duel_event","duel","150","1","bot:/botfiles/mediumds.jkb","","0","iphash:8ac6695b","^0-=^3'/^7o^3!^0d^0=-^6","2","4191","22","1","force_to_saber","10","1","0","2","160","1","1","135","100","99","100","80","100","100","flipkick_followup","","force_to_saber"
"2","duel_event","duel","151","1","bot:/botfiles/mediumds.jkb","","0","iphash:8ac6695b","^0-=^3'/^7o^3!^0d^0=-^6","2","4818","23","1","range","10","1","0","1","0","1","66","179","100","99","100","80","100","100","flipkick_followup","",""
"2","duel_event","duel","152","1","bot:/botfiles/mediumds.jkb","","0","iphash:8ac6695b","^0-=^3'/^7o^3!^0d^0=-^6","2","4950","24","1","air","10","0","0","1","0","1","8","160","100","99","100","80","100","100","flipkick_followup","","landed"
"2","duel_event","duel","153","1","bot:/botfiles/mediumds.jkb","","0","iphash:8ac6695b","^0-=^3'/^7o^3!^0d^0=-^6","2","5577","25","1","air","10","1","0","1","0","1","8","-158","100","99","100","80","100","100","yellow_pressure","","airborne"
"2","duel_event","duel","154","1","bot:/botfiles/mediumds.jkb","","0","iphash:8ac6695b","^0-=^3'/^7o^3!^0d^0=-^6","2","5940","26","1","range","10","2","0","2","32","1","5","170","100","99","100","80","100","100","yellow_pressure","",""
"2","duel_event","duel","155","1","bot:/botfiles/mediumds.jkb","","0","iphash:8ac6695b","^0-=^3'/^7o^3!^0d^0=-^6","2","6072","27","2","attack_start","10","128","0","2","160","1","5","-166","100","99","100","80","100","100","yellow_pressure","mediocre","alt"
"2","duel_event","duel","156","1","bot:/botfiles/mediumds.jkb","","0","iphash:8ac6695b","^0-=^3'/^7o^3!^0d^0=-^6","2","6105","28","2","overcommit","8","20","2","2","128","1","8","177","100","99","80","80","100","100","yellow_pressure","mistake","overcommit"
"2","duel_event","duel","157","1","bot:/botfiles/mediumds.jkb","","0","iphash:8ac6695b","^0-=^3'/^7o^3!^0d^0=-^6","2","6105","29","2","force","8","20","2","2","128","1","8","177","100","99","80","80","100","100","yellow_pressure","bad",""
"2","duel_event","duel","158","1","bot:/botfiles/mediumds.jkb","","0","iphash:8ac6695b","^0-=^3'/^7o^3!^0d^0=-^6","2","6303","30","2","air","10","0","2","2","128","1","8","-70","100","99","80","80","100","100","red_pressure","","landed"
"2","duel_event","duel","159","1","bot:/botfiles/mediumds.jkb","","0","iphash:8ac6695b","^0-=^3'/^7o^3!^0d^0=-^6","2","6501","31","2","regen","10","2","0","2","32","1","109","-138","100","99","82","80","100","100","red_pressure","",""
"2","duel_event","duel","160","1","bot:/botfiles/mediumds.jkb","","0","iphash:8ac6695b","^0-=^3'/^7o^3!^0d^0=-^6","2","6534","32","2","regen","10","1","0","2","0","1","109","-144","100","99","83","80","100","100","red_pressure","",""
"2","duel_event","duel","161","1","bot:/botfiles/mediumds.jkb","","0","iphash:8ac6695b","^0-=^3'/^7o^3!^0d^0=-^6","2","6567","33","2","regen","10","1","0","2","0","1","109","-149","100","99","84","80","100","100","red_pressure","",""
"2","duel_event","duel","162","1","bot:/botfiles/mediumds.jkb","","0","iphash:8ac6695b","^0-=^3'/^7o^3!^0d^0=-^6","2","6600","34","2","regen","10","1","0","2","32","1","10","-154","100","99","85","80","100","100","red_pressure","",""
"2","duel_event","duel","163","1","bot:/botfiles/mediumds.jkb","","0","iphash:8ac6695b","^0-=^3'/^7o^3!^0d^0=-^6","2","6633","35","2","regen","10","2","0","2","32","1","10","-158","100","99","87","80","100","100","red_pressure","",""
"2","duel_event","duel","164","1","bot:/botfiles/mediumds.jkb","","0","iphash:8ac6695b","^0-=^3'/^7o^3!^0d^0=-^6","2","6666","36","2","regen","10","1","0","2","32","1","10","-161","100","99","88","80","100","100","red_pressure","",""
"2","duel_event","duel","165","1","bot:/botfiles/mediumds.jkb","","0","iphash:8ac6695b","^0-=^3'/^7o^3!^0d^0=-^6","2","6699","37","2","regen","10","1","0","2","0","1","10","-165","100","99","89","80","100","100","red_pressure","",""
"2","duel_event","duel","166","1","bot:/botfiles/mediumds.jkb","","0","iphash:8ac6695b","^0-=^3'/^7o^3!^0d^0=-^6","2","6732","38","2","regen","10","1","0","2","0","1","10","-168","100","99","90","80","100","100","red_pressure","",""
"2","duel_event","duel","167","1","bot:/botfiles/mediumds.jkb","","0","iphash:8ac6695b","^0-=^3'/^7o^3!^0d^0=-^6","2","6765","39","2","regen","10","1","0","2","0","1","10","-168","100","99","91","80","100","100","red_pressure","",""
"2","duel_event","duel","168","1","bot:/botfiles/mediumds.jkb","","0","iphash:8ac6695b","^0-=^3'/^7o^3!^0d^0=-^6","2","6798","40","2","regen","10","2","0","2","0","1","10","-162","100","99","93","80","100","100","red_pressure","",""
"2","duel_event","duel","169","1","bot:/botfiles/mediumds.jkb","","0","iphash:8ac6695b","^0-=^3'/^7o^3!^0d^0=-^6","2","6831","41","2","regen","10","1","0","2","0","1","10","-156","100","99","94","80","100","100","red_pressure","",""
"2","duel_event","duel","170","1","bot:/botfiles/mediumds.jkb","","0","iphash:8ac6695b","^0-=^3'/^7o^3!^0d^0=-^6","2","6864","42","2","regen","10","1","0","2","0","1","10","-156","100","99","95","80","100","100","red_pressure","",""
"2","duel_event","duel","171","1","bot:/botfiles/mediumds.jkb","","0","iphash:8ac6695b","^0-=^3'/^7o^3!^0d^0=-^6","2","6897","43","2","regen","10","1","0","2","0","1","76","-153","100","99","96","80","100","100","red_pressure","",""
"2","duel_event","duel","172","1","bot:/botfiles/mediumds.jkb","","0","iphash:8ac6695b","^0-=^3'/^7o^3!^0d^0=-^6","2","6930","44","2","regen","10","2","0","2","32","1","76","-154","100","99","98","80","100","100","red_pressure","",""
"2","duel_event","duel","173","1","bot:/botfiles/mediumds.jkb","","0","iphash:8ac6695b","^0-=^3'/^7o^3!^0d^0=-^6","2","6963","45","2","regen","10","1","0","2","32","1","76","-155","100","99","99","80","100","100","red_pressure","",""
"2","duel_event","duel","174","1","bot:/botfiles/mediumds.jkb","","0","iphash:8ac6695b","^0-=^3'/^7o^3!^0d^0=-^6","2","6996","46","2","regen","10","1","0","2","0","1","8","-155","100","99","100","80","100","100","red_pressure","",""
"2","duel_event","duel","175","1","bot:/botfiles/mediumds.jkb","","0","iphash:8ac6695b","^0-=^3'/^7o^3!^0d^0=-^6","2","7029","47","2","attack_start","10","128","0","2","128","1","8","-159","100","99","100","80","100","100","red_pressure","mediocre","alt"
"2","duel_event","duel","176","1","bot:/botfiles/mediumds.jkb","","0","iphash:8ac6695b","^0-=^3'/^7o^3!^0d^0=-^6","2","7029","48","2","force_to_saber","10","1","0","2","128","1","8","-159","100","99","100","80","100","100","red_pressure","","force_to_saber"
"2","duel_event","duel","177","1","bot:/botfiles/mediumds.jkb","","0","iphash:8ac6695b","^0-=^3'/^7o^3!^0d^0=-^6","2","7062","49","2","overcommit","1","40","2","2","640","1","8","-170","100","99","60","80","100","100","red_pressure","mistake","overcommit"
"2","duel_event","duel","178","1","bot:/botfiles/mediumds.jkb","","0","iphash:8ac6695b","^0-=^3'/^7o^3!^0d^0=-^6","2","7062","50","2","force","1","40","2","2","640","1","8","-170","100","99","60","80","100","100","pull_entry","bad",""
"2","duel_event","duel","179","1","bot:/botfiles/mediumds.jkb","","0","iphash:8ac6695b","^0-=^3'/^7o^3!^0d^0=-^6","2","7326","51","2","range","10","1","2","1","640","1","5","118","100","99","60","80","100","100","red_pressure","",""
"2","duel_event","duel","180","1","bot:/botfiles/mediumds.jkb","","0","iphash:8ac6695b","^0-=^3'/^7o^3!^0d^0=-^6","2","7359","52","2","punish_success","10","30","2","1","128","1","5","120","100","99","60","80","70","100","punish_window","best","punish"
"2","duel_event","duel","181","1","bot:/botfiles/mediumds.jkb","","0","iphash:8ac6695b","^0-=^3'/^7o^3!^0d^0=-^6","2","7491","53","2","air","10","1","2","1","128","1","5","-179","100","99","60","80","70","100","yellow_pressure","","airborne"
"2","duel_event","duel","182","1","bot:/botfiles/mediumds.jkb","","0","iphash:8ac6695b","^0-=^3'/^7o^3!^0d^0=-^6","2","7524","54","2","air","10","0","2","1","128","1","5","-159","100","99","60","80","70","100","red_pressure","","landed"
"2","duel_event","duel","183","1","bot:/botfiles/mediumds.jkb","","0","iphash:8ac6695b","^0-=^3'/^7o^3!^0d^0=-^6","2","7590","55","2","regen","10","2","2","1","0","1","8","-146","100","99","62","80","70","100","red_pressure","",""
"2","duel_event","duel","184","1","bot:/botfiles/mediumds.jkb","","0","iphash:8ac6695b","^0-=^3'/^7o^3!^0d^0=-^6","2","7623","56","2","regen","10","1","2","1","32","1","8","-145","100","99","63","80","70","100","red_pressure","",""
"2","duel_event","duel","185","1","bot:/botfiles/mediumds.jkb","","0","iphash:8ac6695b","^0-=^3'/^7o^3!^0d^0=-^6","2","7656","57","2","regen","10","1","2","1","0","1","8","-147","100","99","64","80","70","100","red_pressure","",""
"2","duel_event","duel","186","1","bot:/botfiles/mediumds.jkb","","0","iphash:8ac6695b","^0-=^3'/^7o^3!^0d^0=-^6","2","7689","58","2","regen","10","1","2","1","32","1","8","-149","100","99","65","80","70","100","red_pressure","",""
"2","duel_event","duel","187","1","bot:/botfiles/mediumds.jkb","","0","iphash:8ac6695b","^0-=^3'/^7o^3!^0d^0=-^6","2","7722","59","2","regen","10","2","2","1","0","1","8","156","100","99","67","80","70","100","red_pressure","",""
"2","duel_event","duel","188","1","bot:/botfiles/mediumds.jkb","","0","iphash:8ac6695b","^0-=^3'/^7o^3!^0d^0=-^6","2","7755","60","2","regen","10","1","2","1","8224","1","8","147","100","99","68","80","70","100","red_pressure","",""
"2","duel_event","duel","189","1","bot:/botfiles/mediumds.jkb","","0","iphash:8ac6695b","^0-=^3'/^7o^3!^0d^0=-^6","2","7788","61","2","regen","10","1","2","1","0","1","8","129","100","99","69","80","70","100","yellow_pressure","",""
"2","duel_event","duel","190","1","bot:/botfiles/mediumds.jkb","","0","iphash:8ac6695b","^0-=^3'/^7o^3!^0d^0=-^6","2","7788","62","2","air","10","1","2","1","0","1","8","129","100","99","69","80","70","100","yellow_pressure","","airborne"
"2","duel_event","duel","191","1","bot:/botfiles/mediumds.jkb","","0","iphash:8ac6695b","^0-=^3'/^7o^3!^0d^0=-^6","2","7821","63","2","regen","10","1","2","1","32","1","8","111","100","99","70","80","70","100","yellow_pressure","",""
"2","duel_event","duel","192","1","bot:/botfiles/mediumds.jkb","","0","iphash:8ac6695b","^0-=^3'/^7o^3!^0d^0=-^6","2","7854","64","2","regen","10","1","2","1","32","1","8","117","100","99","71","80","70","100","yellow_pressure","",""
"2","duel_event","duel","193","1","bot:/botfiles/mediumds.jkb","","0","iphash:8ac6695b","^0-=^3'/^7o^3!^0d^0=-^6","2","7887","65","2","regen","10","2","2","1","32","1","5","123","100","99","73","80","70","100","yellow_pressure","",""
"2","duel_event","duel","194","1","bot:/botfiles/mediumds.jkb","","0","iphash:8ac6695b","^0-=^3'/^7o^3!^0d^0=-^6","2","7920","66","2","regen","10","1","2","2","32","1","5","129","100","99","74","80","70","100","yellow_pressure","",""
"2","duel_event","duel","195","1","bot:/botfiles/mediumds.jkb","","0","iphash:8ac6695b","^0-=^3'/^7o^3!^0d^0=-^6","2","7920","67","2","range","10","2","2","2","32","1","5","129","100","99","74","80","70","100","yellow_pressure","",""
"2","duel_event","duel","196","1","bot:/botfiles/mediumds.jkb","","0","iphash:8ac6695b","^0-=^3'/^7o^3!^0d^0=-^6","2","7953","68","2","regen","10","1","2","2","32","1","5","138","100","99","75","80","70","100","yellow_pressure","",""
"2","duel_event","duel","197","1","bot:/botfiles/mediumds.jkb","","0","iphash:8ac6695b","^0-=^3'/^7o^3!^0d^0=-^6","2","7986","69","2","attack_start","10","128","2","2","160","1","5","146","100","99","76","80","70","100","yellow_pressure","mediocre","alt"
"2","duel_event","duel","198","1","bot:/botfiles/mediumds.jkb","","0","iphash:8ac6695b","^0-=^3'/^7o^3!^0d^0=-^6","2","7986","70","2","force_to_saber","10","1","2","2","160","1","5","146","100","99","76","80","70","100","yellow_pressure","","force_to_saber"
"2","duel_event","duel","199","1","bot:/botfiles/mediumds.jkb","","0","iphash:8ac6695b","^0-=^3'/^7o^3!^0d^0=-^6","2","7986","71","2","regen","10","1","2","2","160","1","5","146","100","99","76","80","70","100","yellow_pressure","",""
"2","duel_event","duel","200","1","bot:/botfiles/mediumds.jkb","","0","iphash:8ac6695b","^0-=^3'/^7o^3!^0d^0=-^6","2","8019","72","2","overcommit","1","20","2","2","128","1","5","155","100","99","56","80","70","100","yellow_pressure","mistake","overcommit"
"2","duel_event","duel","201","1","bot:/botfiles/mediumds.jkb","","0","iphash:8ac6695b","^0-=^3'/^7o^3!^0d^0=-^6","2","8019","73","2","force","1","20","2","2","128","1","5","155","100","99","56","80","70","100","pull_entry","bad",""
"2","duel_event","duel","202","1","bot:/botfiles/mediumds.jkb","","0","iphash:8ac6695b","^0-=^3'/^7o^3!^0d^0=-^6","2","8481","74","2","regen","10","2","2","2","160","1","8","-102","100","99","58","80","70","100","yellow_pressure","",""
"2","duel_event","duel","203","1","bot:/botfiles/mediumds.jkb","","0","iphash:8ac6695b","^0-=^3'/^7o^3!^0d^0=-^6","2","8514","75","2","regen","10","1","2","2","128","1","8","-89","100","99","59","80","70","100","yellow_pressure","",""
"2","duel_event","duel","204","1","bot:/botfiles/mediumds.jkb","","0","iphash:8ac6695b","^0-=^3'/^7o^3!^0d^0=-^6","2","8547","76","2","regen","10","1","2","2","128","1","110","-79","100","99","60","80","70","100","yellow_pressure","",""
"2","duel_event","duel","205","1","bot:/botfiles/mediumds.jkb","","0","iphash:8ac6695b","^0-=^3'/^7o^3!^0d^0=-^6","2","8580","77","2","regen","10","1","2","2","128","1","110","-69","100","99","61","80","70","100","yellow_pressure","",""
"2","duel_event","duel","206","1","bot:/botfiles/mediumds.jkb","","0","iphash:8ac6695b","^0-=^3'/^7o^3!^0d^0=-^6","2","8613","78","2","regen","10","2","2","2","128","1","110","-62","100","99","63","80","70","100","red_pressure","",""
"2","duel_event","duel","207","1","bot:/botfiles/mediumds.jkb","","0","iphash:8ac6695b","^0-=^3'/^7o^3!^0d^0=-^6","2","8613","79","2","air","10","0","2","2","128","1","110","-62","100","99","63","80","70","100","red_pressure","","landed"
"2","duel_event","duel","208","1","bot:/botfiles/mediumds.jkb","","0","iphash:8ac6695b","^0-=^3'/^7o^3!^0d^0=-^6","2","8646","80","2","regen","10","1","2","2","160","1","4","-57","100","99","64","80","70","100","red_pressure","",""
"2","duel_event","duel","209","1","bot:/botfiles/mediumds.jkb","","0","iphash:8ac6695b","^0-=^3'/^7o^3!^0d^0=-^6","2","8679","81","2","regen","10","1","2","2","128","1","4","-54","100","99","65","80","70","100","red_pressure","",""
"2","duel_event","duel","210","1","bot:/botfiles/mediumds.jkb","","0","iphash:8ac6695b","^0-=^3'/^7o^3!^0d^0=-^6","2","8712","82","2","regen","10","1","2","2","128","1","4","-54","100","99","66","80","70","100","red_pressure","",""
"2","duel_event","duel","211","1","bot:/botfiles/mediumds.jkb","","0","iphash:8ac6695b","^0-=^3'/^7o^3!^0d^0=-^6","2","8745","83","2","regen","10","1","2","2","160","1","4","-58","100","99","67","80","70","100","red_pressure","",""
"2","duel_event","duel","212","1","bot:/botfiles/mediumds.jkb","","0","iphash:8ac6695b","^0-=^3'/^7o^3!^0d^0=-^6","2","8778","84","2","regen","10","2","2","2","128","1","4","-65","100","99","69","80","70","100","red_pressure","",""
"2","duel_event","duel","213","1","bot:/botfiles/mediumds.jkb","","0","iphash:8ac6695b","^0-=^3'/^7o^3!^0d^0=-^6","2","8811","85","2","overcommit","1","20","2","2","0","1","4","-64","100","99","49","80","70","100","red_pressure","mistake","overcommit"
"2","duel_event","duel","214","1","bot:/botfiles/mediumds.jkb","","0","iphash:8ac6695b","^0-=^3'/^7o^3!^0d^0=-^6","2","8811","86","2","force","1","20","2","2","0","1","4","-64","100","99","49","80","70","100","pull_entry","bad",""
"2","duel_event","duel","215","1","bot:/botfiles/mediumds.jkb","","0","iphash:8ac6695b","^0-=^3'/^7o^3!^0d^0=-^6","2","9207","87","2","attack_start","10","1","2","2","1","1","8","-138","100","99","49","80","70","100","red_pressure","mediocre","attack"
"2","duel_event","duel","216","1","bot:/botfiles/mediumds.jkb","","0","iphash:8ac6695b","^0-=^3'/^7o^3!^0d^0=-^6","2","9207","88","2","force_to_saber","10","1","2","2","1","1","8","-138","100","99","49","80","70","100","red_pressure","","force_to_saber"
"2","duel_event","duel","217","1","bot:/botfiles/mediumds.jkb","","0","iphash:8ac6695b","^0-=^3'/^7o^3!^0d^0=-^6","2","9735","89","2","regen","10","2","2","2","32","1","4","-179","100","99","51","80","70","100","red_pressure","",""
"2","duel_event","duel","218","1","bot:/botfiles/mediumds.jkb","","0","iphash:8ac6695b","^0-=^3'/^7o^3!^0d^0=-^6","2","9768","90","2","attack_start","10","128","2","2","160","1","4","-179","100","99","52","80","70","100","red_pressure","mediocre","alt"
"2","duel_event","duel","219","1","bot:/botfiles/mediumds.jkb","","0","iphash:8ac6695b","^0-=^3'/^7o^3!^0d^0=-^6","2","9768","91","2","force_to_saber","10","1","2","2","160","1","4","-179","100","99","52","80","70","100","red_pressure","","force_to_saber"
"2","duel_event","duel","220","1","bot:/botfiles/mediumds.jkb","","0","iphash:8ac6695b","^0-=^3'/^7o^3!^0d^0=-^6","2","9768","92","2","regen","10","1","2","2","160","1","4","-179","100","99","52","80","70","100","red_pressure","",""
"2","duel_event","duel","221","1","bot:/botfiles/mediumds.jkb","","0","iphash:8ac6695b","^0-=^3'/^7o^3!^0d^0=-^6","2","9801","93","2","regen","10","1","2","2","128","1","76","-177","100","99","53","80","70","100","red_pressure","",""
"2","duel_event","duel","222","1","bot:/botfiles/mediumds.jkb","","0","iphash:8ac6695b","^0-=^3'/^7o^3!^0d^0=-^6","2","9834","94","2","regen","10","1","2","2","128","1","76","-176","100","99","54","80","70","100","red_pressure","",""
"2","duel_event","duel","223","1","bot:/botfiles/mediumds.jkb","","0","iphash:8ac6695b","^0-=^3'/^7o^3!^0d^0=-^6","2","9867","95","2","regen","10","2","2","2","160","1","76","-176","100","99","56","80","70","100","red_pressure","",""
"2","duel_event","duel","224","1","bot:/botfiles/mediumds.jkb","","0","iphash:8ac6695b","^0-=^3'/^7o^3!^0d^0=-^6","2","9900","96","2","regen","10","1","2","2","1","1","8","-176","100","99","57","80","70","100","red_pressure","",""
"2","duel_event","duel","225","1","bot:/botfiles/mediumds.jkb","","0","iphash:8ac6695b","^0-=^3'/^7o^3!^0d^0=-^6","2","9933","97","2","regen","10","1","2","2","32","65","8","170","100","99","58","80","70","100","red_pressure","",""
"2","duel_event","duel","226","1","bot:/botfiles/mediumds.jkb","","0","iphash:8ac6695b","^0-=^3'/^7o^3!^0d^0=-^6","2","9966","98","2","regen","10","1","2","2","32","65","8","154","100","99","59","80","70","100","red_pressure","",""
"2","duel_event","duel","227","1","bot:/botfiles/mediumds.jkb","","0","iphash:8ac6695b","^0-=^3'/^7o^3!^0d^0=-^6","2","9999","99","2","regen","10","1","2","2","0","65","8","150","100","99","60","80","70","100","red_pressure","",""
"2","duel_event","duel","228","1","bot:/botfiles/mediumds.jkb","","0","iphash:8ac6695b","^0-=^3'/^7o^3!^0d^0=-^6","2","10032","100","2","regen","10","2","2","2","0","65","8","146","100","99","62","80","70","100","red_pressure","",""
"2","duel_event","duel","229","1","bot:/botfiles/mediumds.jkb","","0","iphash:8ac6695b","^0-=^3'/^7o^3!^0d^0=-^6","2","10065","101","2","regen","10","1","2","2","0","65","8","146","100","99","63","80","70","100","red_pressure","",""
"2","duel_event","duel","230","1","bot:/botfiles/mediumds.jkb","","0","iphash:8ac6695b","^0-=^3'/^7o^3!^0d^0=-^6","2","10098","102","2","regen","10","1","2","2","32","65","8","140","100","99","64","80","70","100","red_pressure","",""
"2","duel_event","duel","231","1","bot:/botfiles/mediumds.jkb","","0","iphash:8ac6695b","^0-=^3'/^7o^3!^0d^0=-^6","2","10131","103","2","regen","10","1","2","2","32","65","8","132","100","99","65","80","70","100","red_pressure","",""
"2","duel_event","duel","232","1","bot:/botfiles/mediumds.jkb","","0","iphash:8ac6695b","^0-=^3'/^7o^3!^0d^0=-^6","2","10164","104","2","regen","10","2","2","2","0","7","8","124","100","99","67","80","70","100","red_pressure","",""
"2","duel_event","duel","233","1","bot:/botfiles/mediumds.jkb","","0","iphash:8ac6695b","^0-=^3'/^7o^3!^0d^0=-^6","2","10197","105","2","regen","10","1","2","2","32","7","5","120","100","99","68","80","70","100","red_pressure","",""
"2","duel_event","duel","234","1","bot:/botfiles/mediumds.jkb","","0","iphash:8ac6695b","^0-=^3'/^7o^3!^0d^0=-^6","2","10230","106","2","regen","10","1","2","2","0","7","5","120","100","99","69","80","70","100","red_pressure","",""
"2","duel_event","duel","235","1","bot:/botfiles/mediumds.jkb","","0","iphash:8ac6695b","^0-=^3'/^7o^3!^0d^0=-^6","2","10263","107","2","regen","10","1","2","2","0","7","5","123","100","99","70","80","70","100","red_pressure","",""
"2","duel_event","duel","236","1","bot:/botfiles/mediumds.jkb","","0","iphash:8ac6695b","^0-=^3'/^7o^3!^0d^0=-^6","2","10296","108","2","regen","10","1","2","2","32","7","5","130","100","99","71","80","70","100","red_pressure","",""
"2","duel_event","duel","237","1","bot:/botfiles/mediumds.jkb","","0","iphash:8ac6695b","^0-=^3'/^7o^3!^0d^0=-^6","2","10329","109","2","regen","10","2","2","2","32","7","5","136","100","99","73","80","70","100","red_pressure","",""
"2","duel_event","duel","238","1","bot:/botfiles/mediumds.jkb","","0","iphash:8ac6695b","^0-=^3'/^7o^3!^0d^0=-^6","2","10362","110","2","regen","10","1","2","2","32","7","5","168","100","99","74","80","70","100","red_pressure","",""
"2","duel_event","duel","239","1","bot:/botfiles/mediumds.jkb","","0","iphash:8ac6695b","^0-=^3'/^7o^3!^0d^0=-^6","2","10395","111","2","regen","10","1","2","2","0","7","5","-167","100","99","75","80","70","100","red_pressure","",""
"2","duel_event","duel","240","1","bot:/botfiles/mediumds.jkb","","0","iphash:8ac6695b","^0-=^3'/^7o^3!^0d^0=-^6","2","10428","112","2","regen","10","1","2","2","0","72","5","-150","100","99","76","80","70","100","red_pressure","",""
"2","duel_event","duel","241","1","bot:/botfiles/mediumds.jkb","","0","iphash:8ac6695b","^0-=^3'/^7o^3!^0d^0=-^6","2","10461","113","2","regen","10","2","2","2","0","72","5","-134","100","99","78","80","70","100","red_pressure","",""
"2","duel_event","duel","242","1","bot:/botfiles/mediumds.jkb","","0","iphash:8ac6695b","^0-=^3'/^7o^3!^0d^0=-^6","2","10494","114","2","regen","10","1","2","2","0","72","8","-120","100","99","79","80","70","100","red_pressure","",""
"2","duel_event","duel","243","1","bot:/botfiles/mediumds.jkb","","0","iphash:8ac6695b","^0-=^3'/^7o^3!^0d^0=-^6","2","10527","115","2","regen","10","1","2","2","32","72","8","-114","100","99","80","80","70","100","red_pressure","",""
"2","duel_event","duel","244","1","bot:/botfiles/mediumds.jkb","","0","iphash:8ac6695b","^0-=^3'/^7o^3!^0d^0=-^6","2","10560","116","2","regen","10","1","0","1","32","72","8","-115","100","99","81","80","70","100","red_pressure","",""
"2","duel_event","duel","245","1","bot:/botfiles/mediumds.jkb","","0","iphash:8ac6695b","^0-=^3'/^7o^3!^0d^0=-^6","2","10560","117","2","range","10","1","0","1","32","72","8","-115","100","99","81","80","70","100","red_pressure","",""
"2","duel_event","duel","246","1","bot:/botfiles/mediumds.jkb","","0","iphash:8ac6695b","^0-=^3'/^7o^3!^0d^0=-^6","2","10593","118","2","regen","10","1","0","1","0","72","8","-119","100","99","82","80","70","100","yellow_pressure","",""
"2","duel_event","duel","247","1","bot:/botfiles/mediumds.jkb","","0","iphash:8ac6695b","^0-=^3'/^7o^3!^0d^0=-^6","2","10593","119","2","air","10","1","0","1","0","72","8","-119","100","99","82","80","70","100","yellow_pressure","","airborne"
"2","duel_event","duel","248","1","bot:/botfiles/mediumds.jkb","","0","iphash:8ac6695b","^0-=^3'/^7o^3!^0d^0=-^6","2","10626","120","2","regen","10","2","0","1","8192","72","8","-124","100","99","84","80","70","100","red_pressure","",""
"2","duel_event","duel","249","1","bot:/botfiles/mediumds.jkb","","0","iphash:8ac6695b","^0-=^3'/^7o^3!^0d^0=-^6","2","10626","121","2","air","10","0","0","1","8192","72","8","-124","100","99","84","80","70","100","red_pressure","","landed"
"2","duel_event","duel","250","1","bot:/botfiles/mediumds.jkb","","0","iphash:8ac6695b","^0-=^3'/^7o^3!^0d^0=-^6","2","10659","122","2","regen","10","1","0","1","32","72","8","-150","100","99","85","80","70","100","yellow_pressure","",""
"2","duel_event","duel","251","1","bot:/botfiles/mediumds.jkb","","0","iphash:8ac6695b","^0-=^3'/^7o^3!^0d^0=-^6","2","10659","123","2","air","10","1","0","1","32","72","8","-150","100","99","85","80","70","100","yellow_pressure","","airborne"
"2","duel_event","duel","252","1","bot:/botfiles/mediumds.jkb","","0","iphash:8ac6695b","^0-=^3'/^7o^3!^0d^0=-^6","2","10692","124","2","regen","10","1","0","1","0","72","8","-166","100","69","86","80","70","100","yellow_pressure","",""
"2","duel_event","duel","253","1","bot:/botfiles/mediumds.jkb","","0","iphash:8ac6695b","^0-=^3'/^7o^3!^0d^0=-^6","2","10692","125","2","damage","10","30","0","1","0","72","8","-166","100","69","86","80","70","100","yellow_pressure","mediocre",""
"2","duel_event","duel","254","1","bot:/botfiles/mediumds.jkb","","0","iphash:8ac6695b","^0-=^3'/^7o^3!^0d^0=-^6","2","10725","126","2","regen","10","1","0","1","0","72","8","175","100","69","87","80","70","100","yellow_pressure","",""
"2","duel_event","duel","255","1","bot:/botfiles/mediumds.jkb","","0","iphash:8ac6695b","^0-=^3'/^7o^3!^0d^0=-^6","2","10758","127","2","regen","10","2","0","1","32","72","8","167","100","69","89","80","70","100","yellow_pressure","",""
"2","duel_event","duel","256","1","bot:/botfiles/mediumds.jkb","","0","iphash:8ac6695b","^0-=^3'/^7o^3!^0d^0=-^6","2","10791","128","2","force","2","5","0","1","0","72","0","158","100","69","84","60","70","100","grip_pressure","mediocre",""
