"export_format_version","record_type","source_context","participant_key","participant_kind","side","matchup","duels","wins","losses","total_force_spent","total_force_regen","low_force_deaths","grip_cripples","saber_throw_punishes","force_push","force_pull","force_grip","force_drain","force_rage","force_absorb","force_protect","force_heal","force_speed","force_seeing","force_unknown"
"2","duel_aggregate","duel","iphash:f51458ac","2","2","3","34","22","12","23346","22098","11","41","53","0","0","0","0","0","0","0","0","0","23346","0"
"2","duel_aggregate","duel","bot:/botfiles/mediumds.jkb","0","2","3","72","24","48","41259","37713","38","88","242","4431","16492","4438","14570","100","0","0","0","1152","74","2"
"2","duel_aggregate","duel","bot:/botfiles/easyds2.jkb","0","2","3","17","0","17","8703","8498","8","49","13","1571","3290","713","2801","0","0","0","0","328","0","0"
"2","duel_aggregate","duel","bot:/botfiles/hardds4.jkb","0","2","3","35","11","24","28632","27022","21","44","133","2874","10722","2800","11542","0","0","0","0","588","0","106"
"2","duel_aggregate","duel","iphash:cb041f6d","2","2","3","69","42","27","38916","36040","22","73","150","0","0","0","0","0","0","0","0","0","38916","0"
"2","duel_aggregate","duel","iphash:d16d474d","2","2","3","1","1","0","416","325","0","0","1","0","0","0","0","0","0","0","0","0","416","0"
"2","duel_aggregate","duel","user:void","1","2","3","237","135","102","124284","111788","77","345","555","0","0","0","0","0","0","0","0","0","124284","0"
"2","duel_aggregate","duel","iphash:eea7995d","2","1","2","3","1","2","2340","2340","2","3","8","0","2273","0","0","0","0","0","0","0","67","0"
"2","duel_aggregate","duel","bot:/botfiles/hardds4.jkb","0","2","2","4","3","1","525","311","0","0","0","0","187","128","110","0","0","0","0","75","0","25"
"2","duel_aggregate","duel","bot:/botfiles/hardds2.jkb","0","2","2","1","1","0","2064","1975","0","0","7","126","836","277","685","0","0","0","0","140","0","0"
"2","duel_aggregate","duel","iphash:4cdd29ac","2","2","3","15","8","7","7322","6707","4","18","47","0","0","0","0","0","0","0","0","0","7322","0"
"2","duel_aggregate","duel","bot:/botfiles/hardds.jkb","0","2","3","36","14","22","24768","23076","19","15","141","2580","9493","3383","8679","0","0","0","0","481","45","107"
"2","duel_aggregate","duel","iphash:4cdd29ac","2","2","2","4","4","0","712","712","0","0","0","0","0","0","0","0","0","0","0","0","712","0"
"2","duel_aggregate","duel","iphash:72feb6d1","2","1","2","11","0","11","611","611","0","12","15","0","0","0","0","0","0","0","0","0","611","0"
"2","duel_aggregate","duel","bot:/botfiles/hardds.jkb","0","2","2","1","1","0","154","59","0","0","0","0","49","105","0","0","0","0","0","0","0","0"
"2","duel_aggregate","duel","bot:/botfiles/hardds2.jkb","0","2","3","27","6","21","11151","9977","14","13","79","990","4085","1230","4720","0","0","0","0","126","0","0"
"2","duel_aggregate","duel","bot:/botfiles/easyds2.jkb","0","2","2","4","4","0","1565","1411","0","0","1","145","592","602","35","0","0","0","0","191","0","0"
"2","duel_aggregate","duel","user:goon","1","2","3","55","24","31","43787","41824","28","42","314","0","0","0","0","0","0","0","0","0","43787","0"
"2","duel_aggregate","duel","user:sugarkane","1","2","3","48","23","25","21717","19595","16","39","99","0","0","0","0","0","0","0","0","0","21717","0"
"2","duel_aggregate","duel","iphash:5880f9c7","2","2","3","8","5","3","5947","5475","2","13","24","0","0","0","0","0","0","0","0","0","5947","0"
"2","duel_aggregate","duel","iphash:0cf8da7a","2","2","3","1","0","1","179","179","1","1","6","0","0","0","0","0","0","0","0","0","179","0"
"2","duel_aggregate","duel","iphash:a625b7c7","2","2","3","2","1","1","3302","3156","1","0","4","0","0","0","0","0","0","0","0","0","3302","0"
"2","duel_aggregate","duel","user:jundon","1","2","3","14","13","1","7530","6486","1","25","32","0","0","0","0","0","0","0","0","0","7530","0"
"2","duel_aggregate","duel","iphash:052707fc","2","2","3","15","11","4","9121","8298","3","10","42","0","0","0","0","0","0","0","0","0","9121","0"
"2","duel_aggregate","duel","iphash:2b03bc65","2","2","3","43","15","28","29562","27546","22","133","135","0","0","0","0","0","0","0","0","0","29562","0"
"2","duel_aggregate","duel","iphash:6d27bf9b","2","1","2","3","3","0","444","238","0","0","4","0","0","0","0","0","0","0","0","0","444","0"
"2","duel_aggregate","duel","user:sugarkane","1","2","2","1","0","1","206","206","0","0","0","0","0","0","0","0","0","0","0","0","206","0"
"2","duel_aggregate","duel","iphash:2b03bc65","2","2","2","2","0","2","258","198","0","0","0","0","0","0","0","0","0","0","0","0","258","0"
"2","duel_aggregate","duel","iphash:8fac4823","2","2","3","27","2","25","11682","11023","19","125","89","0","0","0","0","0","0","0","0","0","11682","0"
"2","duel_aggregate","duel","iphash:c526d4d6","2","2","3","2","1","1","1971","1902","1","7","5","0","0","0","0","0","0","0","0","0","1971","0"
"2","duel_aggregate","duel","bot:/botfiles/mediumds.jkb","0","2","2","1","1","0","591","561","0","0","4","44","233","0","150","0","0","0","0","160","0","4"
"2","duel_aggregate","duel","iphash:d4cfd1d8","2","1","2","1","0","1","480","474","1","0","1","0","0","0","0","0","0","0","0","0","480","0"
"2","duel_aggregate","duel","iphash:1bdcbdb6","2","2","3","181","83","98","79957","68273","88","258","336","0","0","0","0","0","0","0","0","0","79957","0"
"2","duel_aggregate","duel","bot:/botfiles/stormpilot.jkb","0","2","3","5","0","5","667","563","1","10","6","122","304","57","160","0","0","0","0","0","24","0"
"2","duel_aggregate","duel","bot:/botfiles/mediumds3.jkb","0","2","3","8","1","7","4512","4409","4","4","25","391","2132","439","1503","0","0","0","0","0","25","22"
"2","duel_aggregate","duel","iphash:0abdb541","2","2","3","176","124","52","66016","53789","50","47","541","9463","10971","32291","0","0","0","0","0","13291","0","0"
"2","duel_aggregate","duel","iphash:9487be27","2","2","3","1","1","0","0","0","0","0","0","0","0","0","0","0","0","0","0","0","0","0"
"2","duel_aggregate","duel","bot:/botfiles/easyds.jkb","0","2","3","1","0","1","0","0","0","0","0","0","0","0","0","0","0","0","0","0","0","0"
"2","duel_aggregate","duel","bot:/botfiles/mediumds2.jkb","0","2","3","6","1","5","2563","2226","5","4","22","196","1281","234","777","50","0","0","0","25","0","0"
