"export_format_version","record_type","source_context","record_id","parent_id","participant_key","opponent_key","rel_time","event_index","self_x","self_y","self_z","enemy_x","enemy_y","enemy_z","self_vx","self_vy","self_vz","enemy_vx","enemy_vy","enemy_vz","self_yaw","enemy_yaw"
"2","duel_geometry","duel","1","1","iphash:8ac6695b","bot:/botfiles/mediumds.jkb","2772","1","-1530.73962402344","-550.920593261719","205.631469726563","-1618.14233398438","-493.279571533203","286.510467529297","0.0","0.0","0.0","-108.0","208.0","-8.0","89.736328125","-43.1378173828125"
"2","duel_geometry","duel","2","1","iphash:8ac6695b","bot:/botfiles/mediumds.jkb","3564","2","-1530.73962402344","-550.920593261719","205.631469726563","-1589.19995117188","-444.232727050781","203.97673034668","0.0","0.0","0.0","205.0","-144.0","9.0","169.683837890625","-38.69384765625"
"2","duel_geometry","duel","3","1","iphash:8ac6695b","bot:/botfiles/mediumds.jkb","3894","3","-1530.73962402344","-550.920593261719","205.631469726563","-1559.96118164063","-510.361145019531","234.251068115234","188.571304321289","-225.871109008789","200.0","-91.0","109.0","359.0","172.326049804688","-50.1470947265625"
"2","duel_geometry","duel","4","1","iphash:8ac6695b","bot:/botfiles/mediumds.jkb","3927","4","-1524.13195800781","-558.828369140625","212.134262084961","-1562.79321289063","-506.97607421875","245.662475585937","189.0","-226.0","172.0","-86.0","103.0","333.0","172.326049804688","-51.1138916015625"
"2","duel_geometry","duel","5","1","iphash:8ac6695b","bot:/botfiles/mediumds.jkb","4092","5","-1491.85998535156","-576.013488769531","215.978759765625","-1574.52014160156","-493.250610351562","289.849487304688","193.0","-5.0","-101.0","-61.0","69.0","203.0","172.326049804688","-54.3988037109375"
"2","duel_geometry","duel","6","1","iphash:8ac6695b","bot:/botfiles/mediumds.jkb","4158","6","-1479.55407714844","-575.11572265625","211.213577270508","-1578.06689453125","-489.372222900391","301.518280029297","163.0","44.0","21.0","-51.0","55.0","151.0","171.002197265625","-54.810791015625"
"2","duel_geometry","duel","7","1","iphash:8ac6695b","bot:/botfiles/mediumds.jkb","4620","7","-1440.26916503906","-497.848205566406","217.392272949219","-1583.82409667969","-486.954498291016","287.103881835937","-10.0","-79.0","-3.0","24.0","-34.0","-213.0","167.706298828125","-40.4736328125"
"2","duel_geometry","duel","8","1","iphash:8ac6695b","bot:/botfiles/mediumds.jkb","4818","8","-1461.89697265625","-515.922241210938","214.952331542969","-1582.68627929688","-491.780792236328","229.446258544922","-220.0","9.0","-26.0","-5.0","-14.0","-369.0","149.880981445313","-29.1741943359375"
"2","duel_geometry","duel","9","1","iphash:8ac6695b","bot:/botfiles/mediumds.jkb","4884","9","-1477.75512695313","-512.723022460937","213.114181518555","-1583.62927246094","-492.595703125","203.363067626953","-245.0","62.0","-28.0","-16.0","-8.0","-421.0","155.159912109375","-25.8123779296875"
"2","duel_geometry","duel","10","1","iphash:8ac6695b","bot:/botfiles/mediumds.jkb","5214","10","-1549.55029296875","-504.610321044922","204.631011962891","-1627.17443847656","-481.398315429688","197.517272949219","-211.0","50.0","-24.0","-182.0","76.0","-12.0","-116.3671875","-13.798828125"
"2","duel_geometry","duel","11","1","iphash:8ac6695b","bot:/botfiles/mediumds.jkb","5511","11","-1610.36267089844","-511.110076904297","197.107086181641","-1655.49194335938","-475.6279296875","195.259780883789","-171.0","-147.0","-24.0","141.0","-30.0","11.0","151.166381835937","-11.898193359375"
"2","duel_geometry","duel","12","1","iphash:8ac6695b","bot:/botfiles/mediumds.jkb","5808","12","-1672.62377929688","-519.2265625","190.392547607422","-1601.85327148438","-488.103790283203","252.224380493164","-200.0","111.0","-11.0","211.0","-55.0","75.0","-140.767822265625","-31.7724609375"
"2","duel_geometry","duel","13","1","iphash:8ac6695b","bot:/botfiles/mediumds.jkb","5907","13","-1690.12536621094","-503.290100097656","189.942779541016","-1579.69653320313","-494.585998535156","255.768569946289","-137.0","174.0","0.0","230.0","-71.0","-3.0","157.802124023438","-47.1588134765625"
"2","duel_geometry","duel","14","1","iphash:8ac6695b","bot:/botfiles/mediumds.jkb","6105","14","-1715.31115722656","-469.650726318359","190.113830566406","-1531.74462890625","-513.806030273438","239.690979003906","-204.0","97.0","-12.0","247.0","-117.0","-159.0","103.617553710938","-86.2646484375"
"2","duel_geometry","duel","15","1","iphash:8ac6695b","bot:/botfiles/mediumds.jkb","6600","15","-1711.04650878906","-540.020202636719","185.141845703125","-1466.61938476563","-579.683227539063","212.663497924805","183.0","-125.0","8.0","95.0","87.0","14.0","-17.149658203125","-175.4296875"
"2","duel_geometry","duel","16","1","iphash:8ac6695b","bot:/botfiles/mediumds.jkb","6996","16","-1637.42687988281","-516.328002929687","193.913528442383","-1399.60803222656","-566.278625488281","218.940292358398","230.0","136.0","32.0","191.0","-65.0","13.0","-43.5552978515625","159.647827148438"
"2","duel_geometry","duel","17","1","iphash:8ac6695b","bot:/botfiles/mediumds.jkb","7293","17","-1545.01574707031","-536.082092285156","204.330520629883","-1416.95300292969","-534.935607910156","218.399612426758","191.0","-114.0","20.0","-222.0","121.0","-14.0","41.6162109375","161.119995117188"
"2","duel_geometry","duel","18","1","iphash:8ac6695b","bot:/botfiles/mediumds.jkb","7326","18","-1538.9609375","-540.036437988281","204.963180541992","-1424.41259765625","-531.225280761719","217.919723510742","181.0","-122.0","19.0","-226.0","112.0","-15.0","42.275390625","162.39990234375"
"2","duel_geometry","duel","19","1","iphash:8ac6695b","bot:/botfiles/mediumds.jkb","7359","19","-1532.99719238281","-544.360168457031","205.575454711914","-1431.98571777344","-527.791809082031","217.424118041992","174.0","-129.0","18.0","-229.0","104.0","-15.0","42.275390625","163.729248046875"
"2","duel_geometry","duel","20","1","iphash:8ac6695b","bot:/botfiles/mediumds.jkb","7590","20","-1486.60510253906","-562.533386230469","210.729721069336","-1487.24658203125","-509.987731933594","212.137985229492","220.0","58.0","28.0","-246.0","54.0","-28.0","-39.6002197265625","176.830444335938"
"2","duel_geometry","duel","21","1","iphash:8ac6695b","bot:/botfiles/mediumds.jkb","7887","21","-1436.1015625","-518.286193847656","217.279235839844","-1566.0869140625","-507.711364746094","248.429779052734","199.0","124.0","18.0","-290.0","-16.0","179.0","92.537841796875","-137.554321289063"
"2","duel_geometry","duel","22","1","iphash:8ac6695b","bot:/botfiles/mediumds.jkb","7887","22","-1436.1015625","-518.286193847656","217.279235839844","-1566.0869140625","-507.711364746094","248.429779052734","199.0","124.0","18.0","-290.0","-16.0","179.0","92.537841796875","-137.554321289063"
"2","duel_geometry","duel","23","1","iphash:8ac6695b","bot:/botfiles/mediumds.jkb","8217","23","-1403.23486328125","-475.810302734375","221.099914550781","-1666.79052734375","-526.306701660156","264.533752441406","-96.0","185.0","4.0","-304.0","-92.0","-81.0","35.7330322265625","-65.885009765625"
"2","duel_geometry","duel","24","1","iphash:8ac6695b","bot:/botfiles/mediumds.jkb","8646","24","-1390.89672851563","-393.264343261719","231.418563842773","-1703.61584472656","-517.084350585938","187.504867553711","197.0","136.0","44.0","58.0","-87.0","-1.0","55.6402587890625","1.505126953125"
"2","duel_geometry","duel","25","1","iphash:8ac6695b","bot:/botfiles/mediumds.jkb","9042","25","-1365.08752441406","-339.054656982422","240.930679321289","-1631.28161621094","-538.491760253906","193.778533935547","-167.0","16.0","-24.0","163.0","179.0","24.0","154.05029296875","28.85009765625"
"2","duel_geometry","duel","26","1","iphash:8ac6695b","bot:/botfiles/mediumds.jkb","9471","26","-1454.33178710938","-352.635070800781","226.240509033203","-1630.92797851563","-509.646697998047","195.000259399414","-213.0","113.0","-19.0","-111.0","-109.0","-19.0","-139.257202148438","38.84765625"
"2","duel_geometry","duel","27","1","iphash:8ac6695b","bot:/botfiles/mediumds.jkb","9900","27","-1485.49597167969","-408.329559326172","216.689956665039","-1647.18017578125","-549.745849609375","191.569580078125","-83.0","-254.0","-31.0","111.0","-43.0","12.0","-143.2177734375","40.2978515625"
"2","duel_geometry","duel","28","1","iphash:8ac6695b","bot:/botfiles/mediumds.jkb","10197","28","-1529.25146484375","-448.015319824219","209.400512695312","-1660.62927246094","-581.663757324219","189.133972167969","-206.0","-49.0","-23.0","-86.0","-108.0","-13.0","-79.1729736328125","41.715087890625"
"2","duel_geometry","duel","29","1","iphash:8ac6695b","bot:/botfiles/mediumds.jkb","10494","29","-1583.68664550781","-480.622619628906","201.720748901367","-1674.91027832031","-596.185791015625","186.248596191406","-101.0","-192.0","-24.0","98.0","94.0","23.0","165.25634765625","45.0823974609375"
"2","duel_geometry","duel","30","1","iphash:8ac6695b","bot:/botfiles/mediumds.jkb","10560","30","-1589.84228515625","-493.231414794922","200.170425415039","-1664.94775390625","-586.356384277344","188.643829345703","-90.0","-192.0","-23.0","166.0","165.0","40.0","160.636596679688","45.472412109375"
"2","duel_geometry","duel","31","1","iphash:8ac6695b","bot:/botfiles/mediumds.jkb","10659","31","-1598.83947753906","-512.684753417969","198.357986450195","-1647.57983398438","-569.077941894531","208.193023681641","-96.0","-189.0","-16.0","177.0","176.0","257.0","-163.707275390625","45.9613037109375"
"2","duel_geometry","duel","32","1","iphash:8ac6695b","bot:/botfiles/mediumds.jkb","10758","32","-1610.79479980469","-527.095642089844","196.546340942383","-1639.08764648438","-560.841003417969","233.979217529297","229.562683105469","243.762451171875","200.0","-97.0","-103.0","307.0","-121.44287109375","46.64794921875"
"2","duel_geometry","duel","33","1","iphash:8ac6695b","bot:/botfiles/mediumds.jkb","10791","33","-1602.75219726563","-518.559631347656","203.049133300781","-1642.10290527344","-563.827758789062","243.532516479492","230.0","244.0","172.0","-91.0","100.0","149.0","-111.538696289063","46.9775390625"
"2","duel_geometry","duel","34","1","iphash:8ac6695b","bot:/botfiles/mediumds.jkb","10791","34","-1602.75219726563","-518.559631347656","203.049133300781","-1642.10290527344","-563.827758789062","243.532516479492","230.0","244.0","172.0","-91.0","100.0","149.0","-111.538696289063","46.9775390625"
"2","duel_geometry","duel","35","1","iphash:8ac6695b","bot:/botfiles/mediumds.jkb","11022","35","-1553.76196289063","-466.587646484375","221.494354248047","-1657.89172363281","-535.150939941406","256.884338378906","230.0","244.0","1.0","-53.0","142.0","-33.0","-122.76123046875","48.4002685546875"
"2","duel_geometry","duel","36","1","iphash:8ac6695b","bot:/botfiles/mediumds.jkb","11187","36","-1515.58178710938","-426.083679199219","212.379409790039","-1663.87219238281","-508.734680175781","240.681335449219","214.0","231.0","0.0","-24.0","172.0","-163.0","-114.180908203125","46.966552734375"
"2","duel_geometry","duel","37","1","iphash:8ac6695b","bot:/botfiles/mediumds.jkb","11583","37","-1509.060546875","-406.507171630859","221.324676513672","-1639.14331054688","-480.463745117187","196.448150634766","-577.0","-270.0","100.0","202.0","-71.0","14.0","-124.07958984375","38.1939697265625"
"2","duel_geometry","duel","38","1","iphash:8ac6695b","bot:/botfiles/mediumds.jkb","11616","38","-1529.25549316406","-415.957153320313","224.34147644043","-1631.64697265625","-480.704864501953","197.144104003906","-577.0","-270.0","72.0","227.0","-7.0","21.0","-124.73876953125","37.320556640625"
"2","duel_geometry","duel","39","1","iphash:8ac6695b","bot:/botfiles/mediumds.jkb","11715","39","-1587.53247070313","-443.227142333984","227.465270996094","-1619.8095703125","-483.387145996094","228.07829284668","-577.0","-270.0","-10.0","-116.0","-82.0","359.0","-126.062622070313","35.35400390625"
"2","duel_geometry","duel","40","1","iphash:8ac6695b","bot:/botfiles/mediumds.jkb","11946","40","-1726.01257324219","-455.810302734375","202.120483398437","-1640.66967773438","-497.8232421875","289.940093994141","-577.0","0.0","-201.0","-77.0","-51.0","177.0","-130.682373046875","46.4666748046875"
"2","duel_geometry","duel","41","1","iphash:8ac6695b","bot:/botfiles/mediumds.jkb","12045","41","-1783.05065917969","-456.045318603516","185.525527954102","-1648.29272460938","-502.872283935547","303.582275390625","-533.0","-16.0","-21.0","-77.0","-51.0","99.0","-133.978271484375","58.88671875"
"2","duel_geometry","duel","42","1","iphash:8ac6695b","bot:/botfiles/mediumds.jkb","12804","42","-1845.86462402344","-438.314758300781","189.295181274414","-1720.861328125","-486.612396240234","198.485641479492","103.0","209.0","295.0","-218.0","60.0","283.0","-26.3287353515625","158.170166015625"
"2","duel_geometry","duel","43","1","iphash:8ac6695b","bot:/botfiles/mediumds.jkb","12837","43","-1841.93444824219","-430.348815917969","199.654586791992","-1728.3115234375","-484.540222167969","207.389038085938","107.0","217.0","265.0","-226.0","63.0","257.0","-27.6470947265625","160.208129882813"
"2","duel_geometry","duel","44","1","iphash:8ac6695b","bot:/botfiles/mediumds.jkb","12837","44","-1841.93444824219","-430.348815917969","199.654586791992","-1728.3115234375","-484.540222167969","207.389038085938","107.0","217.0","265.0","-226.0","63.0","257.0","-27.6470947265625","160.208129882813"
"2","duel_geometry","duel","45","1","iphash:8ac6695b","bot:/botfiles/mediumds.jkb","13101","45","-1808.78576660156","-372.542144775391","241.725799560547","-1791.6865234375","-466.669830322266","247.728240966797","148.0","204.0","54.0","-241.0","68.0","49.0","-40.8526611328125","164.800415039063"
"2","duel_geometry","duel","46","1","iphash:8ac6695b","bot:/botfiles/mediumds.jkb","13299","46","-1774.75256347656","-333.607849121094","235.595809936523","-1839.6884765625","-453.101257324219","241.946640014648","170.0","174.0","-113.0","-246.0","70.0","-107.0","-44.1485595703125","152.138671875"
"2","duel_geometry","duel","47","1","iphash:8ac6695b","bot:/botfiles/mediumds.jkb","13431","47","-1753.30712890625","-310.463531494141","212.287002563477","-1873.45874023438","-442.878875732422","220.932235717773","142.0","167.0","-225.0","-264.0","84.0","-211.0","-104.243774414063","136.790771484375"
"2","duel_geometry","duel","48","1","iphash:8ac6695b","bot:/botfiles/mediumds.jkb","13497","48","-1744.56530761719","-299.374481201172","200.242538452148","-1891.43225097656","-436.721649169922","205.277038574219","102.0","150.0","0.0","-275.0","97.0","-263.0","-128.671875","127.974243164063"
"2","duel_geometry","duel","49","1","iphash:8ac6695b","bot:/botfiles/mediumds.jkb","13728","49","-1747.38049316406","-298.586547851562","200.034866333008","-1937.00073242188","-410.979370117188","170.249710083008","84.0","-112.0","-1.0","23.0","91.0","5.0","-129.990234375","93.251953125"
"2","duel_geometry","duel","50","1","iphash:8ac6695b","bot:/botfiles/mediumds.jkb","13794","50","-1742.95910644531","-303.982727050781","200.046005249023","-1928.40356445313","-407.181518554688","171.722518920898","-3.0","-2.0","0.0","161.0","46.0","27.0","-162.344970703125","83.5784912109375"
"2","duel_geometry","duel","51","1","iphash:8ac6695b","bot:/botfiles/mediumds.jkb","13827","51","-1743.48388671875","-304.087097167969","199.985412597656","-1921.50939941406","-406.499755859375","172.875198364258","-29.0","-4.0","-3.0","209.0","21.0","35.0","-171.589965820313","78.9093017578125"
"2","duel_geometry","duel","52","1","iphash:8ac6695b","bot:/botfiles/mediumds.jkb","14025","52","-1768.65649414063","-292.638000488281","198.561584472656","-1871.45642089844","-407.677734375","181.170318603516","-122.0","171.0","8.0","256.0","-66.0","42.0","-170.271606445313","55.01953125"
"2","duel_geometry","duel","53","1","iphash:8ac6695b","bot:/botfiles/mediumds.jkb","14058","53","-1770.51489257813","-289.630523681641","199.522705078125","-1864.57434082031","-409.509185791016","182.290817260742","-111.0","188.0","30.0","209.0","-55.0","34.0","-170.271606445313","52.0037841796875"
"2","duel_geometry","duel","54","1","iphash:8ac6695b","bot:/botfiles/mediumds.jkb","14091","54","-1774.28247070313","-283.249450683594","200.540969848633","-1859.04309082031","-410.964813232422","183.19157409668","-111.0","188.0","30.0","168.0","-44.0","27.0","-168.94775390625","49.32861328125"
"2","duel_geometry","duel","55","1","iphash:8ac6695b","bot:/botfiles/mediumds.jkb","14520","55","-1822.06262207031","-203.790954589844","188.515701293945","-1850.65258789063","-379.314636230469","187.069869995117","-113.0","157.0","-24.0","-66.0","209.0","-39.0","-83.089599609375","44.3682861328125"
"2","duel_geometry","duel","56","1","iphash:8ac6695b","bot:/botfiles/mediumds.jkb","15081","56","-1829.50329589844","-196.784881591797","186.94075012207","-1774.96154785156","-340.122741699219","194.692855834961","1.0","-7.0","0.0","-9.0","22.0","1.0","-79.7882080078125","74.937744140625"
"2","duel_geometry","duel","57","1","iphash:8ac6695b","bot:/botfiles/mediumds.jkb","15114","57","-1829.15600585938","-198.833465576172","187.020050048828","-1774.41223144531","-337.355377197266","194.925231933594","13.0","-75.0","3.0","17.0","84.0","7.0","-80.4473876953125","77.1514892578125"
"2","duel_geometry","duel","58","1","iphash:8ac6695b","bot:/botfiles/mediumds.jkb","15147","58","-1828.59948730469","-202.198348999023","191.3359375","-1773.48596191406","-332.556060791016","195.327239990234","18.0","-110.0","298.0","28.0","145.0","12.0","-82.430419921875","79.3817138671875"
"2","duel_geometry","duel","59","1","iphash:8ac6695b","bot:/botfiles/mediumds.jkb","15147","59","-1828.59948730469","-202.198348999023","191.3359375","-1773.48596191406","-332.556060791016","195.327239990234","18.0","-110.0","298.0","28.0","145.0","12.0","-82.430419921875","79.3817138671875"
"2","duel_geometry","duel","60","1","iphash:8ac6695b","bot:/botfiles/mediumds.jkb","15180","60","-1828.30383300781","-204.021881103516","196.162673950195","-1772.35522460938","-326.033355712891","195.868728637695","18.0","-114.0","295.0","34.0","198.0","16.0","-83.089599609375","81.617431640625"
"2","duel_geometry","duel","61","1","iphash:8ac6695b","bot:/botfiles/mediumds.jkb","15213","61","-1827.28723144531","-210.377426147461","210.427886962891","-1771.171875","-318.095001220703","196.520431518555","21.0","-126.0","253.0","36.0","241.0","20.0","-81.7657470703125","83.858642578125"
"2","duel_geometry","duel","62","1","iphash:8ac6695b","bot:/botfiles/mediumds.jkb","15213","62","-1827.28723144531","-210.377426147461","210.427886962891","-1771.171875","-318.095001220703","196.520431518555","21.0","-126.0","253.0","36.0","241.0","20.0","-81.7657470703125","83.858642578125"
"2","duel_geometry","duel","63","1","iphash:8ac6695b","bot:/botfiles/mediumds.jkb","15246","63","-1826.59985351562","-214.458557128906","217.880874633789","-1769.96789550781","-309.907806396484","206.281829833984","23.0","-133.0","228.0","36.0","248.0","283.0","-77.80517578125","86.11083984375"
"2","duel_geometry","duel","64","1","iphash:8ac6695b","bot:/botfiles/mediumds.jkb","15279","64","-1826.18713378906","-216.788467407227","221.64128112793","-1768.77893066406","-301.688140869141","215.18522644043","24.0","-137.0","214.0","36.0","249.0","257.0","-72.5262451171875","88.3795166015625"
"2","duel_geometry","duel","65","1","iphash:8ac6695b","bot:/botfiles/mediumds.jkb","15312","65","-1824.73779296875","-224.328689575195","231.666473388672","-1767.59155273438","-293.423431396484","223.230621337891","30.0","-149.0","172.0","36.0","250.0","231.0","-63.28125","90.68115234375"
"2","duel_geometry","duel","66","1","iphash:8ac6695b","bot:/botfiles/mediumds.jkb","15345","66","-1823.72375488281","-229.115097045898","236.611068725586","-1766.40747070313","-285.098999023438","230.418014526367","34.0","-156.0","147.0","36.0","252.0","205.0","-63.28125","93.0377197265625"
"2","duel_geometry","duel","67","1","iphash:8ac6695b","bot:/botfiles/mediumds.jkb","15378","67","-1823.07531738281","-231.995452880859","239.127471923828","-1765.2275390625","-276.698425292969","236.747421264648","36.0","-160.0","133.0","36.0","255.0","179.0","-63.28125","95.4656982421875"
"2","duel_geometry","duel","68","1","iphash:8ac6695b","bot:/botfiles/mediumds.jkb","15411","68","-1821.75158691406","-237.632141113281","243.180267333984","-1764.05102539063","-268.201629638672","242.218826293945","40.0","-168.0","105.0","36.0","257.0","153.0","-62.6220703125","98.009033203125"
"2","duel_geometry","duel","69","1","iphash:8ac6695b","bot:/botfiles/mediumds.jkb","15444","69","-1820.42236328125","-242.993927001953","246.050872802734","-1762.888671875","-259.585174560547","246.832229614258","44.0","-175.0","80.0","35.0","261.0","127.0","-61.3037109375","100.717163085938"
"2","duel_geometry","duel","70","1","iphash:8ac6695b","bot:/botfiles/mediumds.jkb","15477","70","-1818.91589355469","-248.756088256836","248.201278686523","-1761.76977539063","-250.823333740234","250.587631225586","48.0","-182.0","54.0","34.0","266.0","101.0","-59.3206787109375","103.656005859375"
"2","duel_geometry","duel","71","1","iphash:8ac6695b","bot:/botfiles/mediumds.jkb","15510","71","-1816.31689453125","-258.225341796875","249.908096313477","-1760.69958496094","-241.874923706055","253.48503112793","54.0","-193.0","14.0","32.0","271.0","75.0","-60.64453125","106.913452148438"
"2","duel_geometry","duel","72","1","iphash:8ac6695b","bot:/botfiles/mediumds.jkb","15543","72","-1815.42150878906","-261.369110107422","250.029693603516","-1759.72937011719","-232.702682495117","255.524429321289","56.0","-196.0","1.0","29.0","278.0","49.0","-60.64453125","110.5224609375"
"2","duel_geometry","duel","73","1","iphash:8ac6695b","bot:/botfiles/mediumds.jkb","15576","73","-1813.35241699219","-268.430694580078","249.581497192383","-1758.88537597656","-223.280960083008","256.705841064453","60.0","-204.0","-27.0","26.0","286.0","23.0","-60.64453125","114.510498046875"
"2","duel_geometry","duel","74","1","iphash:8ac6695b","bot:/botfiles/mediumds.jkb","15609","74","-1811.39892578125","-274.911376953125","248.363494873047","-1758.15893554688","-213.604583740234","257.029235839844","64.0","-211.0","-52.0","22.0","293.0","-3.0","-60.64453125","118.888549804688"
"2","duel_geometry","duel","75","1","iphash:8ac6695b","bot:/botfiles/mediumds.jkb","15741","75","-1801.67370605469","-305.199768066406","234.321517944336","-1756.99670410156","-172.831497192383","249.74284362793","80.0","-240.0","-159.0","0.0","317.0","-107.0","-54.041748046875","139.81201171875"
"2","duel_geometry","duel","76","1","iphash:8ac6695b","bot:/botfiles/mediumds.jkb","16236","76","-1753.16943359375","-418.857269287109","258.878540039063","-1805.06726074219","-29.9843063354492","246.212814331055","83.0","-191.0","77.0","-169.0","242.0","153.0","100.096435546875","-130.885620117188"
"2","duel_geometry","duel","77","1","iphash:8ac6695b","bot:/botfiles/mediumds.jkb","16269","77","-1750.47033691406","-425.204803466797","261.02734375","-1810.64428710938","-21.9983062744141","250.826217651367","79.0","-185.0","49.0","-169.0","242.0","127.0","100.096435546875","-126.090087890625"
"2","duel_geometry","duel","78","1","iphash:8ac6695b","bot:/botfiles/mediumds.jkb","16797","78","-1718.40686035156","-490.08837890625","188.158630371094","-1899.87670898438","105.777694702148","207.952606201172","-12.0","-11.0","-2.0","-169.0","242.0","-289.0","109.3359375","-71.96044921875"
"2","duel_geometry","duel","79","1","iphash:8ac6695b","bot:/botfiles/mediumds.jkb","17358","79","-1777.64453125","-383.609741210938","191.267028808594","-1883.15466308594","147.389495849609","172.566055297852","-106.0","229.0","13.0","236.0","-65.0","43.0","106.693725585938","-62.589111328125"
"2","duel_geometry","duel","80","1","iphash:8ac6695b","bot:/botfiles/mediumds.jkb","17655","80","-1802.31115722656","-312.421356201172","195.771514892578","-1814.86804199219","124.748184204102","187.776473999023","-64.0","242.0","16.0","224.0","-87.0","57.0","100.755615234375","-68.939208984375"
"2","duel_geometry","duel","81","1","iphash:8ac6695b","bot:/botfiles/mediumds.jkb","17787","81","-1811.05297851563","-279.510894775391","192.551208496094","-1791.42553710938","99.540412902832","194.73371887207","-70.0","244.0","-12.0","148.0","-214.0","47.0","95.47119140625","-73.05908203125"
"2","duel_geometry","duel","82","1","iphash:8ac6695b","bot:/botfiles/mediumds.jkb","17787","82","-1811.05297851563","-279.510894775391","192.551208496094","-1791.42553710938","99.540412902832","194.73371887207","-70.0","244.0","-12.0","148.0","-214.0","47.0","95.47119140625","-73.05908203125"
"2","duel_geometry","duel","83","1","iphash:8ac6695b","bot:/botfiles/mediumds.jkb","18150","83","-1787.65283203125","-191.591033935547","195.968872070313","-1767.56811523438","50.517017364502","202.116302490234","172.0","186.0","40.0","28.0","-116.0","6.0","77.6513671875","-85.8416748046875"
"2","duel_geometry","duel","84","1","iphash:8ac6695b","bot:/botfiles/mediumds.jkb","18183","84","-1781.45874023438","-185.35905456543","197.419876098633","-1766.62915039063","46.4171829223633","211.877700805664","178.0","176.0","42.0","28.0","-124.0","283.0","76.9921875","-86.8414306640625"
"2","duel_geometry","duel","85","1","iphash:8ac6695b","bot:/botfiles/mediumds.jkb","18249","85","-1769.48608398438","-174.555679321289","200.216659545898","-1764.76403808594","37.4249649047852","228.82649230957","187.0","161.0","44.0","28.0","-140.0","231.0","76.9921875","-88.626708984375"
"2","duel_geometry","duel","86","1","iphash:8ac6695b","bot:/botfiles/mediumds.jkb","18282","86","-1762.60339355469","-168.913604736328","201.666946411133","-1763.83715820313","32.5327301025391","236.013885498047","193.0","155.0","37.0","28.0","-148.0","205.0","76.9921875","-89.384765625"
"2","duel_geometry","duel","87","1","iphash:8ac6695b","bot:/botfiles/mediumds.jkb","18546","87","-1719.3583984375","-123.838836669922","209.991485595703","-1756.49084472656","-16.1086921691895","262.625091552734","124.0","230.0","24.0","28.0","-212.0","-3.0","78.9697265625","-91.439208984375"
"2","duel_geometry","duel","88","1","iphash:8ac6695b","bot:/botfiles/mediumds.jkb","18678","88","-1709.31188964844","-90.7861404418945","212.069259643555","-1752.79602050781","-46.7655715942383","255.338668823242","37.0","268.0","9.0","28.0","-244.0","-107.0","104.716186523438","-88.83544921875"
"2","duel_geometry","duel","89","1","iphash:8ac6695b","bot:/botfiles/mediumds.jkb","18678","89","-1709.31188964844","-90.7861404418945","212.069259643555","-1752.79602050781","-46.7655715942383","255.338668823242","37.0","268.0","9.0","28.0","-244.0","-107.0","104.716186523438","-88.83544921875"
"2","duel_geometry","duel","90","1","iphash:8ac6695b","bot:/botfiles/mediumds.jkb","18810","90","-1710.88305664063","-55.4057998657227","212.00260925293","-1749.09313964844","-79.6346206665039","234.324264526367","-40.0","255.0","-6.0","28.0","-249.0","-211.0","113.955688476563","-81.3482666015625"
"2","duel_geometry","duel","91","1","iphash:8ac6695b","bot:/botfiles/mediumds.jkb","18843","91","-1712.62219238281","-47.0207252502441","211.732803344727","-1748.16589355469","-87.867073059082","226.925659179687","-56.0","252.0","-9.0","28.0","-249.0","-237.0","117.916259765625","-78.343505859375"
"2","duel_geometry","duel","92","1","iphash:8ac6695b","bot:/botfiles/mediumds.jkb","18876","92","-1715.72180175781","-38.2175712585449","211.212783813477","-1747.22155761719","-96.1591796875","218.669067382812","-104.0","248.0","-18.0","29.0","-251.0","-263.0","154.275512695313","-74.81689453125"
"2","duel_geometry","duel","93","1","iphash:8ac6695b","bot:/botfiles/mediumds.jkb","18909","93","-1720.01623535156","-31.7335453033447","210.455978393555","-1746.22705078125","-104.549667358398","209.554473876953","-155.0","202.0","-28.0","30.0","-254.0","-289.0","-168.722534179688","-70.77392578125"
"2","duel_geometry","duel","94","1","iphash:8ac6695b","bot:/botfiles/mediumds.jkb","18942","94","-1725.64343261719","-27.4512577056885","209.437408447266","-1745.16479492188","-113.09593963623","205.203796386719","-165.0","102.0","-30.0","-25.0","-261.0","0.0","-117.152709960938","-66.2420654296875"
"2","duel_geometry","duel","95","1","iphash:8ac6695b","bot:/botfiles/mediumds.jkb","18942","95","-1725.64343261719","-27.4512577056885","209.437408447266","-1745.16479492188","-113.09593963623","205.203796386719","-165.0","102.0","-30.0","-25.0","-261.0","0.0","-117.152709960938","-66.2420654296875"
"2","duel_geometry","duel","96","1","iphash:8ac6695b","bot:/botfiles/mediumds.jkb","18975","96","-1730.61669921875","-26.2207355499268","208.520919799805","-1748.13098144531","-121.334030151367","204.600204467773","-144.0","17.0","-27.0","-90.0","-250.0","-18.0","-93.372802734375","-61.116943359375"
"2","duel_geometry","duel","97","1","iphash:8ac6695b","bot:/botfiles/mediumds.jkb","19008","97","-1734.44323730469","-27.3879051208496","207.802307128906","-1752.50231933594","-129.364898681641","203.736633300781","-106.0","-51.0","-20.0","-132.0","-243.0","-26.0","-76.2066650390625","-55.4974365234375"
"2","duel_geometry","duel","98","1","iphash:8ac6695b","bot:/botfiles/mediumds.jkb","19041","98","-1736.90087890625","-30.657039642334","207.324737548828","-1756.99353027344","-136.678070068359","202.855331420898","-58.0","-106.0","-11.0","-136.0","-222.0","-27.0","-63.0010986328125","-49.4879150390625"
"2","duel_geometry","duel","99","1","iphash:8ac6695b","bot:/botfiles/mediumds.jkb","19074","99","-1737.71252441406","-35.4468193054199","207.143402099609","-1761.55688476563","-143.614395141602","201.963027954102","-12.0","-146.0","-3.0","-138.0","-210.0","-27.0","-59.04052734375","-43.1927490234375"
"2","duel_geometry","duel","100","1","iphash:8ac6695b","bot:/botfiles/mediumds.jkb","19107","100","-1737.1669921875","-40.9933395385742","207.20947265625","-1766.11950683594","-150.435943603516","201.071594238281","25.0","-175.0","4.0","-138.0","-207.0","-27.0","-57.0574951171875","-36.7108154296875"
"2","duel_geometry","duel","101","1","iphash:8ac6695b","bot:/botfiles/mediumds.jkb","19140","101","-1735.56298828125","-47.3609924316406","207.467041015625","-1770.57336425781","-157.344619750977","200.199798583984","56.0","-199.0","9.0","-135.0","-209.0","-26.0","-57.0574951171875","-30.135498046875"
"2","duel_geometry","duel","102","1","iphash:8ac6695b","bot:/botfiles/mediumds.jkb","19173","102","-1733.23620605469","-54.1695213317871","207.856140136719","-1774.77282714844","-164.475219726563","199.197708129883","73.0","-205.0","12.0","-127.0","-216.0","-30.0","-57.0574951171875","-23.5491943359375"
"2","duel_geometry","duel","103","1","iphash:8ac6695b","bot:/botfiles/mediumds.jkb","19206","103","-1730.47265625","-61.2019233703613","208.324966430664","-1775.80676269531","-168.926376342773","198.933776855469","81.0","-200.0","14.0","-31.0","-135.0","-8.0","-57.0574951171875","-17.0233154296875"
"2","duel_geometry","duel","104","1","iphash:8ac6695b","bot:/botfiles/mediumds.jkb","19239","104","-1727.416015625","-68.2001190185547","208.848724365234","-1776.15393066406","-169.821243286133","198.848983764648","96.0","-214.0","16.0","-11.0","-27.0","-3.0","-57.0574951171875","-10.6182861328125"
"2","duel_geometry","duel","105","1","iphash:8ac6695b","bot:/botfiles/mediumds.jkb","19272","105","-1723.63195800781","-76.1520462036133","214.59716796875","-1776.07678222656","-167.392303466797","198.882034301758","108.0","-228.0","295.0","2.0","74.0","1.0","-57.0574951171875","-4.3890380859375"
"2","duel_geometry","duel","106","1","iphash:8ac6695b","bot:/botfiles/mediumds.jkb","19272","106","-1723.63195800781","-76.1520462036133","214.59716796875","-1776.07678222656","-167.392303466797","198.882034301758","108.0","-228.0","295.0","2.0","74.0","1.0","-57.0574951171875","-4.3890380859375"
"2","duel_geometry","duel","107","1","iphash:8ac6695b","bot:/botfiles/mediumds.jkb","19305","107","-1720.06799316406","-83.6760406494141","223.896575927734","-1776.10424804688","-162.882019042969","198.904510498047","108.0","-228.0","269.0","-1.0","137.0","1.0","-57.0574951171875","1.60400390625"
"2","duel_geometry","duel","108","1","iphash:8ac6695b","bot:/botfiles/mediumds.jkb","19371","108","-1712.46020507813","-99.6154403686523","240.542373657227","-1777.31982421875","-148.813186645508","198.717147827148","112.0","-233.0","214.0","-26.0","235.0","-4.0","-49.7955322265625","12.6123046875"
"2","duel_geometry","duel","109","1","iphash:8ac6695b","bot:/botfiles/mediumds.jkb","19602","109","-1688.53552246094","-151.25456237793","268.008544921875","-1788.86022949219","-89.9235153198242","196.462860107422","105.0","-244.0","38.0","-84.0","243.0","-18.0","-146.876220703125","34.1015625"
"2","duel_geometry","duel","110","1","iphash:8ac6695b","bot:/botfiles/mediumds.jkb","20031","110","-1649.83190917969","-258.892547607422","213.309066772461","-1788.17272949219","-40.2080535888672","196.93620300293","33.0","-270.0","0.0","25.0","43.0","6.0","166.2451171875","4.1253662109375"
"2","duel_geometry","duel","111","1","iphash:8ac6695b","bot:/botfiles/mediumds.jkb","20691","111","-1638.24145507813","-137.958755493164","225.302047729492","-1801.00817871094","-55.828254699707","248.895294189453","-55.0","245.0","16.0","83.0","-102.0","49.0","150.40283203125","-46.40625"
"2","duel_geometry","duel","112","1","iphash:8ac6695b","bot:/botfiles/mediumds.jkb","20757","112","-1642.099609375","-120.883903503418","224.504837036133","-1794.95959472656","-63.1553497314453","250.400085449219","-57.0","251.0","-39.0","95.0","-114.0","-3.0","161.625366210938","-46.8896484375"
"2","duel_geometry","duel","113","1","iphash:8ac6695b","bot:/botfiles/mediumds.jkb","20889","113","-1656.16833496094","-89.2275924682617","222.092193603516","-1780.47607421875","-80.1754531860352","243.113693237305","-172.0","204.0","-31.0","119.0","-138.0","-107.0","164.9267578125","-45.0933837890625"
"2","duel_geometry","duel","114","1","iphash:8ac6695b","bot:/botfiles/mediumds.jkb","21021","114","-1685.29418945313","-67.7774429321289","222.988037109375","-1763.25317382813","-100.124382019043","222.09928894043","-226.0","133.0","295.0","129.0","-156.0","-211.0","166.904296875","-40.36376953125"
"2","duel_geometry","duel","115","1","iphash:8ac6695b","bot:/botfiles/mediumds.jkb","21219","115","-1729.03735351563","-44.1452980041504","263.521423339844","-1736.39440917969","-115.392944335938","206.819686889648","-250.0","117.0","147.0","141.0","88.0","27.0","-85.3692626953125","-26.2408447265625"
"2","duel_geometry","duel","116","1","iphash:8ac6695b","bot:/botfiles/mediumds.jkb","21780","116","-1837.82995605469","5.65645027160645","219.252624511719","-1701.87414550781","-10.4123067855835","213.828399658203","-135.0","84.0","-304.0","202.0","0.0","36.0","-4.81201171875","85.5670166015625"
"2","duel_geometry","duel","117","1","iphash:8ac6695b","bot:/botfiles/mediumds.jkb","21912","117","-1853.73767089844","16.4948635101318","182.209808349609","-1673.90112304688","-9.41245365142822","218.756774902344","-124.0","72.0","-28.0","159.0","7.0","27.0","-4.81201171875","111.51123046875"
"2","duel_geometry","duel","118","1","iphash:8ac6695b","bot:/botfiles/mediumds.jkb","22209","118","-1804.26318359375","19.4103107452393","193.501205444336","-1687.27600097656","15.5272769927979","216.269332885742","244.0","-9.0","55.0","6.68747758865356","-1.50715267658234","-4.12384986877441","-2.83447265625","155.462036132813"
"2","duel_geometry","duel","119","1","iphash:8ac6695b","bot:/botfiles/mediumds.jkb","22209","119","-1804.26318359375","19.4103107452393","193.501205444336","-1687.27600097656","15.5272769927979","216.269332885742","244.0","-9.0","55.0","6.68747758865356","-1.50715267658234","-4.12384986877441","-2.83447265625","155.462036132813"
"2","duel_geometry","duel","120","1","iphash:8ac6695b","bot:/botfiles/mediumds.jkb","22209","120","-1804.26318359375","19.4103107452393","193.501205444336","-1687.27600097656","15.5272769927979","216.269332885742","244.0","-9.0","55.0","6.68747758865356","-1.50715267658234","-4.12384986877441","-2.83447265625","155.462036132813"
"2","duel_geometry","duel","121","1","iphash:8ac6695b","bot:/botfiles/mediumds.jkb","22341","121","-1777.32019042969","18.155553817749","199.63215637207","-1686.4638671875","15.3790311813355","216.394866943359","195.0","-12.0","44.0","6.0","-1.0","1.0","-4.81201171875","168.24462890625"
"2","duel_geometry","duel","122","1","iphash:8ac6695b","bot:/botfiles/mediumds.jkb","22473","122","-1751.72485351563","16.1080436706543","204.883102416992","-1685.67431640625","15.2474660873413","216.531646728516","196.0","-19.0","36.0","6.0","-1.0","1.0","-7.4542236328125","177.390747070313"
"2","duel_geometry","duel","123","1","iphash:8ac6695b","bot:/botfiles/mediumds.jkb","22605","123","-1725.20068359375","13.3654794692993","209.717178344727","-1670.03369140625","10.8127918243408","219.259780883789","199.0","-14.0","36.0","222.0","-66.0","39.0","5.7513427734375","-176.489868164062"
"2","duel_geometry","duel","124","1","iphash:8ac6695b","bot:/botfiles/mediumds.jkb","22737","124","-1702.98364257813","13.7113561630249","213.679244995117","-1641.02368164063","2.12954163551331","224.390777587891","199.0","14.0","34.0","218.0","-66.0","39.0","13.0133056640625","-172.974243164062"
"2","duel_geometry","duel","125","1","iphash:8ac6695b","bot:/botfiles/mediumds.jkb","22836","125","-1680.44055175781","16.4370136260986","225.851028442383","-1619.61157226563","-4.38289546966553","228.239013671875","199.0","28.0","294.0","215.0","-66.0","39.0","13.0133056640625","-171.265869140625"
"2","duel_geometry","duel","126","1","iphash:8ac6695b","bot:/botfiles/mediumds.jkb","22869","126","-1677.45556640625","16.8570137023926","230.171020507812","-1612.5400390625","-6.55370807647705","229.521759033203","199.0","28.0","282.0","-110.23184967041","52.4728393554688","-225.014541625977","13.0133056640625","-171.090087890625"
"2","duel_geometry","duel","127","1","iphash:8ac6695b","bot:/botfiles/mediumds.jkb","22935","127","-1671.91027832031","17.2038402557373","255.789016723633","-1606.34680175781","-2.56192541122437","235.214370727539","-140.0","-32.0","340.0","298.0","69.0","199.0","13.0133056640625","-171.84814453125"
"2","duel_geometry","duel","128","1","iphash:8ac6695b","bot:/botfiles/mediumds.jkb","23001","128","-1680.99169921875","15.1528396606445","277.333831787109","-1586.77661132813","1.97704648971558","248.27214050293","-126.0","-28.0","285.0","296.0","69.0","197.0","12.3541259765625","-173.353271484375"
"2","duel_geometry","duel","129","1","bot:/botfiles/mediumds.jkb","iphash:8ac6695b","2343","1","-1572.48657226563","-511.718536376953","211.857940673828","-1530.73962402344","-550.920593261719","205.631469726563","-83.0","-234.0","283.0","0.0","0.0","0.0","-65.5059814453125","89.736328125"
"2","duel_geometry","duel","130","1","bot:/botfiles/mediumds.jkb","iphash:8ac6695b","2409","2","-1577.63427734375","-527.886474609375","228.806732177734","-1530.73962402344","-550.920593261719","205.631469726563","-76.0","-248.0","231.0","0.0","0.0","0.0","-64.5831298828125","89.736328125"
"2","duel_geometry","duel","131","1","bot:/botfiles/mediumds.jkb","iphash:8ac6695b","2541","3","-1584.38757324219","-553.857055664063","261.219329833984","-1530.73962402344","-550.920593261719","205.631469726563","0.0","0.0","394.0","0.0","0.0","0.0","-59.8260498046875","89.736328125"
"2","duel_geometry","duel","132","1","bot:/botfiles/mediumds.jkb","iphash:8ac6695b","2574","4","-1589.21887207031","-545.529113769531","267.383728027344","-1530.73962402344","-550.920593261719","205.631469726563","-146.0","252.0","174.0","0.0","0.0","0.0","-57.9034423828125","89.736328125"
"2","duel_geometry","duel","133","1","bot:/botfiles/mediumds.jkb","iphash:8ac6695b","2607","5","-1593.88391113281","-537.438293457031","272.690124511719","-1530.73962402344","-550.920593261719","205.631469726563","-141.0","245.0","148.0","0.0","0.0","0.0","-55.8050537109375","89.736328125"
"2","duel_geometry","duel","134","1","bot:/botfiles/mediumds.jkb","iphash:8ac6695b","2640","6","-1598.37536621094","-529.572448730469","277.138519287109","-1530.73962402344","-550.920593261719","205.631469726563","-136.0","238.0","122.0","0.0","0.0","0.0","-53.6187744140625","89.736328125"
"2","duel_geometry","duel","135","1","bot:/botfiles/mediumds.jkb","iphash:8ac6695b","2673","7","-1602.69348144531","-521.931213378906","280.728912353516","-1530.73962402344","-550.920593261719","205.631469726563","-131.0","232.0","96.0","0.0","0.0","0.0","-51.405029296875","89.736328125"
"2","duel_geometry","duel","136","1","bot:/botfiles/mediumds.jkb","iphash:8ac6695b","2805","8","-1618.14233398438","-493.279571533203","286.510467529297","-1530.73962402344","-550.920593261719","205.631469726563","-108.0","208.0","-8.0","0.0","0.0","0.0","-43.1378173828125","89.736328125"
"2","duel_geometry","duel","137","1","bot:/botfiles/mediumds.jkb","iphash:8ac6695b","3267","9","-1645.08081054688","-413.877136230469","200.971405029297","-1530.73962402344","-550.920593261719","205.631469726563","-49.0","115.0","0.0","0.0","0.0","0.0","-32.222900390625","-158.626098632813"
"2","duel_geometry","duel","138","1","bot:/botfiles/mediumds.jkb","iphash:8ac6695b","3267","10","-1645.08081054688","-413.877136230469","200.971405029297","-1530.73962402344","-550.920593261719","205.631469726563","-49.0","115.0","0.0","0.0","0.0","0.0","-32.222900390625","-158.626098632813"
"2","duel_geometry","duel","139","1","bot:/botfiles/mediumds.jkb","iphash:8ac6695b","3267","11","-1645.08081054688","-413.877136230469","200.971405029297","-1530.73962402344","-550.920593261719","205.631469726563","-49.0","115.0","0.0","0.0","0.0","0.0","-32.222900390625","-158.626098632813"
"2","duel_geometry","duel","140","1","bot:/botfiles/mediumds.jkb","iphash:8ac6695b","3597","12","-1589.19995117188","-444.232727050781","203.97673034668","-1530.73962402344","-550.920593261719","205.631469726563","205.0","-144.0","9.0","0.0","0.0","0.0","-38.69384765625","170.343017578125"
"2","duel_geometry","duel","141","1","bot:/botfiles/mediumds.jkb","iphash:8ac6695b","3861","13","-1559.18786621094","-505.199462890625","213.078277587891","-1530.73962402344","-550.920593261719","205.631469726563","62.0","-259.0","283.0","0.0","0.0","0.0","-47.9608154296875","172.326049804688"
"2","duel_geometry","duel","142","1","bot:/botfiles/mediumds.jkb","iphash:8ac6695b","3927","14","-1559.96118164063","-510.361145019531","234.251068115234","-1524.13195800781","-558.828369140625","212.134262084961","-91.0","109.0","359.0","189.0","-226.0","172.0","-50.1470947265625","172.326049804688"
"2","duel_geometry","duel","143","1","bot:/botfiles/mediumds.jkb","iphash:8ac6695b","3927","15","-1559.96118164063","-510.361145019531","234.251068115234","-1524.13195800781","-558.828369140625","212.134262084961","-91.0","109.0","359.0","189.0","-226.0","172.0","-50.1470947265625","172.326049804688"
"2","duel_geometry","duel","144","1","bot:/botfiles/mediumds.jkb","iphash:8ac6695b","3960","16","-1562.79321289063","-506.97607421875","245.662475585937","-1517.70593261719","-566.512329101563","217.513061523437","-86.0","103.0","333.0","189.0","-226.0","144.0","-51.1138916015625","172.326049804688"
"2","duel_geometry","duel","145","1","bot:/botfiles/mediumds.jkb","iphash:8ac6695b","3993","17","-1565.46350097656","-503.791564941406","256.215881347656","-1510.90197753906","-574.648315429688","222.17106628418","-81.0","97.0","307.0","189.0","-226.0","115.0","-51.9873046875","172.326049804688"
"2","duel_geometry","duel","146","1","bot:/botfiles/mediumds.jkb","iphash:8ac6695b","4026","18","-1567.97180175781","-500.807342529297","265.911285400391","-1505.04296875","-575.26904296875","221.092559814453","-76.0","90.0","281.0","189.0","-21.0","-47.0","-52.7728271484375","172.326049804688"
"2","duel_geometry","duel","147","1","bot:/botfiles/mediumds.jkb","iphash:8ac6695b","4059","19","-1570.31762695313","-498.056030273438","274.748687744141","-1498.19934082031","-575.79248046875","218.889358520508","-71.0","83.0","255.0","191.0","-13.0","-75.0","-53.4429931640625","172.326049804688"
"2","duel_geometry","duel","148","1","bot:/botfiles/mediumds.jkb","iphash:8ac6695b","4092","20","-1572.50061035156","-495.537261962891","282.728088378906","-1491.85998535156","-576.013488769531","215.978759765625","-66.0","76.0","229.0","193.0","-5.0","-101.0","-53.98681640625","172.326049804688"
"2","duel_geometry","duel","149","1","bot:/botfiles/mediumds.jkb","iphash:8ac6695b","4191","21","-1578.06689453125","-489.372222900391","301.518280029297","-1474.47814941406","-571.783020019531","211.912246704102","-51.0","55.0","151.0","145.0","115.0","20.0","-54.810791015625","169.683837890625"
"2","duel_geometry","duel","150","1","bot:/botfiles/mediumds.jkb","iphash:8ac6695b","4191","22","-1578.06689453125","-489.372222900391","301.518280029297","-1474.47814941406","-571.783020019531","211.912246704102","-51.0","55.0","151.0","145.0","115.0","20.0","-54.810791015625","169.683837890625"
"2","duel_geometry","duel","151","1","bot:/botfiles/mediumds.jkb","iphash:8ac6695b","4818","23","-1582.51306152344","-491.316711425781","241.200866699219","-1461.89697265625","-515.922241210938","214.952331542969","-3.0","-22.0","-343.0","-220.0","9.0","-26.0","-30.948486328125","149.880981445313"
"2","duel_geometry","duel","152","1","bot:/botfiles/mediumds.jkb","iphash:8ac6695b","4950","24","-1584.41186523438","-492.956268310547","200.708770751953","-1495.33312988281","-508.492645263672","211.094024658203","-65.0","-44.0","0.0","-208.0","45.0","-24.0","-24.224853515625","175.62744140625"
"2","duel_geometry","duel","153","1","bot:/botfiles/mediumds.jkb","iphash:8ac6695b","5577","25","-1650.57312011719","-476.676666259766","205.021179199219","-1622.21423339844","-520.97021484375","195.423217773438","149.0","-32.0","283.0","-188.0","-133.0","-26.0","-12.45849609375","145.881958007813"
"2","duel_geometry","duel","154","1","bot:/botfiles/mediumds.jkb","iphash:8ac6695b","5940","26","-1579.69653320313","-494.585998535156","255.768569946289","-1693.97595214844","-497.229797363281","190.039047241211","230.0","-71.0","-3.0","-120.0","200.0","4.0","-47.1588134765625","141.948852539063"
"2","duel_geometry","duel","155","1","bot:/botfiles/mediumds.jkb","iphash:8ac6695b","6072","27","-1547.98266601563","-506.336791992188","248.482177734375","-1709.21313476563","-472.919982910156","190.445068359375","244.0","-101.0","-107.0","-173.0","131.0","-6.0","-72.509765625","94.3780517578125"
"2","duel_geometry","duel","156","1","bot:/botfiles/mediumds.jkb","iphash:8ac6695b","6105","28","-1539.88037109375","-509.937347412109","244.515579223633","-1715.31115722656","-469.650726318359","190.113830566406","246.0","-109.0","-133.0","-204.0","97.0","-12.0","-79.3597412109375","103.617553710938"
"2","duel_geometry","duel","157","1","bot:/botfiles/mediumds.jkb","iphash:8ac6695b","6105","29","-1539.88037109375","-509.937347412109","244.515579223633","-1715.31115722656","-469.650726318359","190.113830566406","246.0","-109.0","-133.0","-204.0","97.0","-12.0","-79.3597412109375","103.617553710938"
"2","duel_geometry","duel","158","1","bot:/botfiles/mediumds.jkb","iphash:8ac6695b","6303","30","-1491.71374511719","-537.033142089844","210.705810546875","-1749.79260253906","-484.385284423828","185.701644897461","199.0","-164.0","0.0","-70.0","-186.0","-21.0","-120.95947265625","-50.8172607421875"
"2","duel_geometry","duel","159","1","bot:/botfiles/mediumds.jkb","iphash:8ac6695b","6501","31","-1475.06103515625","-578.969116210938","211.659973144531","-1731.01196289063","-525.131164550781","184.377212524414","10.0","-275.0","-6.0","201.0","-187.0","5.0","-157.3681640625","-18.4735107421875"
"2","duel_geometry","duel","160","1","bot:/botfiles/mediumds.jkb","iphash:8ac6695b","6534","32","-1473.86730957031","-584.434692382813","211.666061401367","-1727.93688964844","-527.79248046875","184.466842651367","36.0","-166.0","0.0","205.0","-177.0","6.0","-162.366943359375","-17.808837890625"
"2","duel_geometry","duel","161","1","bot:/botfiles/mediumds.jkb","iphash:8ac6695b","6567","33","-1472.07788085938","-584.287841796875","211.886337280273","-1720.765625","-533.313293457031","184.728271484375","54.0","4.0","7.0","212.0","-158.0","8.0","-167.047119140625","-17.149658203125"
"2","duel_geometry","duel","162","1","bot:/botfiles/mediumds.jkb","iphash:8ac6695b","6600","34","-1469.74658203125","-582.563537597656","212.212127685547","-1711.04650878906","-540.020202636719","185.141845703125","71.0","52.0","10.0","183.0","-125.0","8.0","-171.403198242188","-17.149658203125"
"2","duel_geometry","duel","163","1","bot:/botfiles/mediumds.jkb","iphash:8ac6695b","6633","35","-1466.61938476563","-579.683227539063","212.663497924805","-1707.89807128906","-542.040405273437","185.287475585938","95.0","87.0","14.0","185.0","-119.0","9.0","-175.4296875","-17.149658203125"
"2","duel_geometry","duel","164","1","bot:/botfiles/mediumds.jkb","iphash:8ac6695b","6666","36","-1462.69714355469","-575.919372558594","213.233459472656","-1701.51708984375","-545.80810546875","185.607604980469","119.0","114.0","17.0","188.0","-108.0","10.0","-179.12109375","-17.149658203125"
"2","duel_geometry","duel","165","1","bot:/botfiles/mediumds.jkb","iphash:8ac6695b","6699","37","-1458.23889160156","-571.693359375","213.879989624023","-1695.61535644531","-548.971984863281","185.928207397461","135.0","128.0","20.0","191.0","-100.0","11.0","177.522583007813","-17.149658203125"
"2","duel_geometry","duel","166","1","bot:/botfiles/mediumds.jkb","iphash:8ac6695b","6732","38","-1453.72143554688","-567.522766113281","214.532272338867","-1689.15380859375","-547.915100097656","186.624755859375","137.0","126.0","20.0","191.0","37.0","21.0","174.5068359375","-17.149658203125"
"2","duel_geometry","duel","167","1","bot:/botfiles/mediumds.jkb","iphash:8ac6695b","6765","39","-1448.87475585938","-565.827880859375","215.161727905273","-1682.20556640625","-546.113037109375","187.511291503906","147.0","51.0","19.0","206.0","56.0","26.0","171.815185546875","-19.7918701171875"
"2","duel_geometry","duel","168","1","bot:/botfiles/mediumds.jkb","iphash:8ac6695b","6798","40","-1443.29345703125","-563.322021484375","215.654663085937","-1675.76928710938","-543.890380859375","188.346481323242","169.0","76.0","15.0","199.0","82.0","26.0","169.43115234375","-27.7130126953125"
"2","duel_geometry","duel","169","1","bot:/botfiles/mediumds.jkb","iphash:8ac6695b","6831","41","-1437.72827148438","-563.038757324219","216.089920043945","-1669.64343261719","-540.485229492188","189.174041748047","169.0","9.0","13.0","197.0","118.0","27.0","167.338256835938","-36.2933349609375"
"2","duel_geometry","duel","170","1","bot:/botfiles/mediumds.jkb","iphash:8ac6695b","6864","42","-1431.50573730469","-561.767517089844","216.600769042969","-1663.14562988281","-536.122375488281","190.070877075195","189.0","39.0","15.0","182.0","126.0","25.0","165.514526367188","-38.2763671875"
"2","duel_geometry","duel","171","1","bot:/botfiles/mediumds.jkb","iphash:8ac6695b","6897","43","-1425.51635742188","-562.525756835938","217.04231262207","-1657.41162109375","-531.891784667969","190.87190246582","181.0","-23.0","13.0","172.0","130.0","24.0","163.93798828125","-42.2369384765625"
"2","duel_geometry","duel","172","1","bot:/botfiles/mediumds.jkb","iphash:8ac6695b","6930","44","-1418.92602539063","-562.192626953125","217.557708740234","-1651.06506347656","-526.614624023437","191.827560424805","200.0","10.0","16.0","190.0","162.0","31.0","162.586669921875","-42.8961181640625"
"2","duel_geometry","duel","173","1","bot:/botfiles/mediumds.jkb","iphash:8ac6695b","6963","45","-1412.72241210938","-563.759216308594","217.995254516602","-1644.89233398438","-521.182250976563","192.831039428711","188.0","-47.0","13.0","186.0","166.0","30.0","161.438598632812","-43.5552978515625"
"2","duel_geometry","duel","174","1","bot:/botfiles/mediumds.jkb","iphash:8ac6695b","6996","46","-1405.9130859375","-564.128784179688","218.509704589844","-1637.42687988281","-516.328002929687","193.913528442383","206.0","-11.0","16.0","230.0","136.0","32.0","160.46630859375","-43.5552978515625"
"2","duel_geometry","duel","175","1","bot:/botfiles/mediumds.jkb","iphash:8ac6695b","7029","47","-1399.60803222656","-566.278625488281","218.940292358398","-1630.83093261719","-512.561279296875","194.830017089844","191.0","-65.0","13.0","203.0","112.0","28.0","159.647827148438","-40.9185791015625"
"2","duel_geometry","duel","176","1","bot:/botfiles/mediumds.jkb","iphash:8ac6695b","7029","48","-1399.60803222656","-566.278625488281","218.940292358398","-1630.83093261719","-512.561279296875","194.830017089844","191.0","-65.0","13.0","203.0","112.0","28.0","159.647827148438","-40.9185791015625"
"2","duel_geometry","duel","177","1","bot:/botfiles/mediumds.jkb","iphash:8ac6695b","7062","49","-1395.65966796875","-565.5068359375","219.263549804687","-1623.271484375","-510.331390380859","195.720855712891","120.0","23.0","10.0","583.0888671875","-141.346755981445","60.3109436035156","158.961181640625","-30.3497314453125"
"2","duel_geometry","duel","178","1","bot:/botfiles/mediumds.jkb","iphash:8ac6695b","7062","50","-1395.65966796875","-565.5068359375","219.263549804687","-1623.271484375","-510.331390380859","195.720855712891","120.0","23.0","10.0","583.0888671875","-141.346755981445","60.3109436035156","158.961181640625","-30.3497314453125"
"2","duel_geometry","duel","179","1","bot:/botfiles/mediumds.jkb","iphash:8ac6695b","7326","51","-1416.95300292969","-534.935607910156","218.399612426758","-1538.9609375","-540.036437988281","204.963180541992","-222.0","121.0","-14.0","181.0","-122.0","19.0","161.119995117188","42.275390625"
"2","duel_geometry","duel","180","1","bot:/botfiles/mediumds.jkb","iphash:8ac6695b","7359","52","-1424.41259765625","-531.225280761719","217.919723510742","-1532.99719238281","-544.360168457031","205.575454711914","-226.0","112.0","-15.0","174.0","-129.0","18.0","162.39990234375","42.275390625"
"2","duel_geometry","duel","181","1","bot:/botfiles/mediumds.jkb","iphash:8ac6695b","7491","53","-1455.25573730469","-518.929260253906","215.858505249023","-1508.42370605469","-561.646423339844","208.111709594727","-238.0","82.0","-16.0","195.0","-96.0","21.0","168.338012695313","-12.5299072265625"
"2","duel_geometry","duel","182","1","bot:/botfiles/mediumds.jkb","iphash:8ac6695b","7524","54","-1463.15954589844","-516.214660644531","214.894912719727","-1501.12438964844","-563.82373046875","208.939956665039","-240.0","82.0","-42.0","221.0","-56.0","25.0","170.22216796875","-30.3607177734375"
"2","duel_geometry","duel","183","1","bot:/botfiles/mediumds.jkb","iphash:8ac6695b","7590","55","-1479.14001464844","-511.754119873047","213.074310302734","-1486.60510253906","-562.533386230469","210.729721069336","-243.0","63.0","-28.0","220.0","58.0","28.0","174.292602539062","-39.6002197265625"
"2","duel_geometry","duel","184","1","bot:/botfiles/mediumds.jkb","iphash:8ac6695b","7623","56","-1487.24658203125","-509.987731933594","212.137985229492","-1479.36010742188","-559.598022460937","211.68083190918","-246.0","54.0","-28.0","219.0","99.0","29.0","176.830444335938","-37.6226806640625"
"2","duel_geometry","duel","185","1","bot:/botfiles/mediumds.jkb","iphash:8ac6695b","7656","57","-1495.43359375","-508.549255371094","211.183624267578","-1475.74206542969","-557.656433105469","212.167831420898","-248.0","44.0","-29.0","213.0","114.0","29.0","179.8681640625","-33.0029296875"
"2","duel_geometry","duel","186","1","bot:/botfiles/mediumds.jkb","iphash:8ac6695b","7689","58","-1503.70080566406","-507.482727050781","210.21012878418","-1468.91687011719","-553.053955078125","213.110336303711","-251.0","32.0","-29.0","195.0","138.0","27.0","-176.583251953125","-27.059326171875"
"2","duel_geometry","duel","187","1","bot:/botfiles/mediumds.jkb","iphash:8ac6695b","7722","59","-1512.04211425781","-506.857543945312","209.216522216797","-1460.228515625","-545.645935058594","214.349334716797","-253.0","19.0","-30.0","167.0","167.0","24.0","-172.490844726563","31.1077880859375"
"2","duel_geometry","duel","188","1","bot:/botfiles/mediumds.jkb","iphash:8ac6695b","7755","60","-1520.44689941406","-506.723297119141","208.202789306641","-1457.67346191406","-542.480712890625","214.738677978516","-255.0","4.0","-31.0","150.0","186.0","23.0","-167.832641601563","44.3133544921875"
"2","duel_geometry","duel","189","1","bot:/botfiles/mediumds.jkb","iphash:8ac6695b","7788","61","-1529.10729980469","-506.66796875","217.96418762207","-1451.58312988281","-534.483764648438","215.678192138672","-262.0","2.0","283.0","128.0","177.0","20.0","-162.652587890625","68.09326171875"
"2","duel_geometry","duel","190","1","bot:/botfiles/mediumds.jkb","iphash:8ac6695b","7788","62","-1529.10729980469","-506.66796875","217.96418762207","-1451.58312988281","-534.483764648438","215.678192138672","-262.0","2.0","283.0","128.0","177.0","20.0","-162.652587890625","68.09326171875"
"2","duel_geometry","duel","191","1","bot:/botfiles/mediumds.jkb","iphash:8ac6695b","7821","63","-1538.00390625","-506.708435058594","226.867584228516","-1447.65148925781","-528.071350097656","216.143035888672","-270.0","-1.0","257.0","115.0","184.0","13.0","-156.978149414063","91.219482421875"
"2","duel_geometry","duel","192","1","bot:/botfiles/mediumds.jkb","iphash:8ac6695b","7854","64","-1547.15173339844","-506.8740234375","234.912979125977","-1445.28430175781","-525.250671386719","216.396545410156","-277.0","-5.0","231.0","139.0","166.0","15.0","-150.858764648438","91.219482421875"
"2","duel_geometry","duel","193","1","bot:/botfiles/mediumds.jkb","iphash:8ac6695b","7887","65","-1556.51403808594","-507.197631835938","242.100372314453","-1436.1015625","-518.286193847656","217.279235839844","-284.0","-10.0","205.0","199.0","124.0","18.0","-144.365844726563","92.537841796875"
"2","duel_geometry","duel","194","1","bot:/botfiles/mediumds.jkb","iphash:8ac6695b","7920","66","-1566.0869140625","-507.711364746094","248.429779052734","-1429.46923828125","-514.818054199219","217.877227783203","-290.0","-16.0","179.0","207.0","104.0","19.0","-137.554321289063","92.537841796875"
"2","duel_geometry","duel","195","1","bot:/botfiles/mediumds.jkb","iphash:8ac6695b","7920","67","-1566.0869140625","-507.711364746094","248.429779052734","-1429.46923828125","-514.818054199219","217.877227783203","-290.0","-16.0","179.0","207.0","104.0","19.0","-137.554321289063","92.537841796875"
"2","duel_geometry","duel","196","1","bot:/botfiles/mediumds.jkb","iphash:8ac6695b","7953","68","-1575.83374023438","-508.446411132813","253.901184082031","-1425.90063476562","-513.222290039063","218.192138671875","-295.0","-22.0","153.0","210.0","94.0","19.0","-130.490112304688","91.219482421875"
"2","duel_geometry","duel","197","1","bot:/botfiles/mediumds.jkb","iphash:8ac6695b","7986","69","-1585.71801757813","-509.400085449219","258.514587402344","-1415.59753417969","-509.066497802734","219.089904785156","-300.0","-29.0","127.0","209.0","90.0","18.0","-123.250122070313","89.8956298828125"
"2","duel_geometry","duel","198","1","bot:/botfiles/mediumds.jkb","iphash:8ac6695b","7986","70","-1585.71801757813","-509.400085449219","258.514587402344","-1415.59753417969","-509.066497802734","219.089904785156","-300.0","-29.0","127.0","209.0","90.0","18.0","-123.250122070313","89.8956298828125"
"2","duel_geometry","duel","199","1","bot:/botfiles/mediumds.jkb","iphash:8ac6695b","7986","71","-1585.71801757813","-509.400085449219","258.514587402344","-1415.59753417969","-509.066497802734","219.089904785156","-300.0","-29.0","127.0","209.0","90.0","18.0","-123.250122070313","89.8956298828125"
"2","duel_geometry","duel","200","1","bot:/botfiles/mediumds.jkb","iphash:8ac6695b","8019","72","-1595.73693847656","-510.602020263672","262.269989013672","-1412.35852050781","-507.558471679688","219.377243041992","-304.0","-36.0","101.0","202.0","94.0","18.0","-115.889282226563","88.5772705078125"
"2","duel_geometry","duel","201","1","bot:/botfiles/mediumds.jkb","iphash:8ac6695b","8019","73","-1595.73693847656","-510.602020263672","262.269989013672","-1412.35852050781","-507.558471679688","219.377243041992","-304.0","-36.0","101.0","202.0","94.0","18.0","-115.889282226563","88.5772705078125"
"2","duel_geometry","duel","202","1","bot:/botfiles/mediumds.jkb","iphash:8ac6695b","8481","74","-1698.45043945313","-519.37255859375","224.755493164063","-1412.63037109375","-423.468017578125","224.982620239258","-67.0","67.0","-263.0","-25.0","220.0","19.0","-24.071044921875","78.7445068359375"
"2","duel_geometry","duel","203","1","bot:/botfiles/mediumds.jkb","iphash:8ac6695b","8514","75","-1700.47961425781","-517.343383789062","215.640884399414","-1411.96655273438","-416.67236328125","225.777740478516","-61.0","61.0","-289.0","36.0","209.0","27.0","-19.1986083984375","70.1641845703125"
"2","duel_geometry","duel","204","1","bot:/botfiles/mediumds.jkb","iphash:8ac6695b","8547","76","-1702.30627441406","-515.516723632813","205.66828918457","-1409.07885742188","-409.754791259766","226.92887878418","-55.0","55.0","-315.0","99.0","194.0","35.0","-14.56787109375","64.8797607421875"
"2","duel_geometry","duel","205","1","bot:/botfiles/mediumds.jkb","iphash:8ac6695b","8580","77","-1703.9658203125","-513.925231933594","194.837692260742","-1404.78894042969","-404.082611083984","228.169723510742","-50.0","48.0","-341.0","151.0","179.0","42.0","-10.1788330078125","59.600830078125"
"2","duel_geometry","duel","206","1","bot:/botfiles/mediumds.jkb","iphash:8ac6695b","8613","78","-1705.44458007813","-512.552917480469","187.676788330078","-1398.17980957031","-398.291809082031","229.780975341797","-79.0","14.0","0.0","201.0","161.0","47.0","-6.0369873046875","56.9586181640625"
"2","duel_geometry","duel","207","1","bot:/botfiles/mediumds.jkb","iphash:8ac6695b","8613","79","-1705.44458007813","-512.552917480469","187.676788330078","-1398.17980957031","-398.291809082031","229.780975341797","-79.0","14.0","0.0","201.0","161.0","47.0","-6.0369873046875","56.9586181640625"
"2","duel_geometry","duel","208","1","bot:/botfiles/mediumds.jkb","iphash:8ac6695b","8646","80","-1705.5361328125","-514.204467773438","187.5419921875","-1390.89672851563","-393.264343261719","231.418563842773","-3.0","-50.0","-4.0","197.0","136.0","44.0","-2.142333984375","55.6402587890625"
"2","duel_geometry","duel","209","1","bot:/botfiles/mediumds.jkb","iphash:8ac6695b","8679","81","-1703.61584472656","-517.084350585938","187.504867553711","-1384.47436523438","-389.196136474609","232.825424194336","58.0","-87.0","-1.0","190.0","115.0","41.0","1.505126953125","55.6402587890625"
"2","duel_geometry","duel","210","1","bot:/botfiles/mediumds.jkb","iphash:8ac6695b","8712","82","-1699.99365234375","-521.148315429688","187.539443969727","-1377.81640625","-385.576904296875","234.222915649414","110.0","-123.0","1.0","189.0","100.0","39.0","4.910888671875","58.941650390625"
"2","duel_geometry","duel","211","1","bot:/botfiles/mediumds.jkb","iphash:8ac6695b","8745","83","-1694.90283203125","-526.047607421875","187.650115966797","-1371.47192382813","-382.368194580078","235.530136108398","154.0","-148.0","3.0","186.0","93.0","38.0","8.0804443359375","66.86279296875"
"2","duel_geometry","duel","212","1","bot:/botfiles/mediumds.jkb","iphash:8ac6695b","8778","84","-1688.58923339844","-531.48046875","187.836547851563","-1365.30529785156","-378.832611083984","236.843185424805","191.0","-165.0","6.0","176.0","117.0","39.0","11.0302734375","76.1077880859375"
"2","duel_geometry","duel","213","1","bot:/botfiles/mediumds.jkb","iphash:8ac6695b","8811","85","-1682.09741210938","-536.721984863281","188.054595947266","-1359.86108398438","-373.714630126953","238.205902099609","197.0","-159.0","7.0","155.0","161.0","40.0","13.765869140625","78.0853271484375"
"2","duel_geometry","duel","214","1","bot:/botfiles/mediumds.jkb","iphash:8ac6695b","8811","86","-1682.09741210938","-536.721984863281","188.054595947266","-1359.86108398438","-373.714630126953","238.205902099609","197.0","-159.0","7.0","155.0","161.0","40.0","13.765869140625","78.0853271484375"
"2","duel_geometry","duel","215","1","bot:/botfiles/mediumds.jkb","iphash:8ac6695b","9207","87","-1614.69348144531","-508.488983154297","196.635803222656","-1393.94384765625","-356.939758300781","234.719604492187","103.0","234.0","28.0","-215.0","-78.0","-40.0","33.7060546875","171.881103515625"
"2","duel_geometry","duel","216","1","bot:/botfiles/mediumds.jkb","iphash:8ac6695b","9207","88","-1614.69348144531","-508.488983154297","196.635803222656","-1393.94384765625","-356.939758300781","234.719604492187","103.0","234.0","28.0","-215.0","-78.0","-40.0","33.7060546875","171.881103515625"
"2","duel_geometry","duel","217","1","bot:/botfiles/mediumds.jkb","iphash:8ac6695b","9735","89","-1666.15112304688","-535.864501953125","189.639724731445","-1488.94738769531","-370.124450683594","219.754837036133","-176.0","-109.0","-25.0","31.0","-180.0","-13.0","39.462890625","-140.575561523438"
"2","duel_geometry","duel","218","1","bot:/botfiles/mediumds.jkb","iphash:8ac6695b","9768","90","-1668.10986328125","-539.012451171875","189.308380126953","-1487.1865234375","-376.10595703125","219.399169921875","-60.0","-95.0","-10.0","65.0","-197.0","-11.0","39.638671875","-141.240234375"
"2","duel_geometry","duel","219","1","bot:/botfiles/mediumds.jkb","iphash:8ac6695b","9768","91","-1668.10986328125","-539.012451171875","189.308380126953","-1487.1865234375","-376.10595703125","219.399169921875","-60.0","-95.0","-10.0","65.0","-197.0","-11.0","39.638671875","-141.240234375"
"2","duel_geometry","duel","220","1","bot:/botfiles/mediumds.jkb","iphash:8ac6695b","9768","92","-1668.10986328125","-539.012451171875","189.308380126953","-1487.1865234375","-376.10595703125","219.399169921875","-60.0","-95.0","-10.0","65.0","-197.0","-11.0","39.638671875","-141.240234375"
"2","duel_geometry","duel","221","1","bot:/botfiles/mediumds.jkb","iphash:8ac6695b","9801","93","-1667.01525878906","-541.776489257813","189.370880126953","-1484.55688476563","-383.667572021484","218.990615844727","33.0","-84.0","2.0","68.0","-227.0","-13.0","39.8089599609375","-142.55859375"
"2","duel_geometry","duel","222","1","bot:/botfiles/mediumds.jkb","iphash:8ac6695b","9834","94","-1663.48059082031","-544.182556152344","189.737731933594","-1482.9384765625","-391.720977783203","218.435211181641","107.0","-73.0","11.0","45.0","-259.0","-19.0","39.9627685546875","-143.876953125"
"2","duel_geometry","duel","223","1","bot:/botfiles/mediumds.jkb","iphash:8ac6695b","9867","95","-1657.96435546875","-546.350708007813","190.35041809082","-1483.31811523438","-400.440612792969","217.616928100586","167.0","-66.0","19.0","-29.0","-256.0","-26.0","40.0946044921875","-143.876953125"
"2","duel_geometry","duel","224","1","bot:/botfiles/mediumds.jkb","iphash:8ac6695b","9900","96","-1650.85791015625","-548.328063964844","191.160385131836","-1485.49597167969","-408.329559326172","216.689956665039","215.0","-60.0","25.0","-83.0","-254.0","-31.0","40.2044677734375","-143.2177734375"
"2","duel_geometry","duel","225","1","bot:/botfiles/mediumds.jkb","iphash:8ac6695b","9933","97","-1647.18017578125","-549.745849609375","191.569580078125","-1488.10363769531","-416.031280517578","215.766403198242","111.0","-43.0","12.0","-75.0","-213.0","-23.0","40.2978515625","-130.01220703125"
"2","duel_geometry","duel","226","1","bot:/botfiles/mediumds.jkb","iphash:8ac6695b","9966","98","-1644.40344238281","-552.924987792969","191.825149536133","-1490.51318359375","-422.626434326172","215.032699584961","84.0","-96.0","8.0","-73.0","-199.0","-22.0","40.4022216796875","-114.164428710938"
"2","duel_geometry","duel","227","1","bot:/botfiles/mediumds.jkb","iphash:8ac6695b","9999","99","-1644.19409179688","-555.303283691406","191.790283203125","-1492.81860351563","-428.985321044922","214.326965332031","6.0","-72.0","-1.0","-72.0","-199.0","-22.0","40.5120849609375","-109.539184570313"
"2","duel_geometry","duel","228","1","bot:/botfiles/mediumds.jkb","iphash:8ac6695b","10032","100","-1644.20202636719","-559.069641113281","191.693969726563","-1496.50305175781","-435.13134765625","213.506088256836","0.0","-114.0","-3.0","-121.0","-166.0","-24.0","40.62744140625","-106.243286132813"
"2","duel_geometry","duel","229","1","bot:/botfiles/mediumds.jkb","iphash:8ac6695b","10065","101","-1646.21752929688","-561.93212890625","191.377578735352","-1501.52746582031","-439.338226318359","212.70573425293","-61.0","-87.0","-10.0","-162.0","-116.0","-24.0","40.726318359375","-105.57861328125"
"2","duel_geometry","duel","230","1","bot:/botfiles/mediumds.jkb","iphash:8ac6695b","10098","102","-1647.97705078125","-566.277160644531","191.054656982422","-1507.73400878906","-442.258911132813","211.891036987305","-53.0","-132.0","-10.0","-196.0","-81.0","-25.0","40.858154296875","-99.6405029296875"
"2","duel_geometry","duel","231","1","bot:/botfiles/mediumds.jkb","iphash:8ac6695b","10131","103","-1651.39636230469","-569.626831054688","190.556045532227","-1515.17785644531","-444.521392822266","211.008728027344","-104.0","-102.0","-15.0","-214.0","-61.0","-25.0","41.0284423828125","-91.7193603515625"
"2","duel_geometry","duel","232","1","bot:/botfiles/mediumds.jkb","iphash:8ac6695b","10164","104","-1654.27917480469","-574.369445800781","190.087097167969","-1522.2529296875","-446.338226318359","210.19563293457","-87.0","-144.0","-14.0","-207.0","-52.0","-24.0","41.220703125","-83.133544921875"
"2","duel_geometry","duel","233","1","bot:/botfiles/mediumds.jkb","iphash:8ac6695b","10197","105","-1657.79125976563","-578.102783203125","189.567565917969","-1529.25146484375","-448.015319824219","209.400512695312","-106.0","-113.0","-16.0","-206.0","-49.0","-23.0","41.4404296875","-79.1729736328125"
"2","duel_geometry","duel","234","1","bot:/botfiles/mediumds.jkb","iphash:8ac6695b","10230","106","-1660.62927246094","-581.663757324219","189.133972167969","-1536.66430664063","-449.728332519531","208.563171386719","-86.0","-108.0","-13.0","-206.0","-47.0","-23.0","41.715087890625","-78.5137939453125"
"2","duel_geometry","duel","235","1","bot:/botfiles/mediumds.jkb","iphash:8ac6695b","10263","107","-1664.11560058594","-584.456604003906","188.641357421875","-1543.4814453125","-451.225524902344","207.799072265625","-106.0","-85.0","-15.0","-207.0","-44.0","-23.0","42.0172119140625","-81.156005859375"
"2","duel_geometry","duel","236","1","bot:/botfiles/mediumds.jkb","iphash:8ac6695b","10296","108","-1666.97497558594","-587.933654785156","188.207290649414","-1550.81982421875","-453.057739257813","206.959701538086","-87.0","-105.0","-13.0","-211.0","-64.0","-25.0","42.3797607421875","-88.41796875"
"2","duel_geometry","duel","237","1","bot:/botfiles/mediumds.jkb","iphash:8ac6695b","10329","109","-1670.46838378906","-590.630615234375","187.458419799805","-1554.42211914062","-454.369873046875","206.516128540039","-106.0","-82.0","-23.0","-212.0","-77.0","-26.0","42.82470703125","-93.6968994140625"
"2","duel_geometry","duel","238","1","bot:/botfiles/mediumds.jkb","iphash:8ac6695b","10362","110","-1673.30187988281","-594.0166015625","186.705749511719","-1564.59851074219","-459.404693603516","205.161529541016","-86.0","-103.0","-23.0","-195.0","-118.0","-28.0","43.297119140625","-125.403442382813"
"2","duel_geometry","duel","239","1","bot:/botfiles/mediumds.jkb","iphash:8ac6695b","10395","111","-1676.79504394531","-596.707763671875","185.957336425781","-1570.77673339844","-463.267669677734","204.277526855469","-106.0","-82.0","-23.0","-179.0","-112.0","-26.0","43.7530517578125","-149.177856445313"
"2","duel_geometry","duel","240","1","bot:/botfiles/mediumds.jkb","iphash:8ac6695b","10428","112","-1679.61010742188","-600.094604492188","185.206787109375","-1576.35009765625","-468.358367919922","203.357299804687","-85.0","-103.0","-23.0","-145.0","-156.0","-26.0","44.1650390625","-165.025634765625"
"2","duel_geometry","duel","241","1","bot:/botfiles/mediumds.jkb","iphash:8ac6695b","10461","113","-1679.94616699219","-600.940795898438","185.063705444336","-1580.00891113281","-473.812377929688","202.591751098633","-10.0","-26.0","-4.0","-117.0","-190.0","-26.0","44.505615234375","179.126586914062"
"2","duel_geometry","duel","242","1","bot:/botfiles/mediumds.jkb","iphash:8ac6695b","10494","114","-1678.13732910156","-599.297424316406","185.481491088867","-1583.68664550781","-480.622619628906","201.720748901367","55.0","50.0","13.0","-101.0","-192.0","-24.0","44.813232421875","165.25634765625"
"2","duel_geometry","duel","243","1","bot:/botfiles/mediumds.jkb","iphash:8ac6695b","10527","115","-1674.91027832031","-596.185791015625","186.248596191406","-1586.93127441406","-487.094177246094","200.916900634766","98.0","94.0","23.0","-94.0","-191.0","-24.0","45.0823974609375","159.977416992188"
"2","duel_geometry","duel","244","1","bot:/botfiles/mediumds.jkb","iphash:8ac6695b","10560","116","-1670.42980957031","-591.791320800781","187.322647094727","-1589.84228515625","-493.231414794922","200.170425415039","136.0","133.0","33.0","-90.0","-192.0","-23.0","45.2911376953125","160.636596679688"
"2","duel_geometry","duel","245","1","bot:/botfiles/mediumds.jkb","iphash:8ac6695b","10560","117","-1670.42980957031","-591.791320800781","187.322647094727","-1589.84228515625","-493.231414794922","200.170425415039","136.0","133.0","33.0","-90.0","-192.0","-23.0","45.2911376953125","160.636596679688"
"2","duel_geometry","duel","246","1","bot:/botfiles/mediumds.jkb","iphash:8ac6695b","10593","118","-1664.94775390625","-586.356384277344","188.643829345703","-1592.68640136719","-499.668792724609","199.432144165039","166.0","165.0","40.0","-86.0","-196.0","-15.0","45.472412109375","164.59716796875"
"2","duel_geometry","duel","247","1","bot:/botfiles/mediumds.jkb","iphash:8ac6695b","10593","119","-1664.94775390625","-586.356384277344","188.643829345703","-1592.68640136719","-499.668792724609","199.432144165039","166.0","165.0","40.0","-86.0","-196.0","-15.0","45.472412109375","164.59716796875"
"2","duel_geometry","duel","248","1","bot:/botfiles/mediumds.jkb","iphash:8ac6695b","10626","120","-1659.27941894531","-580.716735839844","189.528228759766","-1594.07238769531","-503.087158203125","199.177871704102","172.0","171.0","14.0","-82.0","-201.0","-15.0","45.6427001953125","169.881591796875"
"2","duel_geometry","duel","249","1","bot:/botfiles/mediumds.jkb","iphash:8ac6695b","10626","121","-1659.27941894531","-580.716735839844","189.528228759766","-1594.07238769531","-503.087158203125","199.177871704102","172.0","171.0","14.0","-82.0","-201.0","-15.0","45.6427001953125","169.881591796875"
"2","duel_geometry","duel","250","1","bot:/botfiles/mediumds.jkb","iphash:8ac6695b","10659","122","-1653.43090820313","-574.896362304688","199.289627075195","-1598.83947753906","-512.684753417969","198.357986450195","177.0","176.0","283.0","-96.0","-189.0","-16.0","45.802001953125","-163.707275390625"
"2","duel_geometry","duel","251","1","bot:/botfiles/mediumds.jkb","iphash:8ac6695b","10659","123","-1653.43090820313","-574.896362304688","199.289627075195","-1598.83947753906","-512.684753417969","198.357986450195","177.0","176.0","283.0","-96.0","-189.0","-16.0","45.802001953125","-163.707275390625"
"2","duel_geometry","duel","252","1","bot:/botfiles/mediumds.jkb","iphash:8ac6695b","10692","124","-1647.57983398438","-569.077941894531","208.193023681641","-1600.81530761719","-515.903076171875","198.037399291992","177.0","176.0","257.0","-116.0","-189.0","-19.0","45.9613037109375","-147.189331054688"
"2","duel_geometry","duel","253","1","bot:/botfiles/mediumds.jkb","iphash:8ac6695b","10692","125","-1647.57983398438","-569.077941894531","208.193023681641","-1600.81530761719","-515.903076171875","198.037399291992","177.0","176.0","257.0","-116.0","-189.0","-19.0","45.9613037109375","-147.189331054688"
"2","duel_geometry","duel","254","1","bot:/botfiles/mediumds.jkb","iphash:8ac6695b","10725","126","-1641.72839355469","-563.259033203125","216.238418579102","-1606.86376953125","-524.85693359375","197.078750610352","177.0","176.0","231.0","-120.0","-175.0","-19.0","46.16455078125","-129.364013671875"
"2","duel_geometry","duel","255","1","bot:/botfiles/mediumds.jkb","iphash:8ac6695b","10758","127","-1635.87646484375","-557.439575195312","223.425811767578","-1610.79479980469","-527.095642089844","196.546340942383","177.0","176.0","205.0","-135.0","16.0","-16.0","46.373291015625","-121.44287109375"
"2","duel_geometry","duel","256","1","bot:/botfiles/mediumds.jkb","iphash:8ac6695b","10791","128","-1639.08764648438","-560.841003417969","233.979217529297","-1602.75219726563","-518.559631347656","203.049133300781","-97.0","-103.0","307.0","230.0","244.0","172.0","46.64794921875","-111.538696289063"
