"export_format_version","record_type","source_context","record_id","start_time","end_time","duration","mapname","type","result","arcade_level","participant_key","participant_label","participant_kind","winner_key","winner_label","winner_kind","winner_side","loser_key","loser_label","loser_kind","loser_side","draw","winner_opening","loser_opening","total_kills","total_force_spent","total_force_regen","total_damage_taken","total_damage_dealt","low_force_windows","knockdown_events","counter_successes","punish_successes","reset_successes","saber_return_punishes"
"2","duel_summary","duel","1","1790733894","1790733900","6","maps/mp/duel6","1","","0","","","0","iphash:f51458ac","^7Padawan","2","2","bot:/botfiles/mediumds.jkb","galak","0","2","0","seeing","push","0","0","0","0","0","0","0","0","0","0","0"
"2","duel_summary","duel","2","1790733912","1790733944","32","maps/mp/duel6","1","","0","","","0","bot:/botfiles/mediumds.jkb","galak","0","2","iphash:f51458ac","^7Padawan","2","2","0","pull","seeing","0","0","0","0","0","0","0","0","0","0","0"
"2","duel_summary","duel","3","1790733948","1790733968","20","maps/mp/duel6","1","","0","","","0","bot:/botfiles/mediumds.jkb","galak","0","2","iphash:f51458ac","^7Padawan","2","2","0","speed","unknown","0","0","0","0","0","0","0","0","0","0","0"
"2","duel_summary","duel","4","1790733971","1790734002","31","maps/mp/duel6","1","","0","","","0","bot:/botfiles/mediumds.jkb","galak","0","2","iphash:f51458ac","^7Padawan","2","2","0","pull","unknown","0","0","0","0","0","0","0","0","0","0","0"
"2","duel_summary","duel","5","1790734007","1790734077","70","maps/mp/duel6","1","","0","","","0","bot:/botfiles/mediumds.jkb","galak","0","2","iphash:f51458ac","^7Padawan","2","2","0","pull","unknown","0","0","0","0","0","0","0","0","0","0","0"
"2","duel_summary","duel","6","1790734080","1790734224","144","maps/mp/duel6","1","","0","","","0","bot:/botfiles/mediumds.jkb","galak","0","2","iphash:f51458ac","^7Padawan","2","2","0","push","seeing","0","0","0","0","0","0","0","0","0","0","0"
"2","duel_summary","duel","7","1790734227","1790734272","45","maps/mp/duel6","1","","0","","","0","bot:/botfiles/mediumds.jkb","galak","0","2","iphash:f51458ac","^7Padawan","2","2","0","pull","seeing","0","0","0","0","0","0","0","0","0","0","0"
"2","duel_summary","duel","8","1790734298","1790734309","11","maps/mp/duel6","1","","0","","","0","iphash:f51458ac","^7Padawan","2","2","bot:/botfiles/mediumds.jkb","galak","0","2","0","seeing","push","0","0","0","0","0","0","0","0","0","0","0"
"2","duel_summary","duel","9","1790734315","1790734364","49","maps/mp/duel6","1","","0","","","0","bot:/botfiles/mediumds.jkb","galak","0","2","iphash:f51458ac","^7Padawan","2","2","0","pull","seeing","0","0","0","0","0","0","0","0","0","0","0"
"2","duel_summary","duel","10","1790734368","1790734382","14","maps/mp/duel6","1","","0","","","0","iphash:f51458ac","^7Padawan","2","2","bot:/botfiles/mediumds.jkb","galak","0","2","0","seeing","drain","0","0","0","0","0","0","0","0","0","0","0"
"2","duel_summary","duel","11","1790734391","1790734402","11","maps/mp/duel6","1","","0","","","0","iphash:f51458ac","^7Padawan","2","2","bot:/botfiles/mediumds.jkb","galak","0","2","0","seeing","push","0","0","0","0","0","0","0","0","0","0","0"
"2","duel_summary","duel","12","1790734405","1790734416","11","maps/mp/duel6","1","","0","","","0","bot:/botfiles/mediumds.jkb","galak","0","2","iphash:f51458ac","^7Padawan","2","2","0","grip","seeing","0","0","0","0","0","0","0","0","0","0","0"
"2","duel_summary","duel","13","1790734433","1790734438","5","maps/mp/duel6","1","","0","","","0","iphash:f51458ac","^7Padawan","2","2","bot:/botfiles/easyds2.jkb","Stormtrooper","0","2","0","seeing","","0","0","0","0","0","0","0","0","0","0","0"
"2","duel_summary","duel","14","1790734442","1790734548","106","maps/mp/duel6","1","","0","","","0","iphash:f51458ac","^7Padawan","2","2","bot:/botfiles/easyds2.jkb","Stormtrooper","0","2","0","seeing","push","0","0","0","0","0","0","0","0","0","0","0"
"2","duel_summary","duel","15","1790734550","1790734556","6","maps/mp/duel6","1","","0","","","0","iphash:f51458ac","^7Padawan","2","2","bot:/botfiles/easyds2.jkb","Stormtrooper","0","2","0","seeing","","0","0","0","0","0","0","0","0","0","0","0"
"2","duel_summary","duel","16","1790734559","1790734565","6","maps/mp/duel6","1","","0","","","0","iphash:f51458ac","^7Padawan","2","2","bot:/botfiles/easyds2.jkb","Stormtrooper","0","2","0","seeing","pull","0","0","0","0","0","0","0","0","0","0","0"
"2","duel_summary","duel","17","1790734569","1790734648","79","maps/mp/duel6","1","","0","","","0","iphash:f51458ac","^7Padawan","2","2","bot:/botfiles/easyds2.jkb","Stormtrooper","0","2","0","seeing","pull","0","0","0","0","0","0","0","0","0","0","0"
"2","duel_summary","duel","18","1790734651","1790734764","113","maps/mp/duel6","1","","0","","","0","iphash:f51458ac","^7Padawan","2","2","bot:/botfiles/easyds2.jkb","Stormtrooper","0","2","0","seeing","push","0","0","0","0","0","0","0","0","0","0","0"
"2","duel_summary","duel","19","1790734776","1790734785","9","maps/mp/duel6","1","","0","","","0","iphash:f51458ac","^7Padawan","2","2","bot:/botfiles/easyds2.jkb","Stormtrooper","0","2","0","seeing","push","0","0","0","0","0","0","0","0","0","0","0"
"2","duel_summary","duel","20","1790734793","1790734811","18","maps/mp/duel6","1","","0","","","0","iphash:f51458ac","^7Padawan","2","2","bot:/botfiles/easyds2.jkb","Stormtrooper","0","2","0","seeing","drain","0","0","0","0","0","0","0","0","0","0","0"
"2","duel_summary","duel","21","1790734813","1790734819","6","maps/mp/duel6","1","","0","","","0","iphash:f51458ac","^7Padawan","2","2","bot:/botfiles/easyds2.jkb","Stormtrooper","0","2","0","seeing","","0","0","0","0","0","0","0","0","0","0","0"
"2","duel_summary","duel","22","1790734823","1790734918","95","maps/mp/duel6","1","","0","","","0","iphash:f51458ac","^7Padawan","2","2","bot:/botfiles/easyds2.jkb","Stormtrooper","0","2","0","seeing","pull","0","0","0","0","0","0","0","0","0","0","0"
"2","duel_summary","duel","23","1790734927","1790734931","4","maps/mp/duel6","1","","0","","","0","iphash:f51458ac","^7Padawan","2","2","bot:/botfiles/hardds4.jkb","New_Reborn","0","2","0","seeing","","0","0","0","0","0","0","0","0","0","0","0"
"2","duel_summary","duel","24","1790734940","1790734945","5","maps/mp/duel6","1","","0","","","0","iphash:f51458ac","^7Padawan","2","2","bot:/botfiles/hardds4.jkb","New_Reborn","0","2","0","seeing","push","0","0","0","0","0","0","0","0","0","0","0"
"2","duel_summary","duel","25","1790734949","1790735029","80","maps/mp/duel6","1","","0","","","0","bot:/botfiles/hardds4.jkb","New_Reborn","0","2","iphash:f51458ac","^7Padawan","2","2","0","push","seeing","0","0","0","0","0","0","0","0","0","0","0"
"2","duel_summary","duel","26","1790735077","1790735081","4","maps/mp/duel6","1","","0","","","0","iphash:f51458ac","^7Padawan","2","2","bot:/botfiles/easyds2.jkb","Stormtrooper","0","2","0","seeing","","0","0","0","0","0","0","0","0","0","0","0"
"2","duel_summary","duel","27","1790735092","1790735138","46","maps/mp/duel6","1","","0","","","0","iphash:f51458ac","^7Padawan","2","2","bot:/botfiles/easyds2.jkb","Stormtrooper","0","2","0","seeing","push","0","0","0","0","0","0","0","0","0","0","0"
"2","duel_summary","duel","28","1790735194","1790735230","36","maps/mp/duel6","1","","0","","","0","iphash:f51458ac","^7Padawan","2","2","iphash:cb041f6d","Mpkill","2","2","0","seeing","seeing","0","0","0","0","0","0","0","0","0","0","0"
"2","duel_summary","duel","29","1790735237","1790735274","37","maps/mp/duel6","1","","0","","","0","iphash:f51458ac","^7Padawan","2","2","iphash:cb041f6d","Mpkill","2","2","0","seeing","seeing","0","0","0","0","0","0","0","0","0","0","0"
"2","duel_summary","duel","30","1790735289","1790735387","98","maps/mp/duel6","1","","0","","","0","iphash:f51458ac","^7Padawan","2","2","iphash:cb041f6d","Mpkill","2","2","0","seeing","seeing","0","0","0","0","0","0","0","0","0","0","0"
"2","duel_summary","duel","31","1790792925","1790792951","26","maps/mp/ffa3","1","","0","","","0","iphash:d16d474d","^0-=^3'/^7o^3!^0d^0=-^6","2","2","bot:/botfiles/mediumds.jkb","Saboteur","0","2","0","seeing","drain","0","0","0","0","0","0","0","0","0","0","0"
"2","duel_summary","duel","32","1790792957","1790792994","37","maps/mp/ffa3","1","","0","","","0","bot:/botfiles/mediumds.jkb","Saboteur","0","2","user:void","void","1","2","0","pull","unknown","0","0","0","0","0","0","0","0","0","0","0"
"2","duel_summary","duel","33","1790792998","1790793020","22","maps/mp/ffa3","1","","0","","","0","user:void","void","1","2","bot:/botfiles/mediumds.jkb","Saboteur","0","2","0","unknown","pull","0","0","0","0","0","0","0","0","0","0","0"
"2","duel_summary","duel","34","1790793022","1790793084","62","maps/mp/ffa3","1","","0","","","0","bot:/botfiles/mediumds.jkb","Saboteur","0","2","user:void","void","1","2","0","drain","seeing","0","0","0","0","0","0","0","0","0","0","0"
"2","duel_summary","duel","35","1790793088","1790793112","24","maps/mp/ffa3","1","","0","","","0","user:void","void","1","2","bot:/botfiles/mediumds.jkb","Saboteur","0","2","0","seeing","unknown","0","0","0","0","0","0","0","0","0","0","0"
"2","duel_summary","duel","36","1790793115","1790793175","60","maps/mp/ffa3","1","","0","","","0","user:void","void","1","2","bot:/botfiles/mediumds.jkb","Saboteur","0","2","0","seeing","drain","0","0","0","0","0","0","0","0","0","0","0"
"2","duel_summary","duel","37","1790793178","1790793197","19","maps/mp/ffa3","1","","0","","","0","user:void","void","1","2","bot:/botfiles/mediumds.jkb","Saboteur","0","2","0","seeing","unknown","0","0","0","0","0","0","0","0","0","0","0"
"2","duel_summary","duel","38","1790793210","1790793262","52","maps/mp/ffa3","1","","0","","","0","user:void","void","1","2","bot:/botfiles/mediumds.jkb","Saboteur","0","2","0","seeing","pull","0","0","0","0","0","0","0","0","0","0","0"
"2","duel_summary","duel","39","1790793264","1790793302","38","maps/mp/ffa3","1","","0","","","0","bot:/botfiles/mediumds.jkb","Saboteur","0","2","user:void","void","1","2","0","drain","seeing","0","0","0","0","0","0","0","0","0","0","0"
"2","duel_summary","duel","40","1790793309","1790793346","37","maps/mp/ffa3","1","","0","","","0","user:void","void","1","2","bot:/botfiles/hardds4.jkb","Reborn_Twin","0","2","0","seeing","grip","0","0","0","0","0","0","0","0","0","0","0"
"2","duel_summary","duel","41","1790793361","1790793398","37","maps/mp/ffa3","1","","0","","","0","user:void","void","1","2","bot:/botfiles/hardds4.jkb","Reborn_Twin","0","2","0","unknown","pull","0","0","0","0","0","0","0","0","0","0","0"
"2","duel_summary","duel","42","1790793401","1790793434","33","maps/mp/ffa3","1","","0","","","0","user:void","void","1","2","bot:/botfiles/hardds4.jkb","Reborn_Twin","0","2","0","unknown","pull","0","0","0","0","0","0","0","0","0","0","0"
"2","duel_summary","duel","43","1790793437","1790793483","46","maps/mp/ffa3","1","","0","","","0","user:void","void","1","2","bot:/botfiles/hardds4.jkb","Reborn_Twin","0","2","0","seeing","push","0","0","0","0","0","0","0","0","0","0","0"
"2","duel_summary","duel","44","1790797762","1790797850","88","maps/mp/ffa3","0","","0","","","0","iphash:eea7995d","LWL","2","1","bot:/botfiles/hardds4.jkb","New_Reborn","0","2","0","pull","","0","0","0","0","0","0","0","0","0","0","0"
"2","duel_summary","duel","45","1790797858","1790797877","19","maps/mp/ffa3","1","","0","","","0","bot:/botfiles/hardds4.jkb","New_Reborn","0","2","iphash:eea7995d","LWL","2","1","0","pull","pull","0","0","0","0","0","0","0","0","0","0","0"
"2","duel_summary","duel","46","1790797989","1790798106","117","maps/mp/ffa3","1","","0","","","0","bot:/botfiles/hardds2.jkb","Skryptr","0","2","iphash:eea7995d","LWL","2","1","0","grip","pull","0","0","0","0","0","0","0","0","0","0","0"
"2","duel_summary","duel","47","1790799694","1790799774","80","maps/mp/ffa3","1","","0","","","0","iphash:4cdd29ac","^0-=^3'/^7o^3!^0d^0=-^6","2","2","bot:/botfiles/hardds.jkb","Desann","0","2","0","unknown","unknown","0","0","0","0","0","0","0","0","0","0","0"
"2","duel_summary","duel","48","1790799832","1790799849","17","maps/mp/ffa3","1","","0","","","0","iphash:4cdd29ac","^0-=^3'/^7o^3!^0d^0=-^6","2","2","bot:/botfiles/hardds.jkb","Desann","0","2","0","seeing","pull","0","0","0","0","0","0","0","0","0","0","0"
"2","duel_summary","duel","49","1790799865","1790799891","26","maps/mp/ffa3","1","","0","","","0","iphash:4cdd29ac","^0-=^3'/^7o^3!^0d^0=-^6","2","2","bot:/botfiles/hardds.jkb","Desann","0","2","0","seeing","push","0","0","0","0","0","0","0","0","0","0","0"
"2","duel_summary","duel","50","1790799907","1790799991","84","maps/mp/ffa3","0","","0","","","0","iphash:4cdd29ac","^0-=^3'/^7o^3!^0d^0=-^6","2","2","iphash:72feb6d1","123c741_12ock37","2","1","0","seeing","seeing","0","0","0","0","0","0","0","0","0","0","0"
"2","duel_summary","duel","51","1790800020","1790800052","32","maps/mp/ffa3","1","","0","","","0","iphash:4cdd29ac","^0-=^3'/^7o^3!^0d^0=-^6","2","2","iphash:72feb6d1","123c741_12ock37","2","1","0","seeing","seeing","0","0","0","0","0","0","0","0","0","0","0"
"2","duel_summary","duel","52","1790800076","1790800111","35","maps/mp/ffa3","1","","0","","","0","iphash:4cdd29ac","^0-=^3'/^7o^3!^0d^0=-^6","2","2","bot:/botfiles/mediumds.jkb","Saboteur","0","2","0","seeing","unknown","0","0","0","0","0","0","0","0","0","0","0"
"2","duel_summary","duel","53","1790800121","1790800128","7","maps/mp/ffa3","1","","0","","","0","bot:/botfiles/hardds4.jkb","New_Reborn","0","2","iphash:72feb6d1","123c741_12ock37","2","1","0","unknown","unknown","0","0","0","0","0","0","0","0","0","0","0"
"2","duel_summary","duel","54","1790800127","1790800157","30","maps/mp/ffa3","1","","0","","","0","iphash:4cdd29ac","^0-=^3'/^7o^3!^0d^0=-^6","2","2","bot:/botfiles/hardds.jkb","Desann","0","2","0","seeing","speed","0","0","0","0","0","0","0","0","0","0","0"
"2","duel_summary","duel","55","1790800168","1790800180","12","maps/mp/ffa3","1","","0","","","0","bot:/botfiles/hardds4.jkb","New_Reborn","0","2","iphash:72feb6d1","123c741_12ock37","2","1","0","speed","seeing","0","0","0","0","0","0","0","0","0","0","0"
"2","duel_summary","duel","56","1790800174","1790800214","40","maps/mp/ffa3","1","","0","","","0","bot:/botfiles/hardds.jkb","Desann","0","2","iphash:4cdd29ac","^0-=^3'/^7o^3!^0d^0=-^6","2","2","0","pull","seeing","0","0","0","0","0","0","0","0","0","0","0"
"2","duel_summary","duel","57","1790800225","1790800233","8","maps/mp/ffa3","1","","0","","","0","bot:/botfiles/hardds.jkb","Desann","0","2","iphash:72feb6d1","123c741_12ock37","2","1","0","pull","seeing","0","0","0","0","0","0","0","0","0","0","0"
"2","duel_summary","duel","58","1790800243","1790800271","28","maps/mp/ffa3","1","","0","","","0","bot:/botfiles/hardds2.jkb","Skryptr","0","2","iphash:4cdd29ac","^0-=^3'/^7o^3!^0d^0=-^6","2","2","0","pull","seeing","0","0","0","0","0","0","0","0","0","0","0"
"2","duel_summary","duel","59","1790800283","1790800300","17","maps/mp/ffa3","1","","0","","","0","iphash:4cdd29ac","^0-=^3'/^7o^3!^0d^0=-^6","2","2","iphash:72feb6d1","123c741_12ock37","2","1","0","seeing","unknown","0","0","0","0","0","0","0","0","0","0","0"
"2","duel_summary","duel","60","1790800308","1790800359","51","maps/mp/ffa3","1","","0","","","0","iphash:4cdd29ac","^0-=^3'/^7o^3!^0d^0=-^6","2","2","iphash:72feb6d1","123c741_12ock37","2","1","0","seeing","seeing","0","0","0","0","0","0","0","0","0","0","0"
"2","duel_summary","duel","61","1790800372","1790800385","13","maps/mp/ffa3","1","","0","","","0","bot:/botfiles/hardds.jkb","Desann","0","2","iphash:4cdd29ac","^0-=^3'/^7o^3!^0d^0=-^6","2","2","0","push","unknown","0","0","0","0","0","0","0","0","0","0","0"
"2","duel_summary","duel","62","1790800651","1790800684","33","maps/mp/ffa3","1","","0","","","0","bot:/botfiles/easyds2.jkb","Swamptrooper","0","2","iphash:72feb6d1","123c741_12ock37","2","1","0","grip","seeing","0","0","0","0","0","0","0","0","0","0","0"
"2","duel_summary","duel","63","1790800743","1790800791","48","maps/mp/ffa3","1","","0","","","0","bot:/botfiles/easyds2.jkb","Swamptrooper","0","2","iphash:72feb6d1","123c741_12ock37","2","1","0","pull","seeing","0","0","0","0","0","0","0","0","0","0","0"
"2","duel_summary","duel","64","1790800821","1790800839","18","maps/mp/ffa3","1","","0","","","0","bot:/botfiles/easyds2.jkb","Swamptrooper","0","2","iphash:72feb6d1","123c741_12ock37","2","1","0","pull","seeing","0","0","0","0","0","0","0","0","0","0","0"
"2","duel_summary","duel","65","1790800848","1790800872","24","maps/mp/ffa3","1","","0","","","0","bot:/botfiles/easyds2.jkb","Swamptrooper","0","2","iphash:72feb6d1","123c741_12ock37","2","1","0","speed","unknown","0","0","0","0","0","0","0","0","0","0","0"
"2","duel_summary","duel","66","1790801799","1790801834","35","maps/mp/ffa3","1","","0","","","0","bot:/botfiles/mediumds.jkb","Saboteur","0","2","user:void","void","1","2","0","seeing","unknown","0","0","0","0","0","0","0","0","0","0","0"
"2","duel_summary","duel","67","1790801839","1790801876","37","maps/mp/ffa3","1","","0","","","0","bot:/botfiles/mediumds.jkb","Saboteur","0","2","user:void","void","1","2","0","pull","seeing","0","0","0","0","0","0","0","0","0","0","0"
"2","duel_summary","duel","68","1790801880","1790801914","34","maps/mp/ffa3","1","","0","","","0","user:void","void","1","2","bot:/botfiles/mediumds.jkb","Saboteur","0","2","0","unknown","pull","0","0","0","0","0","0","0","0","0","0","0"
"2","duel_summary","duel","69","1790801917","1790801942","25","maps/mp/ffa3","1","","0","","","0","user:void","void","1","2","bot:/botfiles/mediumds.jkb","Saboteur","0","2","0","seeing","speed","0","0","0","0","0","0","0","0","0","0","0"
"2","duel_summary","duel","70","1790801945","1790802028","83","maps/mp/ffa3","1","","0","","","0","bot:/botfiles/mediumds.jkb","Saboteur","0","2","user:void","void","1","2","0","pull","unknown","0","0","0","0","0","0","0","0","0","0","0"
"2","duel_summary","duel","71","1790802040","1790802076","36","maps/mp/ffa3","1","","0","","","0","user:void","void","1","2","bot:/botfiles/mediumds.jkb","Saboteur","0","2","0","seeing","unknown","0","0","0","0","0","0","0","0","0","0","0"
"2","duel_summary","duel","72","1790802078","1790802117","39","maps/mp/ffa3","1","","0","","","0","user:void","void","1","2","bot:/botfiles/mediumds.jkb","Saboteur","0","2","0","seeing","pull","0","0","0","0","0","0","0","0","0","0","0"
"2","duel_summary","duel","73","1790802121","1790802183","62","maps/mp/ffa3","1","","0","","","0","user:void","void","1","2","bot:/botfiles/mediumds.jkb","Saboteur","0","2","0","seeing","push","0","0","0","0","0","0","0","0","0","0","0"
"2","duel_summary","duel","74","1790802187","1790802211","24","maps/mp/ffa3","1","","0","","","0","user:void","void","1","2","bot:/botfiles/mediumds.jkb","Saboteur","0","2","0","seeing","drain","0","0","0","0","0","0","0","0","0","0","0"
"2","duel_summary","duel","75","1790802214","1790802239","25","maps/mp/ffa3","1","","0","","","0","user:void","void","1","2","bot:/botfiles/mediumds.jkb","Saboteur","0","2","0","seeing","drain","0","0","0","0","0","0","0","0","0","0","0"
"2","duel_summary","duel","76","1790802243","1790802277","34","maps/mp/ffa3","1","","0","","","0","user:void","void","1","2","bot:/botfiles/mediumds.jkb","Saboteur","0","2","0","seeing","push","0","0","0","0","0","0","0","0","0","0","0"
"2","duel_summary","duel","77","1790802280","1790802301","21","maps/mp/ffa3","1","","0","","","0","user:void","void","1","2","bot:/botfiles/mediumds.jkb","Saboteur","0","2","0","unknown","drain","0","0","0","0","0","0","0","0","0","0","0"
"2","duel_summary","duel","78","1790802348","1790802362","14","maps/mp/ffa3","1","","0","","","0","bot:/botfiles/mediumds.jkb","Cultist","0","2","user:void","void","1","2","0","pull","unknown","0","0","0","0","0","0","0","0","0","0","0"
"2","duel_summary","duel","79","1790802365","1790802390","25","maps/mp/ffa3","1","","0","","","0","user:void","void","1","2","bot:/botfiles/mediumds.jkb","Cultist","0","2","0","seeing","pull","0","0","0","0","0","0","0","0","0","0","0"
"2","duel_summary","duel","80","1790802393","1790802414","21","maps/mp/ffa3","1","","0","","","0","user:void","void","1","2","bot:/botfiles/mediumds.jkb","Cultist","0","2","0","unknown","pull","0","0","0","0","0","0","0","0","0","0","0"
"2","duel_summary","duel","81","1790802420","1790802475","55","maps/mp/ffa3","1","","0","","","0","user:void","void","1","2","bot:/botfiles/hardds2.jkb","Skryptr","0","2","0","seeing","unknown","0","0","0","0","0","0","0","0","0","0","0"
"2","duel_summary","duel","82","1790802478","1790802495","17","maps/mp/ffa3","1","","0","","","0","user:void","void","1","2","bot:/botfiles/hardds2.jkb","Skryptr","0","2","0","seeing","pull","0","0","0","0","0","0","0","0","0","0","0"
"2","duel_summary","duel","83","1790802499","1790802509","10","maps/mp/ffa3","0","","0","","","0","user:void","void","1","2","bot:/botfiles/hardds2.jkb","Skryptr","0","2","0","","","0","0","0","0","0","0","0","0","0","0","0"
"2","duel_summary","duel","84","1790802514","1790802535","21","maps/mp/ffa3","0","","0","","","0","user:void","void","1","2","bot:/botfiles/hardds2.jkb","Skryptr","0","2","0","","","0","0","0","0","0","0","0","0","0","0","0"
"2","duel_summary","duel","85","1790802540","1790802559","19","maps/mp/ffa3","0","","0","","","0","user:void","void","1","2","bot:/botfiles/hardds2.jkb","Skryptr","0","2","0","","","0","0","0","0","0","0","0","0","0","0","0"
"2","duel_summary","duel","86","1790802564","1790802584","20","maps/mp/ffa3","0","","0","","","0","user:void","void","1","2","bot:/botfiles/hardds2.jkb","Skryptr","0","2","0","seeing","","0","0","0","0","0","0","0","0","0","0","0"
"2","duel_summary","duel","87","1790802589","1790802596","7","maps/mp/ffa3","0","","0","","","0","user:void","void","1","2","bot:/botfiles/hardds2.jkb","Skryptr","0","2","0","","","0","0","0","0","0","0","0","0","0","0","0"
"2","duel_summary","duel","88","1790802625","1790802632","7","maps/mp/ffa3","1","","0","","","0","user:void","void","1","2","bot:/botfiles/hardds2.jkb","Skryptr","0","2","0","seeing","pull","0","0","0","0","0","0","0","0","0","0","0"
"2","duel_summary","duel","89","1790802636","1790802659","23","maps/mp/ffa3","1","","0","","","0","user:void","void","1","2","bot:/botfiles/hardds2.jkb","Skryptr","0","2","0","unknown","push","0","0","0","0","0","0","0","0","0","0","0"
"2","duel_summary","duel","90","1790802664","1790802672","8","maps/mp/ffa3","1","","0","","","0","user:void","void","1","2","bot:/botfiles/hardds2.jkb","Skryptr","0","2","0","seeing","unknown","0","0","0","0","0","0","0","0","0","0","0"
"2","duel_summary","duel","91","1790802674","1790802701","27","maps/mp/ffa3","1","","0","","","0","bot:/botfiles/hardds2.jkb","Skryptr","0","2","user:void","void","1","2","0","drain","seeing","0","0","0","0","0","0","0","0","0","0","0"
"2","duel_summary","duel","92","1790802705","1790802748","43","maps/mp/ffa3","1","","0","","","0","bot:/botfiles/hardds2.jkb","Skryptr","0","2","user:void","void","1","2","0","grip","unknown","0","0","0","0","0","0","0","0","0","0","0"
"2","duel_summary","duel","93","1790802787","1790802814","27","maps/mp/ffa3","1","","0","","","0","user:void","void","1","2","bot:/botfiles/hardds2.jkb","Skryptr","0","2","0","seeing","pull","0","0","0","0","0","0","0","0","0","0","0"
"2","duel_summary","duel","94","1790802823","1790802845","22","maps/mp/ffa3","1","","0","","","0","bot:/botfiles/hardds2.jkb","Skryptr","0","2","user:void","void","1","2","0","drain","seeing","0","0","0","0","0","0","0","0","0","0","0"
"2","duel_summary","duel","95","1790802853","1790802864","11","maps/mp/ffa3","1","","0","","","0","user:void","void","1","2","bot:/botfiles/hardds2.jkb","Skryptr","0","2","0","seeing","pull","0","0","0","0","0","0","0","0","0","0","0"
"2","duel_summary","duel","96","1790802867","1790802931","64","maps/mp/ffa3","1","","0","","","0","user:void","void","1","2","bot:/botfiles/hardds2.jkb","Skryptr","0","2","0","seeing","push","0","0","0","0","0","0","0","0","0","0","0"
"2","duel_summary","duel","97","1790802940","1790802959","19","maps/mp/ffa3","1","","0","","","0","user:void","void","1","2","bot:/botfiles/hardds2.jkb","Skryptr","0","2","0","seeing","unknown","0","0","0","0","0","0","0","0","0","0","0"
"2","duel_summary","duel","98","1790802965","1790802979","14","maps/mp/ffa3","1","","0","","","0","user:void","void","1","2","bot:/botfiles/hardds2.jkb","Skryptr","0","2","0","unknown","pull","0","0","0","0","0","0","0","0","0","0","0"
"2","duel_summary","duel","99","1790802981","1790803055","74","maps/mp/ffa3","1","","0","","","0","user:void","void","1","2","bot:/botfiles/hardds2.jkb","Skryptr","0","2","0","unknown","pull","0","0","0","0","0","0","0","0","0","0","0"
"2","duel_summary","duel","100","1790803064","1790803123","59","maps/mp/ffa3","1","","0","","","0","user:void","void","1","2","bot:/botfiles/hardds2.jkb","Skryptr","0","2","0","seeing","unknown","0","0","0","0","0","0","0","0","0","0","0"
"2","duel_summary","duel","101","1790803127","1790803135","8","maps/mp/ffa3","1","","0","","","0","user:void","void","1","2","bot:/botfiles/hardds2.jkb","Skryptr","0","2","0","seeing","drain","0","0","0","0","0","0","0","0","0","0","0"
"2","duel_summary","duel","102","1790803137","1790803156","19","maps/mp/ffa3","1","","0","","","0","user:void","void","1","2","bot:/botfiles/hardds2.jkb","Skryptr","0","2","0","seeing","drain","0","0","0","0","0","0","0","0","0","0","0"
"2","duel_summary","duel","103","1790803160","1790803183","23","maps/mp/ffa3","1","","0","","","0","bot:/botfiles/hardds2.jkb","Skryptr","0","2","user:void","void","1","2","0","drain","unknown","0","0","0","0","0","0","0","0","0","0","0"
"2","duel_summary","duel","104","1790803186","1790803204","18","maps/mp/ffa3","1","","0","","","0","bot:/botfiles/hardds2.jkb","Skryptr","0","2","user:void","void","1","2","0","pull","seeing","0","0","0","0","0","0","0","0","0","0","0"
"2","duel_summary","duel","105","1790804654","1790804665","11","maps/mp/ffa3","1","","0","","","0","bot:/botfiles/mediumds.jkb","Alora","0","2","iphash:4cdd29ac","^0-=^3'/^7o^3!^0d^0=-^6","2","2","0","seeing","unknown","0","0","0","0","0","0","0","0","0","0","0"
"2","duel_summary","duel","106","1790804670","1790804724","54","maps/mp/ffa3","1","","0","","","0","iphash:4cdd29ac","^0-=^3'/^7o^3!^0d^0=-^6","2","2","bot:/botfiles/mediumds.jkb","Alora","0","2","0","unknown","grip","0","0","0","0","0","0","0","0","0","0","0"
"2","duel_summary","duel","107","1790804727","1790804761","34","maps/mp/ffa3","1","","0","","","0","bot:/botfiles/mediumds.jkb","Alora","0","2","iphash:4cdd29ac","^0-=^3'/^7o^3!^0d^0=-^6","2","2","0","pull","seeing","0","0","0","0","0","0","0","0","0","0","0"
"2","duel_summary","duel","108","1790804764","1790804773","9","maps/mp/ffa3","1","","0","","","0","bot:/botfiles/mediumds.jkb","Alora","0","2","iphash:4cdd29ac","^0-=^3'/^7o^3!^0d^0=-^6","2","2","0","pull","seeing","0","0","0","0","0","0","0","0","0","0","0"
"2","duel_summary","duel","109","1790804788","1790804829","41","maps/mp/ffa3","1","","0","","","0","iphash:4cdd29ac","^0-=^3'/^7o^3!^0d^0=-^6","2","2","bot:/botfiles/mediumds.jkb","Alora","0","2","0","unknown","pull","0","0","0","0","0","0","0","0","0","0","0"
"2","duel_summary","duel","110","1790804840","1790804894","54","maps/mp/ffa3","1","","0","","","0","iphash:4cdd29ac","^0-=^3'/^7o^3!^0d^0=-^6","2","2","bot:/botfiles/mediumds.jkb","Alora","0","2","0","unknown","speed","0","0","0","0","0","0","0","0","0","0","0"
"2","duel_summary","duel","111","1790805979","1790806036","57","maps/mp/ffa3","1","","0","","","0","user:void","void","1","2","user:goon","goon","1","2","0","seeing","seeing","0","0","0","0","0","0","0","0","0","0","0"
"2","duel_summary","duel","112","1790806039","1790806064","25","maps/mp/ffa3","1","","0","","","0","user:goon","goon","1","2","user:void","void","1","2","0","seeing","seeing","0","0","0","0","0","0","0","0","0","0","0"
"2","duel_summary","duel","113","1790806069","1790806113","44","maps/mp/ffa3","1","","0","","","0","user:void","void","1","2","user:goon","goon","1","2","0","unknown","seeing","0","0","0","0","0","0","0","0","0","0","0"
"2","duel_summary","duel","114","1790806125","1790806139","14","maps/mp/ffa3","1","","0","","","0","user:goon","goon","1","2","user:void","void","1","2","0","seeing","unknown","0","0","0","0","0","0","0","0","0","0","0"
"2","duel_summary","duel","115","1790806168","1790806219","51","maps/mp/ffa3","1","","0","","","0","user:goon","goon","1","2","user:void","void","1","2","0","seeing","unknown","0","0","0","0","0","0","0","0","0","0","0"
"2","duel_summary","duel","116","1790806224","1790806245","21","maps/mp/ffa3","1","","0","","","0","user:goon","goon","1","2","user:void","void","1","2","0","seeing","unknown","0","0","0","0","0","0","0","0","0","0","0"
"2","duel_summary","duel","117","1790806249","1790806270","21","maps/mp/ffa3","1","","0","","","0","user:goon","goon","1","2","user:void","void","1","2","0","seeing","seeing","0","0","0","0","0","0","0","0","0","0","0"
"2","duel_summary","duel","118","1790806278","1790806335","57","maps/mp/ffa3","1","","0","","","0","user:void","void","1","2","user:goon","goon","1","2","0","seeing","seeing","0","0","0","0","0","0","0","0","0","0","0"
"2","duel_summary","duel","119","1790806342","1790806427","85","maps/mp/ffa3","1","","0","","","0","user:void","void","1","2","user:goon","goon","1","2","0","seeing","seeing","0","0","0","0","0","0","0","0","0","0","0"
"2","duel_summary","duel","120","1790806430","1790806444","14","maps/mp/ffa3","1","","0","","","0","user:void","void","1","2","user:goon","goon","1","2","0","unknown","seeing","0","0","0","0","0","0","0","0","0","0","0"
"2","duel_summary","duel","121","1790806454","1790806541","87","maps/mp/ffa3","1","","0","","","0","user:void","void","1","2","user:goon","goon","1","2","0","seeing","seeing","0","0","0","0","0","0","0","0","0","0","0"
"2","duel_summary","duel","122","1790806545","1790806634","89","maps/mp/ffa3","1","","0","","","0","user:void","void","1","2","user:goon","goon","1","2","0","unknown","seeing","0","0","0","0","0","0","0","0","0","0","0"
"2","duel_summary","duel","123","1790806655","1790806697","42","maps/mp/ffa3","1","","0","","","0","user:void","void","1","2","user:goon","goon","1","2","0","unknown","seeing","0","0","0","0","0","0","0","0","0","0","0"
"2","duel_summary","duel","124","1790806703","1790806790","87","maps/mp/ffa3","1","","0","","","0","user:goon","goon","1","2","user:void","void","1","2","0","seeing","unknown","0","0","0","0","0","0","0","0","0","0","0"
"2","duel_summary","duel","125","1790806794","1790806850","56","maps/mp/ffa3","1","","0","","","0","user:goon","goon","1","2","user:void","void","1","2","0","seeing","unknown","0","0","0","0","0","0","0","0","0","0","0"
"2","duel_summary","duel","126","1790806856","1790806879","23","maps/mp/ffa3","1","","0","","","0","user:goon","goon","1","2","user:void","void","1","2","0","seeing","unknown","0","0","0","0","0","0","0","0","0","0","0"
"2","duel_summary","duel","127","1790806885","1790806912","27","maps/mp/ffa3","1","","0","","","0","user:void","void","1","2","user:goon","goon","1","2","0","unknown","seeing","0","0","0","0","0","0","0","0","0","0","0"
"2","duel_summary","duel","128","1790806916","1790806973","57","maps/mp/ffa3","1","","0","","","0","user:goon","goon","1","2","user:void","void","1","2","0","unknown","seeing","0","0","0","0","0","0","0","0","0","0","0"
"2","duel_summary","duel","129","1790806978","1790807022","44","maps/mp/ffa3","1","","0","","","0","user:void","void","1","2","user:goon","goon","1","2","0","seeing","seeing","0","0","0","0","0","0","0","0","0","0","0"
"2","duel_summary","duel","130","1790807026","1790807065","39","maps/mp/ffa3","1","","0","","","0","user:void","void","1","2","user:goon","goon","1","2","0","unknown","seeing","0","0","0","0","0","0","0","0","0","0","0"
"2","duel_summary","duel","131","1790807071","1790807094","23","maps/mp/ffa3","1","","0","","","0","user:goon","goon","1","2","user:void","void","1","2","0","seeing","seeing","0","0","0","0","0","0","0","0","0","0","0"
"2","duel_summary","duel","132","1790807099","1790807129","30","maps/mp/ffa3","1","","0","","","0","user:void","void","1","2","user:goon","goon","1","2","0","seeing","seeing","0","0","0","0","0","0","0","0","0","0","0"
"2","duel_summary","duel","133","1790807132","1790807162","30","maps/mp/ffa3","1","","0","","","0","user:void","void","1","2","user:goon","goon","1","2","0","unknown","seeing","0","0","0","0","0","0","0","0","0","0","0"
"2","duel_summary","duel","134","1790807165","1790807221","56","maps/mp/ffa3","1","","0","","","0","user:void","void","1","2","user:goon","goon","1","2","0","unknown","seeing","0","0","0","0","0","0","0","0","0","0","0"
"2","duel_summary","duel","135","1790807224","1790807384","160","maps/mp/ffa3","1","","0","","","0","user:void","void","1","2","user:goon","goon","1","2","0","unknown","seeing","0","0","0","0","0","0","0","0","0","0","0"
"2","duel_summary","duel","136","1790807400","1790807418","18","maps/mp/ffa3","1","","0","","","0","bot:/botfiles/mediumds.jkb","Alora","0","2","user:void","void","1","2","0","pull","seeing","0","0","0","0","0","0","0","0","0","0","0"
"2","duel_summary","duel","137","1790807423","1790807461","38","maps/mp/ffa3","1","","0","","","0","user:void","void","1","2","bot:/botfiles/mediumds.jkb","Alora","0","2","0","unknown","grip","0","0","0","0","0","0","0","0","0","0","0"
"2","duel_summary","duel","138","1790807464","1790807489","25","maps/mp/ffa3","1","","0","","","0","user:void","void","1","2","bot:/botfiles/mediumds.jkb","Alora","0","2","0","unknown","drain","0","0","0","0","0","0","0","0","0","0","0"
"2","duel_summary","duel","139","1790807505","1790807527","22","maps/mp/ffa3","1","","0","","","0","user:void","void","1","2","user:goon","goon","1","2","0","seeing","seeing","0","0","0","0","0","0","0","0","0","0","0"
"2","duel_summary","duel","140","1790807537","1790807604","67","maps/mp/ffa3","1","","0","","","0","user:void","void","1","2","user:goon","goon","1","2","0","unknown","seeing","0","0","0","0","0","0","0","0","0","0","0"
"2","duel_summary","duel","141","1790807607","1790807609","2","maps/mp/ffa3","1","","0","","","0","user:void","void","1","2","bot:/botfiles/mediumds.jkb","Alora","0","2","0","","speed","0","0","0","0","0","0","0","0","0","0","0"
"2","duel_summary","duel","142","1790807617","1790807711","94","maps/mp/ffa3","1","","0","","","0","user:void","void","1","2","user:goon","goon","1","2","0","unknown","seeing","0","0","0","0","0","0","0","0","0","0","0"
"2","duel_summary","duel","143","1790807716","1790807731","15","maps/mp/ffa3","1","","0","","","0","user:void","void","1","2","user:goon","goon","1","2","0","seeing","seeing","0","0","0","0","0","0","0","0","0","0","0"
"2","duel_summary","duel","144","1790807734","1790807846","112","maps/mp/ffa3","1","","0","","","0","user:void","void","1","2","user:goon","goon","1","2","0","seeing","seeing","0","0","0","0","0","0","0","0","0","0","0"
"2","duel_summary","duel","145","1790807852","1790807914","62","maps/mp/ffa3","1","","0","","","0","user:goon","goon","1","2","user:void","void","1","2","0","unknown","seeing","0","0","0","0","0","0","0","0","0","0","0"
"2","duel_summary","duel","146","1790807947","1790807980","33","maps/mp/ffa3","1","","0","","","0","user:void","void","1","2","user:goon","goon","1","2","0","seeing","seeing","0","0","0","0","0","0","0","0","0","0","0"
"2","duel_summary","duel","147","1790807983","1790808060","77","maps/mp/ffa3","1","","0","","","0","user:void","void","1","2","user:goon","goon","1","2","0","seeing","seeing","0","0","0","0","0","0","0","0","0","0","0"
"2","duel_summary","duel","148","1790808065","1790808145","80","maps/mp/ffa3","1","","0","","","0","user:void","void","1","2","user:goon","goon","1","2","0","seeing","seeing","0","0","0","0","0","0","0","0","0","0","0"
"2","duel_summary","duel","149","1790808149","1790808295","146","maps/mp/ffa3","1","","0","","","0","user:void","void","1","2","user:goon","goon","1","2","0","seeing","seeing","0","0","0","0","0","0","0","0","0","0","0"
"2","duel_summary","duel","150","1790808298","1790808343","45","maps/mp/ffa3","1","","0","","","0","user:void","void","1","2","user:goon","goon","1","2","0","unknown","seeing","0","0","0","0","0","0","0","0","0","0","0"
"2","duel_summary","duel","151","1790808345","1790808391","46","maps/mp/ffa3","1","","0","","","0","user:void","void","1","2","user:goon","goon","1","2","0","seeing","seeing","0","0","0","0","0","0","0","0","0","0","0"
"2","duel_summary","duel","152","1790808398","1790808440","42","maps/mp/ffa3","1","","0","","","0","user:goon","goon","1","2","user:void","void","1","2","0","seeing","unknown","0","0","0","0","0","0","0","0","0","0","0"
"2","duel_summary","duel","153","1790808478","1790808514","36","maps/mp/ffa3","1","","0","","","0","user:void","void","1","2","user:goon","goon","1","2","0","seeing","seeing","0","0","0","0","0","0","0","0","0","0","0"
"2","duel_summary","duel","154","1790808518","1790808531","13","maps/mp/ffa3","1","","0","","","0","user:void","void","1","2","user:goon","goon","1","2","0","seeing","seeing","0","0","0","0","0","0","0","0","0","0","0"
"2","duel_summary","duel","155","1790808535","1790808576","41","maps/mp/ffa3","1","","0","","","0","user:goon","goon","1","2","user:void","void","1","2","0","seeing","seeing","0","0","0","0","0","0","0","0","0","0","0"
"2","duel_summary","duel","156","1790808580","1790808633","53","maps/mp/ffa3","1","","0","","","0","user:goon","goon","1","2","user:void","void","1","2","0","seeing","seeing","0","0","0","0","0","0","0","0","0","0","0"
"2","duel_summary","duel","157","1790808640","1790808673","33","maps/mp/ffa3","1","","0","","","0","user:goon","goon","1","2","user:void","void","1","2","0","seeing","seeing","0","0","0","0","0","0","0","0","0","0","0"
"2","duel_summary","duel","158","1790808677","1790808808","131","maps/mp/ffa3","1","","0","","","0","user:goon","goon","1","2","user:void","void","1","2","0","seeing","seeing","0","0","0","0","0","0","0","0","0","0","0"
"2","duel_summary","duel","159","1790808813","1790808873","60","maps/mp/ffa3","1","","0","","","0","user:goon","goon","1","2","user:void","void","1","2","0","seeing","seeing","0","0","0","0","0","0","0","0","0","0","0"
"2","duel_summary","duel","160","1790808877","1790808936","59","maps/mp/ffa3","1","","0","","","0","user:void","void","1","2","user:goon","goon","1","2","0","seeing","seeing","0","0","0","0","0","0","0","0","0","0","0"
"2","duel_summary","duel","161","1790819893","1790819968","75","maps/mp/ffa3","0","","0","","","0","user:sugarkane","sugarkane","1","2","user:void","void","1","2","0","seeing","seeing","0","0","0","0","0","0","0","0","0","0","0"
"2","duel_summary","duel","162","1790819976","1790820002","26","maps/mp/ffa3","0","","0","","","0","user:sugarkane","sugarkane","1","2","user:void","void","1","2","0","seeing","seeing","0","0","0","0","0","0","0","0","0","0","0"
"2","duel_summary","duel","163","1790820015","1790820048","33","maps/mp/ffa3","0","","0","","","0","user:sugarkane","sugarkane","1","2","user:void","void","1","2","0","seeing","seeing","0","0","0","0","0","0","0","0","0","0","0"
"2","duel_summary","duel","164","1790820062","1790820205","143","maps/mp/ffa3","0","","0","","","0","user:void","void","1","2","user:sugarkane","sugarkane","1","2","0","seeing","seeing","0","0","0","0","0","0","0","0","0","0","0"
"2","duel_summary","duel","165","1790820209","1790820233","24","maps/mp/ffa3","0","","0","","","0","user:sugarkane","sugarkane","1","2","user:void","void","1","2","0","seeing","seeing","0","0","0","0","0","0","0","0","0","0","0"
"2","duel_summary","duel","166","1790820251","1790820289","38","maps/mp/ffa3","0","","0","","","0","user:sugarkane","sugarkane","1","2","user:void","void","1","2","0","seeing","seeing","0","0","0","0","0","0","0","0","0","0","0"
"2","duel_summary","duel","167","1790820311","1790820338","27","maps/mp/ffa3","0","","0","","","0","user:sugarkane","sugarkane","1","2","user:void","void","1","2","0","seeing","seeing","0","0","0","0","0","0","0","0","0","0","0"
"2","duel_summary","duel","168","1790820350","1790820375","25","maps/mp/ffa3","0","","0","","","0","user:void","void","1","2","user:sugarkane","sugarkane","1","2","0","seeing","seeing","0","0","0","0","0","0","0","0","0","0","0"
"2","duel_summary","duel","169","1790820388","1790820425","37","maps/mp/ffa3","0","","0","","","0","user:sugarkane","sugarkane","1","2","user:void","void","1","2","0","seeing","seeing","0","0","0","0","0","0","0","0","0","0","0"
"2","duel_summary","duel","170","1790820430","1790820438","8","maps/mp/ffa3","0","","0","","","0","user:void","void","1","2","user:sugarkane","sugarkane","1","2","0","","seeing","0","0","0","0","0","0","0","0","0","0","0"
"2","duel_summary","duel","171","1790820441","1790820457","16","maps/mp/ffa3","0","","0","","","0","user:void","void","1","2","user:sugarkane","sugarkane","1","2","0","","seeing","0","0","0","0","0","0","0","0","0","0","0"
"2","duel_summary","duel","172","1790820461","1790820521","60","maps/mp/ffa3","0","","0","","","0","user:void","void","1","2","user:sugarkane","sugarkane","1","2","0","seeing","seeing","0","0","0","0","0","0","0","0","0","0","0"
"2","duel_summary","duel","173","1790820577","1790820599","22","maps/mp/ffa3","1","","0","","","0","iphash:5880f9c7","^7g ^0( ^7o ^0Y ^7o ^0) ^7n","2","2","user:sugarkane","sugarkane","1","2","0","seeing","seeing","0","0","0","0","0","0","0","0","0","0","0"
"2","duel_summary","duel","174","1790820614","1790820709","95","maps/mp/ffa3","1","","0","","","0","iphash:5880f9c7","^7g ^0( ^7o ^0Y ^7o ^0) ^7n","2","2","user:sugarkane","sugarkane","1","2","0","seeing","unknown","0","0","0","0","0","0","0","0","0","0","0"
"2","duel_summary","duel","175","1790820729","1790820796","67","maps/mp/ffa3","1","","0","","","0","iphash:5880f9c7","^7g ^0( ^7o ^0Y ^7o ^0) ^7n","2","2","user:void","void","1","2","0","seeing","seeing","0","0","0","0","0","0","0","0","0","0","0"
"2","duel_summary","duel","176","1790820798","1790820817","19","maps/mp/ffa3","1","","0","","","0","user:sugarkane","sugarkane","1","2","iphash:0cf8da7a","pasta masta","2","2","0","seeing","seeing","0","0","0","0","0","0","0","0","0","0","0"
"2","duel_summary","duel","177","1790820937","1790820967","30","maps/mp/ffa3","1","","0","","","0","user:void","void","1","2","iphash:5880f9c7","^7g ^0( ^7o ^0Y ^7o ^0) ^7n","2","2","0","unknown","seeing","0","0","0","0","0","0","0","0","0","0","0"
"2","duel_summary","duel","178","1790821020","1790821047","27","maps/mp/ffa3","1","","0","","","0","user:void","void","1","2","user:sugarkane","sugarkane","1","2","0","seeing","seeing","0","0","0","0","0","0","0","0","0","0","0"
"2","duel_summary","duel","179","1790821103","1790821146","43","maps/mp/ffa3","1","","0","","","0","user:sugarkane","sugarkane","1","2","user:void","void","1","2","0","seeing","unknown","0","0","0","0","0","0","0","0","0","0","0"
"2","duel_summary","duel","180","1790821159","1790821222","63","maps/mp/ffa3","1","","0","","","0","user:sugarkane","sugarkane","1","2","user:void","void","1","2","0","seeing","seeing","0","0","0","0","0","0","0","0","0","0","0"
"2","duel_summary","duel","181","1790821231","1790821238","7","maps/mp/ffa3","1","","0","","","0","user:sugarkane","sugarkane","1","2","user:void","void","1","2","0","seeing","seeing","0","0","0","0","0","0","0","0","0","0","0"
"2","duel_summary","duel","182","1790821246","1790821315","69","maps/mp/ffa3","1","","0","","","0","iphash:5880f9c7","^7g ^0( ^7o ^0Y ^7o ^0) ^7n","2","2","user:sugarkane","sugarkane","1","2","0","seeing","seeing","0","0","0","0","0","0","0","0","0","0","0"
"2","duel_summary","duel","183","1790821323","1790821439","116","maps/mp/ffa3","1","","0","","","0","user:void","void","1","2","iphash:5880f9c7","^7g ^0( ^7o ^0Y ^7o ^0) ^7n","2","2","0","seeing","seeing","0","0","0","0","0","0","0","0","0","0","0"
"2","duel_summary","duel","184","1790821448","1790821549","101","maps/mp/ffa3","1","","0","","","0","iphash:5880f9c7","^7g ^0( ^7o ^0Y ^7o ^0) ^7n","2","2","user:void","void","1","2","0","seeing","seeing","0","0","0","0","0","0","0","0","0","0","0"
"2","duel_summary","duel","185","1790821675","1790821711","36","maps/mp/ffa3","1","","0","","","0","user:void","void","1","2","bot:/botfiles/mediumds.jkb","Weequay","0","2","0","unknown","pull","0","0","0","0","0","0","0","0","0","0","0"
"2","duel_summary","duel","186","1790821730","1790821742","12","maps/mp/ffa3","1","","0","","","0","user:void","void","1","2","iphash:5880f9c7","^7g ^0( ^7o ^0Y ^7o ^0) ^7n","2","2","0","seeing","seeing","0","0","0","0","0","0","0","0","0","0","0"
"2","duel_summary","duel","187","1790821840","1790821893","53","maps/mp/ffa3","1","","0","","","0","user:void","void","1","2","user:sugarkane","sugarkane","1","2","0","seeing","seeing","0","0","0","0","0","0","0","0","0","0","0"
"2","duel_summary","duel","188","1790821922","1790821949","27","maps/mp/ffa3","1","","0","","","0","user:void","void","1","2","user:sugarkane","sugarkane","1","2","0","seeing","seeing","0","0","0","0","0","0","0","0","0","0","0"
"2","duel_summary","duel","189","1790821984","1790822101","117","maps/mp/ffa3","1","","0","","","0","user:void","void","1","2","iphash:a625b7c7","^7g ^0( ^7o ^0Y ^7o ^0) ^7n","2","2","0","seeing","seeing","0","0","0","0","0","0","0","0","0","0","0"
"2","duel_summary","duel","190","1790822110","1790822204","94","maps/mp/ffa3","1","","0","","","0","iphash:a625b7c7","^7g ^0( ^7o ^0Y ^7o ^0) ^7n","2","2","user:void","void","1","2","0","seeing","unknown","0","0","0","0","0","0","0","0","0","0","0"
"2","duel_summary","duel","191","1790822582","1790822798","216","maps/mp/ffa3","1","","0","","","0","user:jundon","jundon","1","2","user:sugarkane","sugarkane","1","2","0","seeing","seeing","0","0","0","0","0","0","0","0","0","0","0"
"2","duel_summary","duel","192","1790822835","1790822854","19","maps/mp/ffa3","1","","0","","","0","user:jundon","jundon","1","2","iphash:4cdd29ac","^0-=^3'/^7o^3!^0d^0=-^6","2","2","0","seeing","unknown","0","0","0","0","0","0","0","0","0","0","0"
"2","duel_summary","duel","193","1790822859","1790822916","57","maps/mp/ffa3","1","","0","","","0","user:jundon","jundon","1","2","user:void","void","1","2","0","seeing","seeing","0","0","0","0","0","0","0","0","0","0","0"
"2","duel_summary","duel","194","1790822929","1790822950","21","maps/mp/ffa3","1","","0","","","0","user:void","void","1","2","user:jundon","jundon","1","2","0","seeing","seeing","0","0","0","0","0","0","0","0","0","0","0"
"2","duel_summary","duel","195","1790822968","1790823058","90","maps/mp/ffa3","1","","0","","","0","user:jundon","jundon","1","2","user:void","void","1","2","0","seeing","seeing","0","0","0","0","0","0","0","0","0","0","0"
"2","duel_summary","duel","196","1790823112","1790823137","25","maps/mp/ffa3","1","","0","","","0","user:void","void","1","2","user:sugarkane","sugarkane","1","2","0","unknown","seeing","0","0","0","0","0","0","0","0","0","0","0"
"2","duel_summary","duel","197","1790823174","1790823205","31","maps/mp/ffa3","1","","0","","","0","user:void","void","1","2","user:sugarkane","sugarkane","1","2","0","seeing","seeing","0","0","0","0","0","0","0","0","0","0","0"
"2","duel_summary","duel","198","1790823523","1790823559","36","maps/mp/ffa3","1","","0","","","0","user:void","void","1","2","user:sugarkane","sugarkane","1","2","0","seeing","seeing","0","0","0","0","0","0","0","0","0","0","0"
"2","duel_summary","duel","199","1790823627","1790823694","67","maps/mp/ffa3","1","","0","","","0","user:sugarkane","sugarkane","1","2","user:void","void","1","2","0","seeing","unknown","0","0","0","0","0","0","0","0","0","0","0"
"2","duel_summary","duel","200","1790823953","1790823971","18","maps/mp/ffa3","1","","0","","","0","user:sugarkane","sugarkane","1","2","user:void","void","1","2","0","seeing","unknown","0","0","0","0","0","0","0","0","0","0","0"
"2","duel_summary","duel","201","1790823979","1790824041","62","maps/mp/ffa3","1","","0","","","0","user:void","void","1","2","user:sugarkane","sugarkane","1","2","0","seeing","unknown","0","0","0","0","0","0","0","0","0","0","0"
"2","duel_summary","duel","202","1790824120","1790824141","21","maps/mp/ffa3","1","","0","","","0","user:sugarkane","sugarkane","1","2","iphash:052707fc","^2?^0¿^2û^0k^2ö^0ñ^2?^0¿","2","2","0","seeing","seeing","0","0","0","0","0","0","0","0","0","0","0"
"2","duel_summary","duel","203","1790824145","1790824172","27","maps/mp/ffa3","1","","0","","","0","iphash:052707fc","^2?^0¿^2û^0k^2ö^0ñ^2?^0¿","2","2","user:sugarkane","sugarkane","1","2","0","unknown","seeing","0","0","0","0","0","0","0","0","0","0","0"
"2","duel_summary","duel","204","1790824181","1790824223","42","maps/mp/ffa3","1","","0","","","0","iphash:052707fc","^2?^0¿^2û^0k^2ö^0ñ^2?^0¿","2","2","user:sugarkane","sugarkane","1","2","0","seeing","seeing","0","0","0","0","0","0","0","0","0","0","0"
"2","duel_summary","duel","205","1790824280","1790824296","16","maps/mp/ffa3","1","","0","","","0","user:jundon","jundon","1","2","user:sugarkane","sugarkane","1","2","0","seeing","unknown","0","0","0","0","0","0","0","0","0","0","0"
"2","duel_summary","duel","206","1790824234","1790824318","84","maps/mp/ffa3","1","","0","","","0","iphash:052707fc","^2?^0¿^2û^0k^2ö^0ñ^2?^0¿","2","2","user:void","void","1","2","0","seeing","seeing","0","0","0","0","0","0","0","0","0","0","0"
"2","duel_summary","duel","207","1790824328","1790824425","97","maps/mp/ffa3","1","","0","","","0","user:jundon","jundon","1","2","user:sugarkane","sugarkane","1","2","0","seeing","unknown","0","0","0","0","0","0","0","0","0","0","0"
"2","duel_summary","duel","208","1790824491","1790824551","60","maps/mp/ffa3","1","","0","","","0","user:jundon","jundon","1","2","iphash:cb041f6d","Mpkill","2","2","0","seeing","seeing","0","0","0","0","0","0","0","0","0","0","0"
"2","duel_summary","duel","209","1790824651","1790824665","14","maps/mp/ffa3","1","","0","","","0","user:jundon","jundon","1","2","user:sugarkane","sugarkane","1","2","0","seeing","unknown","0","0","0","0","0","0","0","0","0","0","0"
"2","duel_summary","duel","210","1790824618","1790824676","58","maps/mp/ffa3","1","","0","","","0","user:goon","goon","1","2","iphash:cb041f6d","Mpkill","2","2","0","seeing","unknown","0","0","0","0","0","0","0","0","0","0","0"
"2","duel_summary","duel","211","1790824671","1790824687","16","maps/mp/ffa3","1","","0","","","0","user:jundon","jundon","1","2","user:sugarkane","sugarkane","1","2","0","seeing","unknown","0","0","0","0","0","0","0","0","0","0","0"
"2","duel_summary","duel","212","1790824703","1790824734","31","maps/mp/ffa3","1","","0","","","0","user:jundon","jundon","1","2","iphash:cb041f6d","Mpkill","2","2","0","seeing","unknown","0","0","0","0","0","0","0","0","0","0","0"
"2","duel_summary","duel","213","1790824747","1790824803","56","maps/mp/ffa3","1","","0","","","0","user:jundon","jundon","1","2","iphash:cb041f6d","Mpkill","2","2","0","seeing","seeing","0","0","0","0","0","0","0","0","0","0","0"
"2","duel_summary","duel","214","1790824883","1790824935","52","maps/mp/ffa3","1","","0","","","0","user:jundon","jundon","1","2","iphash:cb041f6d","Mpkill","2","2","0","seeing","seeing","0","0","0","0","0","0","0","0","0","0","0"
"2","duel_summary","duel","215","1790824949","1790824994","45","maps/mp/ffa3","1","","0","","","0","user:goon","goon","1","2","user:sugarkane","sugarkane","1","2","0","seeing","seeing","0","0","0","0","0","0","0","0","0","0","0"
"2","duel_summary","duel","216","1790825012","1790825043","31","maps/mp/ffa3","1","","0","","","0","iphash:052707fc","^2?^0¿^2û^0k^2ö^0ñ^2?^0¿","2","2","iphash:2b03bc65","^0-=^3'/^7o^3!^0d^0=-^6","2","2","0","seeing","seeing","0","0","0","0","0","0","0","0","0","0","0"
"2","duel_summary","duel","217","1790825049","1790825066","17","maps/mp/ffa3","1","","0","","","0","iphash:052707fc","^2?^0¿^2û^0k^2ö^0ñ^2?^0¿","2","2","iphash:2b03bc65","^0-=^3'/^7o^3!^0d^0=-^6","2","2","0","seeing","unknown","0","0","0","0","0","0","0","0","0","0","0"
"2","duel_summary","duel","218","1790825071","1790825116","45","maps/mp/ffa3","1","","0","","","0","iphash:052707fc","^2?^0¿^2û^0k^2ö^0ñ^2?^0¿","2","2","iphash:2b03bc65","^0-=^3'/^7o^3!^0d^0=-^6","2","2","0","seeing","seeing","0","0","0","0","0","0","0","0","0","0","0"
"2","duel_summary","duel","219","1790825139","1790825165","26","maps/mp/ffa3","1","","0","","","0","iphash:cb041f6d","Mpkill","2","2","iphash:2b03bc65","^0-=^3'/^7o^3!^0d^0=-^6","2","2","0","seeing","seeing","0","0","0","0","0","0","0","0","0","0","0"
"2","duel_summary","duel","220","1790825172","1790825258","86","maps/mp/ffa3","1","","0","","","0","user:goon","goon","1","2","iphash:cb041f6d","Mpkill","2","2","0","seeing","seeing","0","0","0","0","0","0","0","0","0","0","0"
"2","duel_summary","duel","221","1790825303","1790825320","17","maps/mp/ffa3","1","","0","","","0","iphash:6d27bf9b","pad","2","1","user:sugarkane","sugarkane","1","2","0","seeing","seeing","0","0","0","0","0","0","0","0","0","0","0"
"2","duel_summary","duel","222","1790825326","1790825335","9","maps/mp/ffa3","1","","0","","","0","iphash:6d27bf9b","pad","2","1","iphash:2b03bc65","^0-=^3'/^7o^3!^0d^0=-^6","2","2","0","seeing","seeing","0","0","0","0","0","0","0","0","0","0","0"
"2","duel_summary","duel","223","1790825341","1790825354","13","maps/mp/ffa3","1","","0","","","0","iphash:6d27bf9b","pad","2","1","iphash:2b03bc65","^0-=^3'/^7o^3!^0d^0=-^6","2","2","0","unknown","seeing","0","0","0","0","0","0","0","0","0","0","0"
"2","duel_summary","duel","224","1790825404","1790825409","5","maps/mp/ffa3","1","","0","","","0","user:goon","goon","1","2","iphash:cb041f6d","Mpkill","2","2","0","seeing","seeing","0","0","0","0","0","0","0","0","0","0","0"
"2","duel_summary","duel","225","1790825418","1790825440","22","maps/mp/ffa3","1","","0","","","0","user:goon","goon","1","2","iphash:2b03bc65","^0-=^3'/^7o^3!^0d^0=-^6","2","2","0","seeing","seeing","0","0","0","0","0","0","0","0","0","0","0"
"2","duel_summary","duel","226","1790825444","1790825458","14","maps/mp/ffa3","1","","0","","","0","iphash:2b03bc65","^0-=^3'/^7o^3!^0d^0=-^6","2","2","user:goon","goon","1","2","0","seeing","seeing","0","0","0","0","0","0","0","0","0","0","0"
"2","duel_summary","duel","227","1790825482","1790825518","36","maps/mp/ffa3","1","","0","","","0","user:jundon","jundon","1","2","iphash:cb041f6d","Mpkill","2","2","0","seeing","unknown","0","0","0","0","0","0","0","0","0","0","0"
"2","duel_summary","duel","228","1790825467","1790825533","66","maps/mp/ffa3","1","","0","","","0","iphash:2b03bc65","^0-=^3'/^7o^3!^0d^0=-^6","2","2","user:goon","goon","1","2","0","seeing","seeing","0","0","0","0","0","0","0","0","0","0","0"
"2","duel_summary","duel","229","1790825539","1790825584","45","maps/mp/ffa3","1","","0","","","0","user:goon","goon","1","2","iphash:2b03bc65","^0-=^3'/^7o^3!^0d^0=-^6","2","2","0","seeing","unknown","0","0","0","0","0","0","0","0","0","0","0"
"2","duel_summary","duel","230","1790825602","1790825623","21","maps/mp/ffa3","1","","0","","","0","user:goon","goon","1","2","iphash:2b03bc65","^0-=^3'/^7o^3!^0d^0=-^6","2","2","0","seeing","seeing","0","0","0","0","0","0","0","0","0","0","0"
"2","duel_summary","duel","231","1790825685","1790825719","34","maps/mp/ffa3","1","","0","","","0","iphash:cb041f6d","Mpkill","2","2","iphash:2b03bc65","^0-=^3'/^7o^3!^0d^0=-^6","2","2","0","unknown","seeing","0","0","0","0","0","0","0","0","0","0","0"
"2","duel_summary","duel","232","1790825737","1790825838","101","maps/mp/ffa3","1","","0","","","0","iphash:cb041f6d","Mpkill","2","2","iphash:2b03bc65","^0-=^3'/^7o^3!^0d^0=-^6","2","2","0","seeing","seeing","0","0","0","0","0","0","0","0","0","0","0"
"2","duel_summary","duel","233","1790825856","1790825868","12","maps/mp/ffa3","1","","0","","","0","iphash:2b03bc65","^0-=^3'/^7o^3!^0d^0=-^6","2","2","iphash:cb041f6d","Mpkill","2","2","0","seeing","seeing","0","0","0","0","0","0","0","0","0","0","0"
"2","duel_summary","duel","234","1790825887","1790825907","20","maps/mp/ffa3","1","","0","","","0","iphash:cb041f6d","Mpkill","2","2","iphash:2b03bc65","^0-=^3'/^7o^3!^0d^0=-^6","2","2","0","seeing","seeing","0","0","0","0","0","0","0","0","0","0","0"
"2","duel_summary","duel","235","1790825914","1790825962","48","maps/mp/ffa3","1","","0","","","0","iphash:cb041f6d","Mpkill","2","2","iphash:2b03bc65","^0-=^3'/^7o^3!^0d^0=-^6","2","2","0","seeing","seeing","0","0","0","0","0","0","0","0","0","0","0"
"2","duel_summary","duel","236","1790825976","1790826051","75","maps/mp/ffa3","1","","0","","","0","iphash:2b03bc65","^0-=^3'/^7o^3!^0d^0=-^6","2","2","iphash:cb041f6d","Mpkill","2","2","0","seeing","seeing","0","0","0","0","0","0","0","0","0","0","0"
"2","duel_summary","duel","237","1790826059","1790826204","145","maps/mp/ffa3","1","","0","","","0","iphash:cb041f6d","Mpkill","2","2","iphash:2b03bc65","^0-=^3'/^7o^3!^0d^0=-^6","2","2","0","seeing","seeing","0","0","0","0","0","0","0","0","0","0","0"
"2","duel_summary","duel","238","1790826211","1790826255","44","maps/mp/ffa3","1","","0","","","0","iphash:2b03bc65","^0-=^3'/^7o^3!^0d^0=-^6","2","2","iphash:cb041f6d","Mpkill","2","2","0","seeing","seeing","0","0","0","0","0","0","0","0","0","0","0"
"2","duel_summary","duel","239","1790826326","1790826352","26","maps/mp/ffa3","1","","0","","","0","iphash:2b03bc65","^0-=^3'/^7o^3!^0d^0=-^6","2","2","iphash:052707fc","^2?^0¿^2û^0k^2ö^0ñ^2?^0¿","2","2","0","seeing","seeing","0","0","0","0","0","0","0","0","0","0","0"
"2","duel_summary","duel","240","1790826358","1790826399","41","maps/mp/ffa3","1","","0","","","0","iphash:052707fc","^2?^0¿^2û^0k^2ö^0ñ^2?^0¿","2","2","iphash:2b03bc65","^0-=^3'/^7o^3!^0d^0=-^6","2","2","0","seeing","unknown","0","0","0","0","0","0","0","0","0","0","0"
"2","duel_summary","duel","241","1790826405","1790826437","32","maps/mp/ffa3","1","","0","","","0","iphash:052707fc","^2?^0¿^2û^0k^2ö^0ñ^2?^0¿","2","2","iphash:2b03bc65","^0-=^3'/^7o^3!^0d^0=-^6","2","2","0","seeing","unknown","0","0","0","0","0","0","0","0","0","0","0"
"2","duel_summary","duel","242","1790826445","1790826458","13","maps/mp/ffa3","1","","0","","","0","iphash:052707fc","^2?^0¿^2û^0k^2ö^0ñ^2?^0¿","2","2","iphash:2b03bc65","^0-=^3'/^7o^3!^0d^0=-^6","2","2","0","seeing","seeing","0","0","0","0","0","0","0","0","0","0","0"
"2","duel_summary","duel","243","1790826463","1790826497","34","maps/mp/ffa3","1","","0","","","0","iphash:052707fc","^2?^0¿^2û^0k^2ö^0ñ^2?^0¿","2","2","iphash:2b03bc65","^0-=^3'/^7o^3!^0d^0=-^6","2","2","0","seeing","seeing","0","0","0","0","0","0","0","0","0","0","0"
"2","duel_summary","duel","244","1790826488","1790826525","37","maps/mp/ffa3","1","","0","","","0","iphash:cb041f6d","Mpkill","2","2","iphash:8fac4823","TUA^tiw","2","2","0","seeing","seeing","0","0","0","0","0","0","0","0","0","0","0"
"2","duel_summary","duel","245","1790826502","1790826568","66","maps/mp/ffa3","1","","0","","","0","iphash:2b03bc65","^0-=^3'/^7o^3!^0d^0=-^6","2","2","iphash:052707fc","^2?^0¿^2û^0k^2ö^0ñ^2?^0¿","2","2","0","seeing","seeing","0","0","0","0","0","0","0","0","0","0","0"
"2","duel_summary","duel","246","1790826536","1790826573","37","maps/mp/ffa3","1","","0","","","0","iphash:cb041f6d","Mpkill","2","2","iphash:8fac4823","TUA^tiw","2","2","0","seeing","unknown","0","0","0","0","0","0","0","0","0","0","0"
"2","duel_summary","duel","247","1790826605","1790826649","44","maps/mp/ffa3","1","","0","","","0","iphash:cb041f6d","Mpkill","2","2","iphash:8fac4823","TUA^tiw","2","2","0","seeing","seeing","0","0","0","0","0","0","0","0","0","0","0"
"2","duel_summary","duel","248","1790826658","1790826675","17","maps/mp/ffa3","1","","0","","","0","iphash:cb041f6d","Mpkill","2","2","iphash:8fac4823","TUA^tiw","2","2","0","seeing","seeing","0","0","0","0","0","0","0","0","0","0","0"
"2","duel_summary","duel","249","1790826690","1790826734","44","maps/mp/ffa3","1","","0","","","0","iphash:cb041f6d","Mpkill","2","2","iphash:8fac4823","TUA^tiw","2","2","0","seeing","seeing","0","0","0","0","0","0","0","0","0","0","0"
"2","duel_summary","duel","250","1790826698","1790826744","46","maps/mp/ffa3","1","","0","","","0","iphash:c526d4d6","^7-=^0Alias^7=-","2","2","iphash:052707fc","^2?^0¿^2û^0k^2ö^0ñ^2?^0¿","2","2","0","seeing","seeing","0","0","0","0","0","0","0","0","0","0","0"
"2","duel_summary","duel","251","1790826747","1790826812","65","maps/mp/ffa3","1","","0","","","0","user:sugarkane","sugarkane","1","2","iphash:2b03bc65","^0-=^3'/^7o^3!^0d^0=-^6","2","2","0","seeing","unknown","0","0","0","0","0","0","0","0","0","0","0"
"2","duel_summary","duel","252","1790826779","1790826836","57","maps/mp/ffa3","1","","0","","","0","iphash:cb041f6d","Mpkill","2","2","iphash:8fac4823","TUA^tiw","2","2","0","seeing","seeing","0","0","0","0","0","0","0","0","0","0","0"
"2","duel_summary","duel","253","1790826753","1790826855","102","maps/mp/ffa3","1","","0","","","0","iphash:052707fc","^2?^0¿^2û^0k^2ö^0ñ^2?^0¿","2","2","iphash:c526d4d6","^7-=^0Alias^7=-","2","2","0","seeing","seeing","0","0","0","0","0","0","0","0","0","0","0"
"2","duel_summary","duel","254","1790826843","1790826890","47","maps/mp/ffa3","1","","0","","","0","iphash:cb041f6d","Mpkill","2","2","iphash:8fac4823","TUA^tiw","2","2","0","seeing","seeing","0","0","0","0","0","0","0","0","0","0","0"
"2","duel_summary","duel","255","1790826898","1790826959","61","maps/mp/ffa3","1","","0","","","0","iphash:cb041f6d","Mpkill","2","2","iphash:8fac4823","TUA^tiw","2","2","0","seeing","seeing","0","0","0","0","0","0","0","0","0","0","0"
"2","duel_summary","duel","256","1790826830","1790827000","170","maps/mp/ffa3","1","","0","","","0","iphash:2b03bc65","^0-=^3'/^7o^3!^0d^0=-^6","2","2","user:sugarkane","sugarkane","1","2","0","seeing","seeing","0","0","0","0","0","0","0","0","0","0","0"
"2","duel_summary","duel","257","1790826977","1790827091","114","maps/mp/ffa3","1","","0","","","0","iphash:cb041f6d","Mpkill","2","2","iphash:8fac4823","TUA^tiw","2","2","0","seeing","seeing","0","0","0","0","0","0","0","0","0","0","0"
"2","duel_summary","duel","258","1790827031","1790827092","61","maps/mp/ffa3","1","","0","","","0","bot:/botfiles/mediumds.jkb","Lannik","0","2","iphash:2b03bc65","^0-=^3'/^7o^3!^0d^0=-^6","2","2","0","seeing","unknown","0","0","0","0","0","0","0","0","0","0","0"
"2","duel_summary","duel","259","1790827101","1790827137","36","maps/mp/ffa3","1","","0","","","0","iphash:8fac4823","TUA^tiw","2","2","iphash:cb041f6d","Mpkill","2","2","0","seeing","seeing","0","0","0","0","0","0","0","0","0","0","0"
"2","duel_summary","duel","260","1790827144","1790827168","24","maps/mp/ffa3","1","","0","","","0","iphash:cb041f6d","Mpkill","2","2","iphash:8fac4823","TUA^tiw","2","2","0","seeing","seeing","0","0","0","0","0","0","0","0","0","0","0"
"2","duel_summary","duel","261","1790827172","1790827183","11","maps/mp/ffa3","1","","0","","","0","iphash:cb041f6d","Mpkill","2","2","iphash:8fac4823","TUA^tiw","2","2","0","","seeing","0","0","0","0","0","0","0","0","0","0","0"
"2","duel_summary","duel","262","1790827187","1790827210","23","maps/mp/ffa3","1","","0","","","0","iphash:cb041f6d","Mpkill","2","2","iphash:8fac4823","TUA^tiw","2","2","0","","seeing","0","0","0","0","0","0","0","0","0","0","0"
"2","duel_summary","duel","263","1790827326","1790827380","54","maps/mp/ffa3","1","","0","","","0","iphash:cb041f6d","Mpkill","2","2","bot:/botfiles/mediumds.jkb","Lannik","0","2","0","unknown","speed","0","0","0","0","0","0","0","0","0","0","0"
"2","duel_summary","duel","264","1790827390","1790827405","15","maps/mp/ffa3","1","","0","","","0","iphash:cb041f6d","Mpkill","2","2","bot:/botfiles/mediumds.jkb","Lannik","0","2","0","unknown","push","0","0","0","0","0","0","0","0","0","0","0"
"2","duel_summary","duel","265","1790827234","1790827417","183","maps/mp/ffa3","1","","0","","","0","user:sugarkane","sugarkane","1","2","iphash:2b03bc65","^0-=^3'/^7o^3!^0d^0=-^6","2","2","0","seeing","seeing","0","0","0","0","0","0","0","0","0","0","0"
"2","duel_summary","duel","266","1790827410","1790827424","14","maps/mp/ffa3","1","","0","","","0","iphash:cb041f6d","Mpkill","2","2","bot:/botfiles/mediumds.jkb","Lannik","0","2","0","seeing","push","0","0","0","0","0","0","0","0","0","0","0"
"2","duel_summary","duel","267","1790827427","1790827504","77","maps/mp/ffa3","1","","0","","","0","iphash:cb041f6d","Mpkill","2","2","bot:/botfiles/mediumds.jkb","Lannik","0","2","0","unknown","push","0","0","0","0","0","0","0","0","0","0","0"
"2","duel_summary","duel","268","1790827509","1790827526","17","maps/mp/ffa3","1","","0","","","0","iphash:cb041f6d","Mpkill","2","2","bot:/botfiles/mediumds.jkb","Lannik","0","2","0","seeing","drain","0","0","0","0","0","0","0","0","0","0","0"
"2","duel_summary","duel","269","1790827528","1790827559","31","maps/mp/ffa3","1","","0","","","0","bot:/botfiles/mediumds.jkb","Lannik","0","2","iphash:cb041f6d","Mpkill","2","2","0","pull","unknown","0","0","0","0","0","0","0","0","0","0","0"
"2","duel_summary","duel","270","1790827732","1790827819","87","maps/mp/ffa3","1","","0","","","0","iphash:cb041f6d","Mpkill","2","2","iphash:2b03bc65","^0-=^3'/^7o^3!^0d^0=-^6","2","2","0","seeing","seeing","0","0","0","0","0","0","0","0","0","0","0"
"2","duel_summary","duel","271","1790827779","1790827825","46","maps/mp/ffa3","1","","0","","","0","bot:/botfiles/mediumds.jkb","Lannik","0","2","iphash:d4cfd1d8","^3Wookiee","2","1","0","unknown","seeing","0","0","0","0","0","0","0","0","0","0","0"
"2","duel_summary","duel","272","1790827826","1790827891","65","maps/mp/ffa3","1","","0","","","0","iphash:cb041f6d","Mpkill","2","2","iphash:2b03bc65","^0-=^3'/^7o^3!^0d^0=-^6","2","2","0","seeing","seeing","0","0","0","0","0","0","0","0","0","0","0"
"2","duel_summary","duel","273","1790827909","1790827931","22","maps/mp/ffa3","1","","0","","","0","user:sugarkane","sugarkane","1","2","iphash:8fac4823","TUA^tiw","2","2","0","seeing","unknown","0","0","0","0","0","0","0","0","0","0","0"
"2","duel_summary","duel","274","1790827901","1790827949","48","maps/mp/ffa3","1","","0","","","0","iphash:2b03bc65","^0-=^3'/^7o^3!^0d^0=-^6","2","2","iphash:cb041f6d","Mpkill","2","2","0","seeing","seeing","0","0","0","0","0","0","0","0","0","0","0"
"2","duel_summary","duel","275","1790827937","1790827970","33","maps/mp/ffa3","1","","0","","","0","user:sugarkane","sugarkane","1","2","iphash:8fac4823","TUA^tiw","2","2","0","seeing","seeing","0","0","0","0","0","0","0","0","0","0","0"
"2","duel_summary","duel","276","1790827975","1790828018","43","maps/mp/ffa3","1","","0","","","0","user:sugarkane","sugarkane","1","2","iphash:8fac4823","TUA^tiw","2","2","0","seeing","seeing","0","0","0","0","0","0","0","0","0","0","0"
"2","duel_summary","duel","277","1790828025","1790828031","6","maps/mp/ffa3","1","","0","","","0","user:sugarkane","sugarkane","1","2","iphash:8fac4823","TUA^tiw","2","2","0","seeing","seeing","0","0","0","0","0","0","0","0","0","0","0"
"2","duel_summary","duel","278","1790828003","1790828043","40","maps/mp/ffa3","1","","0","","","0","iphash:2b03bc65","^0-=^3'/^7o^3!^0d^0=-^6","2","2","iphash:cb041f6d","Mpkill","2","2","0","seeing","seeing","0","0","0","0","0","0","0","0","0","0","0"
"2","duel_summary","duel","279","1790828068","1790828076","8","maps/mp/ffa3","1","","0","","","0","iphash:cb041f6d","Mpkill","2","2","iphash:8fac4823","TUA^tiw","2","2","0","","seeing","0","0","0","0","0","0","0","0","0","0","0"
"2","duel_summary","duel","280","1790828119","1790828187","68","maps/mp/ffa3","1","","0","","","0","iphash:cb041f6d","Mpkill","2","2","iphash:8fac4823","TUA^tiw","2","2","0","seeing","seeing","0","0","0","0","0","0","0","0","0","0","0"
"2","duel_summary","duel","281","1790828192","1790828267","75","maps/mp/ffa3","1","","0","","","0","iphash:cb041f6d","Mpkill","2","2","iphash:8fac4823","TUA^tiw","2","2","0","seeing","seeing","0","0","0","0","0","0","0","0","0","0","0"
"2","duel_summary","duel","282","1790828282","1790828319","37","maps/mp/ffa3","1","","0","","","0","iphash:cb041f6d","Mpkill","2","2","iphash:8fac4823","TUA^tiw","2","2","0","seeing","seeing","0","0","0","0","0","0","0","0","0","0","0"
"2","duel_summary","duel","283","1790828309","1790828333","24","maps/mp/ffa3","1","","0","","","0","bot:/botfiles/mediumds.jkb","Lannik","0","2","iphash:2b03bc65","^0-=^3'/^7o^3!^0d^0=-^6","2","2","0","pull","unknown","0","0","0","0","0","0","0","0","0","0","0"
"2","duel_summary","duel","284","1790828329","1790828396","67","maps/mp/ffa3","1","","0","","","0","iphash:cb041f6d","Mpkill","2","2","iphash:8fac4823","TUA^tiw","2","2","0","seeing","seeing","0","0","0","0","0","0","0","0","0","0","0"
"2","duel_summary","duel","285","1790828420","1790828430","10","maps/mp/ffa3","1","","0","","","0","user:sugarkane","sugarkane","1","2","iphash:2b03bc65","^0-=^3'/^7o^3!^0d^0=-^6","2","2","0","seeing","seeing","0","0","0","0","0","0","0","0","0","0","0"
"2","duel_summary","duel","286","1790828406","1790828435","29","maps/mp/ffa3","1","","0","","","0","iphash:8fac4823","TUA^tiw","2","2","iphash:cb041f6d","Mpkill","2","2","0","seeing","seeing","0","0","0","0","0","0","0","0","0","0","0"
"2","duel_summary","duel","287","1790828439","1790828471","32","maps/mp/ffa3","1","","0","","","0","user:sugarkane","sugarkane","1","2","iphash:2b03bc65","^0-=^3'/^7o^3!^0d^0=-^6","2","2","0","seeing","unknown","0","0","0","0","0","0","0","0","0","0","0"
"2","duel_summary","duel","288","1790828446","1790828499","53","maps/mp/ffa3","1","","0","","","0","iphash:cb041f6d","Mpkill","2","2","iphash:8fac4823","TUA^tiw","2","2","0","seeing","seeing","0","0","0","0","0","0","0","0","0","0","0"
"2","duel_summary","duel","289","1790828476","1790828579","103","maps/mp/ffa3","1","","0","","","0","user:sugarkane","sugarkane","1","2","iphash:2b03bc65","^0-=^3'/^7o^3!^0d^0=-^6","2","2","0","seeing","seeing","0","0","0","0","0","0","0","0","0","0","0"
"2","duel_summary","duel","290","1790828519","1790828596","77","maps/mp/ffa3","1","","0","","","0","iphash:cb041f6d","Mpkill","2","2","iphash:8fac4823","TUA^tiw","2","2","0","seeing","seeing","0","0","0","0","0","0","0","0","0","0","0"
"2","duel_summary","duel","291","1790828597","1790828666","69","maps/mp/ffa3","1","","0","","","0","iphash:2b03bc65","^0-=^3'/^7o^3!^0d^0=-^6","2","2","user:sugarkane","sugarkane","1","2","0","seeing","seeing","0","0","0","0","0","0","0","0","0","0","0"
"2","duel_summary","duel","292","1790828611","1790828687","76","maps/mp/ffa3","1","","0","","","0","iphash:cb041f6d","Mpkill","2","2","iphash:8fac4823","TUA^tiw","2","2","0","seeing","seeing","0","0","0","0","0","0","0","0","0","0","0"
"2","duel_summary","duel","293","1790828691","1790828717","26","maps/mp/ffa3","1","","0","","","0","iphash:cb041f6d","Mpkill","2","2","iphash:8fac4823","TUA^tiw","2","2","0","seeing","seeing","0","0","0","0","0","0","0","0","0","0","0"
"2","duel_summary","duel","294","1790828730","1790828771","41","maps/mp/ffa3","1","","0","","","0","iphash:cb041f6d","Mpkill","2","2","iphash:2b03bc65","^0-=^3'/^7o^3!^0d^0=-^6","2","2","0","seeing","seeing","0","0","0","0","0","0","0","0","0","0","0"
"2","duel_summary","duel","295","1790828779","1790828823","44","maps/mp/ffa3","1","","0","","","0","iphash:2b03bc65","^0-=^3'/^7o^3!^0d^0=-^6","2","2","iphash:cb041f6d","Mpkill","2","2","0","seeing","seeing","0","0","0","0","0","0","0","0","0","0","0"
"2","duel_summary","duel","296","1790828830","1790828842","12","maps/mp/ffa3","1","","0","","","0","iphash:cb041f6d","Mpkill","2","2","iphash:2b03bc65","^0-=^3'/^7o^3!^0d^0=-^6","2","2","0","seeing","seeing","0","0","0","0","0","0","0","0","0","0","0"
"2","duel_summary","duel","297","1790828847","1790828893","46","maps/mp/ffa3","1","","0","","","0","iphash:2b03bc65","^0-=^3'/^7o^3!^0d^0=-^6","2","2","iphash:cb041f6d","Mpkill","2","2","0","seeing","seeing","0","0","0","0","0","0","0","0","0","0","0"
"2","duel_summary","duel","298","1790829631","1790829754","123","maps/mp/ffa3","1","","0","","","0","iphash:2b03bc65","^0-=^3'/^7o^3!^0d^0=-^6","2","2","iphash:cb041f6d","Mpkill","2","2","0","seeing","unknown","0","0","0","0","0","0","0","0","0","0","0"
"2","duel_summary","duel","299","1790829861","1790829886","25","maps/mp/ffa3","1","","0","","","0","iphash:cb041f6d","Mpkill","2","2","iphash:2b03bc65","^0-=^3'/^7o^3!^0d^0=-^6","2","2","0","seeing","seeing","0","0","0","0","0","0","0","0","0","0","0"
"2","duel_summary","duel","300","1790829897","1790829941","44","maps/mp/ffa3","1","","0","","","0","iphash:2b03bc65","^0-=^3'/^7o^3!^0d^0=-^6","2","2","iphash:cb041f6d","Mpkill","2","2","0","seeing","unknown","0","0","0","0","0","0","0","0","0","0","0"
"2","duel_summary","duel","301","1790829952","1790830017","65","maps/mp/ffa3","1","","0","","","0","iphash:cb041f6d","Mpkill","2","2","user:void","void","1","2","0","seeing","seeing","0","0","0","0","0","0","0","0","0","0","0"
"2","duel_summary","duel","302","1790830031","1790830047","16","maps/mp/ffa3","1","","0","","","0","iphash:cb041f6d","Mpkill","2","2","user:void","void","1","2","0","unknown","seeing","0","0","0","0","0","0","0","0","0","0","0"
"2","duel_summary","duel","303","1790830058","1790830102","44","maps/mp/ffa3","1","","0","","","0","iphash:cb041f6d","Mpkill","2","2","user:void","void","1","2","0","seeing","seeing","0","0","0","0","0","0","0","0","0","0","0"
"2","duel_summary","duel","304","1790830114","1790830137","23","maps/mp/ffa3","1","","0","","","0","user:void","void","1","2","iphash:cb041f6d","Mpkill","2","2","0","seeing","seeing","0","0","0","0","0","0","0","0","0","0","0"
"2","duel_summary","duel","305","1790830160","1790830168","8","maps/mp/ffa3","1","","0","","","0","iphash:cb041f6d","Mpkill","2","2","user:void","void","1","2","0","seeing","","0","0","0","0","0","0","0","0","0","0","0"
"2","duel_summary","duel","306","1790830180","1790830189","9","maps/mp/ffa3","1","","0","","","0","user:void","void","1","2","iphash:cb041f6d","Mpkill","2","2","0","seeing","unknown","0","0","0","0","0","0","0","0","0","0","0"
"2","duel_summary","duel","307","1790830204","1790830261","57","maps/mp/ffa3","1","","0","","","0","user:void","void","1","2","iphash:cb041f6d","Mpkill","2","2","0","seeing","seeing","0","0","0","0","0","0","0","0","0","0","0"
"2","duel_summary","duel","308","1790830270","1790830295","25","maps/mp/ffa3","1","","0","","","0","iphash:cb041f6d","Mpkill","2","2","user:void","void","1","2","0","seeing","seeing","0","0","0","0","0","0","0","0","0","0","0"
"2","duel_summary","duel","309","1790830308","1790830333","25","maps/mp/ffa3","1","","0","","","0","user:void","void","1","2","iphash:cb041f6d","Mpkill","2","2","0","seeing","unknown","0","0","0","0","0","0","0","0","0","0","0"
"2","duel_summary","duel","310","1790840595","1790840771","176","maps/mp/ffa3","1","","0","","","0","bot:/botfiles/hardds4.jkb","Reborn_Twin","0","2","iphash:f51458ac","^7Padawan","2","2","0","push","seeing","0","0","0","0","0","0","0","0","0","0","0"
"2","duel_summary","duel","311","1790840797","1790840808","11","maps/mp/ffa3","1","","0","","","0","iphash:f51458ac","^7Padawan","2","2","bot:/botfiles/hardds4.jkb","Reborn_Twin","0","2","0","seeing","push","0","0","0","0","0","0","0","0","0","0","0"
"2","duel_summary","duel","312","1790840911","1790840966","55","maps/mp/ffa3","1","","0","","","0","bot:/botfiles/hardds.jkb","Desann","0","2","iphash:f51458ac","^7Padawan","2","2","0","push","seeing","0","0","0","0","0","0","0","0","0","0","0"
"2","duel_summary","duel","313","1790840992","1790841015","23","maps/mp/ffa3","1","","0","","","0","bot:/botfiles/hardds4.jkb","Reborn_Twin","0","2","iphash:f51458ac","^7Padawan","2","2","0","pull","unknown","0","0","0","0","0","0","0","0","0","0","0"
"2","arcade_session","arcade","1","1790812217","1790812293","76","maps/mp/duel4","21","level_clear","1","iphash:4cdd29ac","^0-=^3'/^7o^3!^0d^0=-^6","2","","","0","0","","","0","0","0","","","1","950","887","393","328","26","2","3","4","11","1"
"2","arcade_session","arcade","2","1790812296","1790812364","68","maps/mp/duel4","21","level_clear","2","iphash:4cdd29ac","^0-=^3'/^7o^3!^0d^0=-^6","2","","","0","0","","","0","0","0","","","1","881","823","195","341","45","2","5","6","8","1"
"2","arcade_session","arcade","3","1790812366","1790812410","44","maps/mp/duel4","21","level_clear","3","iphash:4cdd29ac","^0-=^3'/^7o^3!^0d^0=-^6","2","","","0","0","","","0","0","0","","","1","615","516","255","330","43","0","9","2","8","0"
"2","arcade_session","arcade","4","1790812412","1790812428","16","maps/mp/duel4","21","level_clear","4","iphash:4cdd29ac","^0-=^3'/^7o^3!^0d^0=-^6","2","","","0","0","","","0","0","0","","","1","193","115","21","118","0","0","1","1","0","0"
"2","arcade_session","arcade","5","1790812430","1790812462","32","maps/mp/duel4","21","eliminated","5","iphash:4cdd29ac","^0-=^3'/^7o^3!^0d^0=-^6","2","","","0","0","","","0","0","0","","","0","330","235","314","211","5","2","3","5","0","2"
"2","arcade_session","arcade","6","1790812472","1790812613","141","maps/mp/duel4","21","level_clear","1","iphash:4cdd29ac","^0-=^3'/^7o^3!^0d^0=-^6","2","","","0","0","","","0","0","0","","","1","801","718","139","493","13","2","1","7","10","3"
"2","arcade_session","arcade","7","1790812615","1790812665","50","maps/mp/duel4","21","level_clear","2","iphash:4cdd29ac","^0-=^3'/^7o^3!^0d^0=-^6","2","","","0","0","","","0","0","0","","","1","753","654","113","307","34","1","4","5","9","1"
"2","arcade_session","arcade","8","1790812667","1790812715","48","maps/mp/duel4","21","eliminated","3","iphash:4cdd29ac","^0-=^3'/^7o^3!^0d^0=-^6","2","","","0","0","","","0","0","0","","","0","667","569","234","263","41","2","6","2","5","4"
"2","arcade_session","arcade","9","1790812725","1790812937","212","maps/mp/duel4","21","disconnect","1","user:void","void","1","","","0","0","","","0","0","0","","","0","5","5","76","0","0","0","0","0","0","0"
"2","arcade_session","arcade","10","1790818437","1790818508","71","maps/vjun3","21","level_clear","1","iphash:4cdd29ac","^0-=^3'/^7o^3!^0d^0=-^6","2","","","0","0","","","0","0","0","","","1","810","712","249","362","59","4","3","6","14","2"
"2","arcade_session","arcade","11","1790818510","1790818539","29","maps/vjun3","21","level_clear","2","iphash:4cdd29ac","^0-=^3'/^7o^3!^0d^0=-^6","2","","","0","0","","","0","0","0","","","1","390","314","159","260","8","1","3","4","3","1"
"2","arcade_session","arcade","12","1790818541","1790818573","32","maps/vjun3","21","level_clear","3","iphash:4cdd29ac","^0-=^3'/^7o^3!^0d^0=-^6","2","","","0","0","","","0","0","0","","","1","350","255","111","131","17","0","2","0","4","0"
"2","arcade_session","arcade","13","1790818575","1790818696","121","maps/vjun3","21","level_clear","4","iphash:4cdd29ac","^0-=^3'/^7o^3!^0d^0=-^6","2","","","0","0","","","0","0","0","","","1","1717","1618","421","590","111","7","5","7","32","1"
"2","arcade_session","arcade","14","1790818698","1790818752","54","maps/vjun3","21","eliminated","5","iphash:4cdd29ac","^0-=^3'/^7o^3!^0d^0=-^6","2","","","0","0","","","0","0","0","","","0","555","549","254","108","18","2","1","4","3","0"
"2","arcade_session","arcade","15","1790818762","1790818813","51","maps/vjun3","21","eliminated","1","iphash:4cdd29ac","^0-=^3'/^7o^3!^0d^0=-^6","2","","","0","0","","","0","0","0","","","0","451","353","213","253","19","3","2","9","2","1"
"2","arcade_session","arcade","16","1790818823","1790818908","85","maps/vjun3","21","eliminated","1","iphash:4cdd29ac","^0-=^3'/^7o^3!^0d^0=-^6","2","","","0","0","","","0","0","0","","","0","938","918","203","231","12","5","3","5","7","1"
"2","arcade_session","arcade","17","1790818918","1790818954","36","maps/vjun3","21","eliminated","1","iphash:4cdd29ac","^0-=^3'/^7o^3!^0d^0=-^6","2","","","0","0","","","0","0","0","","","0","398","398","317","112","12","2","5","0","7","0"
"2","arcade_session","arcade","18","1790818964","1790819003","39","maps/vjun3","21","level_clear","1","iphash:4cdd29ac","^0-=^3'/^7o^3!^0d^0=-^6","2","","","0","0","","","0","0","0","","","1","494","448","91","264","9","1","2","2","3","0"
"2","arcade_session","arcade","19","1790819005","1790819033","28","maps/vjun3","21","level_clear","2","iphash:4cdd29ac","^0-=^3'/^7o^3!^0d^0=-^6","2","","","0","0","","","0","0","0","","","1","225","224","40","226","8","0","2","6","2","2"
"2","arcade_session","arcade","20","1790819035","1790819094","59","maps/vjun3","21","level_clear","3","user:void","void","1","","","0","0","","","0","0","0","","","1","986","895","270","330","38","2","1","3","14","2"
"2","arcade_session","arcade","21","1790819096","1790819132","36","maps/vjun3","21","level_clear","4","user:void","void","1","","","0","0","","","0","0","0","","","1","602","516","161","92","5","0","4","0","2","1"
"2","arcade_session","arcade","22","1790819134","1790819191","57","maps/vjun3","21","level_clear","5","user:void","void","1","","","0","0","","","0","0","0","","","2","828","739","162","461","29","1","3","12","9","0"
"2","arcade_session","arcade","23","1790819193","1790819272","79","maps/vjun3","21","eliminated","6","user:void","void","1","","","0","0","","","0","0","0","","","1","1164","1164","573","498","35","2","10","8","12","4"
"2","arcade_session","arcade","24","1790819363","1790819394","31","maps/mp/duel4","21","eliminated","1","iphash:4cdd29ac","^0-=^3'/^7o^3!^0d^0=-^6","2","","","0","0","","","0","0","0","","","0","349","260","105","198","12","1","3","2","3","2"
"2","arcade_session","arcade","25","1790819405","1790819440","35","maps/mp/duel4","21","level_clear","1","iphash:4cdd29ac","^0-=^3'/^7o^3!^0d^0=-^6","2","","","0","0","","","0","0","0","","","1","345","274","196","175","0","0","6","1","0","5"
"2","arcade_session","arcade","26","1790819441","1790819470","29","maps/mp/duel4","21","level_clear","2","iphash:4cdd29ac","^0-=^3'/^7o^3!^0d^0=-^6","2","","","0","0","","","0","0","0","","","1","493","423","112","182","7","0","5","2","4","1"
"2","arcade_session","arcade","27","1790819472","1790819510","38","maps/mp/duel4","21","eliminated","3","iphash:4cdd29ac","^0-=^3'/^7o^3!^0d^0=-^6","2","","","0","0","","","0","0","0","","","0","400","389","163","167","6","0","4","1","2","3"
"2","arcade_session","arcade","28","1790819520","1790819537","17","maps/mp/duel4","21","disconnect","1","iphash:a3389004","^1!^7re^1V^7o^1.s^7ug^1.","2","","","0","0","","","0","0","0","","","0","12","12","0","2","0","0","0","0","0","0"
"2","arcade_session","arcade","29","1790819520","1790819590","70","maps/mp/duel4","21","level_clear","1","iphash:4cdd29ac","^0-=^3'/^7o^3!^0d^0=-^6","2","","","0","0","","","0","0","0","","","2","988","937","276","364","17","2","5","11","10","0"
"2","arcade_session","arcade","30","1790819592","1790819619","27","maps/mp/duel4","21","level_clear","2","iphash:4cdd29ac","^0-=^3'/^7o^3!^0d^0=-^6","2","","","0","0","","","0","0","0","","","1","439","343","21","270","9","0","4","4","4","2"
"2","arcade_session","arcade","31","1790819621","1790819649","28","maps/mp/duel4","21","level_clear","3","iphash:4cdd29ac","^0-=^3'/^7o^3!^0d^0=-^6","2","","","0","0","","","0","0","0","","","1","430","349","100","199","30","0","1","3","4","0"
"2","arcade_session","arcade","32","1790829010","1790829015","5","maps/mp/duel4","21","disconnect","1","iphash:2b03bc65","^0-=^3'/^7o^3!^0d^0=-^6","2","","","0","0","","","0","0","0","","","0","0","0","40","1","0","1","1","0","0","0"
"2","arcade_session","arcade","33","1790829143","1790829269","126","maps/vjun3","21","level_clear","1","iphash:cb041f6d","Mpkill","2","","","0","0","","","0","0","0","","","0","0","0","0","313","0","0","0","0","0","3"
