"id","start_time","end_time","duration","type","mapname","winner_key","winner_label","winner_kind","winner_side","loser_key","loser_label","loser_kind","loser_side","draw","winner_opening","loser_opening","source_context"
"1","1789838480","1789838511","31","1","maps/mp/duel10","bot:/botfiles/desann.jkb","Desann","0","2","bot:/botfiles/tavion.jkb","Rodian","0","2","0","pull","grip","duel"
"2","1789838508","1789838519","11","1","maps/mp/duel10","bot:/botfiles/trandoshan.jkb","Trandoshan","0","2","iphash:4d1013d3","^0-=^3'/^7o^3!^0d^0=-^6","2","2","0","grip","unknown","duel"
"3","1789838605","1789838627","22","1","maps/mp/duel10","bot:/botfiles/tavion.jkb","Rodian","0","2","iphash:4d1013d3","^0-=^3'/^7o^3!^0d^0=-^6","2","2","0","pull","unknown","duel"
"4","1789838632","1789838721","89","1","maps/mp/duel10","bot:/botfiles/imperial.jkb","Saboteur","0","2","bot:/botfiles/desann.jkb","Desann","0","2","0","grip","grip","duel"
"5","1789838743","1789838762","19","1","maps/mp/duel10","bot:/botfiles/reborn.jkb","New_Reborn","0","2","iphash:4d1013d3","^0-=^3'/^7o^3!^0d^0=-^6","2","2","0","drain","seeing","duel"
"6","1789838764","1789838771","7","1","maps/mp/duel10","bot:/botfiles/desann.jkb","Desann","0","2","bot:/botfiles/reborn.jkb","New_Reborn","0","2","0","pull","drain","duel"
"7","1789838843","1789838896","53","1","maps/mp/duel10","bot:/botfiles/imperial.jkb","Saboteur","0","2","bot:/botfiles/desann.jkb","Desann","0","2","0","pull","pull","duel"
"8","1789838943","1789838960","17","1","maps/mp/duel10","bot:/botfiles/desann.jkb","Desann","0","2","iphash:4d1013d3","^0-=^3'/^7o^3!^0d^0=-^6","2","2","0","push","unknown","duel"
"9","1789838918","1789838989","71","1","maps/mp/duel10","bot:/botfiles/reborn.jkb","New_Reborn","0","2","bot:/botfiles/imperial.jkb","Saboteur","0","2","0","drain","grip","duel"
"10","1789838676","1789839108","432","1","maps/mp/duel10","bot:/botfiles/trandoshan.jkb","Trandoshan","0","2","bot:/botfiles/tavion.jkb","Rodian","0","2","0","pull","push","duel"
"11","1789839955","1789839983","28","1","maps/mp/duel10","bot:/botfiles/reborn.jkb","New_Reborn","0","2","user:void","void","1","2","0","pull","unknown","duel"
"12","1789839921","1789839986","65","1","maps/mp/duel10","bot:/botfiles/imperial.jkb","Saboteur","0","2","bot:/botfiles/reborn.jkb","New_Reborn^7[0]","0","2","0","seeing","push","duel"
"13","1789840040","1789840088","48","1","maps/mp/duel10","bot:/botfiles/imperial.jkb","Saboteur","0","2","user:void","void","1","2","0","drain","seeing","duel"
"14","1789840172","1789840189","17","1","maps/mp/duel10","bot:/botfiles/desann.jkb","Desann","0","2","user:void","void","1","2","0","grip","unknown","duel"
"15","1789840110","1789840192","82","1","maps/mp/duel10","bot:/botfiles/reborn.jkb","New_Reborn^7[0]","0","2","bot:/botfiles/imperial.jkb","Saboteur","0","2","0","unknown","grip","duel"
"16","1789840030","1789840224","194","1","maps/mp/duel10","bot:/botfiles/reborn.jkb","New_Reborn","0","2","bot:/botfiles/trandoshan.jkb","Trandoshan","0","2","0","grip","push","duel"
"17","1789840315","1789840472","157","1","maps/mp/duel10","bot:/botfiles/imperial.jkb","Saboteur","0","2","bot:/botfiles/reborn.jkb","New_Reborn^7[0]","0","2","0","grip","drain","duel"
"18","1789840596","1789840648","52","1","maps/mp/duel10","bot:/botfiles/desann.jkb","Desann","0","2","bot:/botfiles/imperial.jkb","Saboteur","0","2","0","drain","grip","duel"
"19","1789840345","1789840779","434","1","maps/mp/duel10","bot:/botfiles/reborn.jkb","New_Reborn","0","2","bot:/botfiles/trandoshan.jkb","Trandoshan","0","2","0","push","pull","duel"
"20","1789840715","1789840845","130","1","maps/mp/duel10","bot:/botfiles/reborn.jkb","New_Reborn^7[0]","0","2","bot:/botfiles/imperial.jkb","Saboteur","0","2","0","pull","push","duel"
"21","1789840919","1789841023","104","1","maps/mp/duel10","bot:/botfiles/desann.jkb","Desann","0","2","bot:/botfiles/imperial.jkb","Saboteur","0","2","0","pull","pull","duel"
"22","1789840902","1789841108","206","1","maps/mp/duel10","bot:/botfiles/reborn.jkb","New_Reborn","0","2","bot:/botfiles/trandoshan.jkb","Trandoshan","0","2","0","unknown","pull","duel"
"23","1789841146","1789841238","92","1","maps/mp/duel10","bot:/botfiles/imperial.jkb","Saboteur","0","2","bot:/botfiles/reborn.jkb","New_Reborn^7[0]","0","2","0","drain","speed","duel"
"24","1789841230","1789841449","219","1","maps/mp/duel10","bot:/botfiles/reborn.jkb","New_Reborn","0","2","bot:/botfiles/trandoshan.jkb","Trandoshan","0","2","0","drain","drain","duel"
"25","1789841454","1789841482","28","1","maps/mp/duel10","bot:/botfiles/trandoshan.jkb","Trandoshan","0","2","bot:/botfiles/reborn.jkb","New_Reborn","0","2","0","drain","grip","duel"
"26","1789841266","1789841547","281","1","maps/mp/duel10","bot:/botfiles/desann.jkb","Desann","0","2","bot:/botfiles/imperial.jkb","Saboteur","0","2","0","grip","drain","duel"
"27","1789841669","1789841776","107","1","maps/mp/duel10","bot:/botfiles/desann.jkb","Desann","0","2","bot:/botfiles/imperial.jkb","Saboteur","0","2","0","speed","pull","duel"
"28","1789841844","1789841925","81","1","maps/mp/duel10","bot:/botfiles/reborn.jkb","New_Reborn^7[0]","0","2","bot:/botfiles/reborn.jkb","New_Reborn","0","2","0","grip","drain","duel"
"29","1789841897","1789842051","154","1","maps/mp/duel10","bot:/botfiles/desann.jkb","Desann","0","2","bot:/botfiles/imperial.jkb","Saboteur","0","2","0","unknown","drain","duel"
"30","1789842054","1789842094","40","1","maps/mp/duel10","bot:/botfiles/reborn.jkb","New_Reborn","0","2","bot:/botfiles/desann.jkb","Desann","0","2","0","grip","drain","duel"
"31","1789841964","1789842323","359","1","maps/mp/duel10","bot:/botfiles/reborn.jkb","New_Reborn^7[0]","0","2","bot:/botfiles/trandoshan.jkb","Trandoshan","0","2","0","drain","grip","duel"
"32","1789842456","1789842508","52","1","maps/mp/duel10","bot:/botfiles/reborn.jkb","New_Reborn","0","2","bot:/botfiles/trandoshan.jkb","Trandoshan","0","2","0","push","pull","duel"
"33","1789842445","1789842545","100","1","maps/mp/duel10","bot:/botfiles/reborn.jkb","New_Reborn^7[0]","0","2","bot:/botfiles/imperial.jkb","Saboteur","0","2","0","drain","drain","duel"
"34","1789842577","1789842695","118","1","maps/mp/duel10","bot:/botfiles/reborn.jkb","New_Reborn","0","2","bot:/botfiles/desann.jkb","Desann","0","2","0","pull","drain","duel"
"35","1789842631","1789842718","87","1","maps/mp/duel10","bot:/botfiles/imperial.jkb","Saboteur","0","2","bot:/botfiles/reborn.jkb","New_Reborn^7[0]","0","2","0","drain","push","duel"
"36","1789842818","1789842837","19","1","maps/mp/duel10","bot:/botfiles/desann.jkb","Desann","0","2","bot:/botfiles/reborn.jkb","New_Reborn","0","2","0","drain","pull","duel"
"37","1789842721","1789842846","125","1","maps/mp/duel10","bot:/botfiles/reborn.jkb","New_Reborn^7[0]","0","2","bot:/botfiles/trandoshan.jkb","Trandoshan","0","2","0","drain","speed","duel"
"38","1789842959","1789843056","97","1","maps/mp/duel10","bot:/botfiles/reborn.jkb","New_Reborn^7[0]","0","2","bot:/botfiles/reborn.jkb","New_Reborn","0","2","0","drain","pull","duel"
"39","1789842967","1789843276","309","1","maps/mp/duel10","bot:/botfiles/trandoshan.jkb","Trandoshan","0","2","bot:/botfiles/imperial.jkb","Saboteur","0","2","0","grip","grip","duel"
"40","1789843178","1789843305","127","1","maps/mp/duel10","bot:/botfiles/reborn.jkb","New_Reborn","0","2","bot:/botfiles/desann.jkb","Desann","0","2","0","drain","speed","duel"
"41","1789843299","1789843406","107","1","maps/mp/duel10","bot:/botfiles/reborn.jkb","New_Reborn^7[0]","0","2","bot:/botfiles/trandoshan.jkb","Trandoshan","0","2","0","grip","drain","duel"
"42","1789843398","1789843476","78","1","maps/mp/duel10","bot:/botfiles/imperial.jkb","Saboteur","0","2","bot:/botfiles/reborn.jkb","New_Reborn","0","2","0","speed","speed","duel"
"43","1789843428","1789843478","50","1","maps/mp/duel10","bot:/botfiles/desann.jkb","Desann","0","2","bot:/botfiles/reborn.jkb","New_Reborn^7[0]","0","2","0","drain","pull","duel"
"44","1789843852","1789843947","95","1","maps/mp/duel10","bot:/botfiles/chiss.jkb","Chiss","0","2","iphash:4d1013d3","Padawan","2","2","0","speed","","duel"
"45","1789843992","1789844139","147","1","maps/mp/duel10","bot:/botfiles/chiss.jkb","Chiss","0","2","iphash:4d1013d3","Padawan","2","2","0","speed","seeing","duel"
"46","1789844990","1789845033","43","1","maps/mp/duel10","bot:/botfiles/chiss.jkb","Chiss","0","2","iphash:4d1013d3","Padawan","2","2","0","speed","unknown","duel"
"47","1789845097","1789845136","39","1","maps/mp/duel10","bot:/botfiles/chiss.jkb","Chiss","0","2","iphash:4d1013d3","Padawan","2","2","0","pull","unknown","duel"
"48","1789845207","1789845221","14","1","maps/mp/duel10","bot:/botfiles/chiss.jkb","Chiss","0","2","iphash:4d1013d3","Padawan","2","2","0","speed","","duel"
"49","1789860225","1789860258","33","1","maps/mp/duel10","iphash:f794a9d2","^0Gòón^2.^6µ^0ps","2","2","bot:/botfiles/chiss.jkb","Chiss","0","2","0","seeing","pull","duel"
"50","1789860314","1789860320","6","1","maps/mp/ffa3","iphash:f794a9d2","^0Gòón^2.^6µ^0ps","2","2","bot:/botfiles/chiss.jkb","Chiss","0","2","0","seeing","","duel"
"51","1789863115","1789863139","24","1","maps/mp/ffa3","iphash:c7c8a416","^0FF^4'^0Prinky","2","1","iphash:7d6be969","^0Gòón^2.^6µ^0ps","2","2","0","seeing","seeing","duel"
"52","1789863565","1789863614","49","1","maps/mp/ffa3","iphash:c7c8a416","^0FF^4'^0Prinky","2","2","iphash:fa31973a","^0ff^6'^0heretic","2","2","0","seeing","seeing","duel"
"53","1789863621","1789863660","39","1","maps/mp/ffa3","iphash:fa31973a","^0ff^6'^0heretic","2","2","iphash:c7c8a416","^0FF^4'^0Prinky","2","2","0","seeing","seeing","duel"
"54","1789863667","1789863768","101","1","maps/mp/ffa3","iphash:c7c8a416","^0FF^4'^0Prinky","2","2","iphash:fa31973a","^0ff^6'^0heretic","2","2","0","seeing","seeing","duel"
"55","1789863775","1789863797","22","1","maps/mp/ffa3","iphash:c7c8a416","^0FF^4'^0Prinky","2","2","iphash:fa31973a","^0ff^6'^0heretic","2","2","0","seeing","seeing","duel"
"56","1789863802","1789863839","37","1","maps/mp/ffa3","iphash:c7c8a416","^0FF^4'^0Prinky","2","2","iphash:fa31973a","^0ff^6'^0heretic","2","2","0","seeing","seeing","duel"
"57","1789863843","1789863932","89","1","maps/mp/ffa3","iphash:c7c8a416","^0FF^4'^0Prinky","2","2","iphash:fa31973a","^0ff^6'^0heretic","2","2","0","unknown","seeing","duel"
"58","1789863941","1789863982","41","1","maps/mp/ffa3","iphash:fa31973a","^0ff^6'^0heretic","2","2","iphash:c7c8a416","^0FF^4'^0Prinky","2","2","0","seeing","unknown","duel"
"59","1789863987","1789864015","28","1","maps/mp/ffa3","iphash:fa31973a","^0ff^6'^0heretic","2","2","iphash:c7c8a416","^0FF^4'^0Prinky","2","2","0","seeing","seeing","duel"
"60","1789864019","1789864091","72","1","maps/mp/ffa3","iphash:c7c8a416","^0FF^4'^0Prinky","2","2","iphash:fa31973a","^0ff^6'^0heretic","2","2","0","unknown","seeing","duel"
"61","1789864105","1789864189","84","1","maps/mp/ffa3","iphash:c7c8a416","^0FF^4'^0Prinky","2","2","iphash:fa31973a","^0ff^6'^0heretic","2","2","0","seeing","seeing","duel"
"62","1789864195","1789864214","19","1","maps/mp/ffa3","iphash:fa31973a","^0ff^6'^0heretic","2","2","iphash:c7c8a416","^0FF^4'^0Prinky","2","2","0","unknown","seeing","duel"
"63","1789864219","1789864276","57","1","maps/mp/ffa3","iphash:fa31973a","^0ff^6'^0heretic","2","2","iphash:c7c8a416","^0FF^4'^0Prinky","2","2","0","unknown","seeing","duel"
"64","1789864281","1789864344","63","1","maps/mp/ffa3","iphash:fa31973a","^0ff^6'^0heretic","2","2","iphash:c7c8a416","^0FF^4'^0Prinky","2","2","0","seeing","unknown","duel"
"65","1789864349","1789864434","85","1","maps/mp/ffa3","iphash:fa31973a","^0ff^6'^0heretic","2","2","iphash:c7c8a416","^0FF^4'^0Prinky","2","2","0","seeing","seeing","duel"
"66","1789864441","1789864530","89","1","maps/mp/ffa3","iphash:fa31973a","^0ff^6'^0heretic","2","2","iphash:c7c8a416","^0FF^4'^0Prinky","2","2","0","seeing","seeing","duel"
"67","1789864534","1789864572","38","1","maps/mp/ffa3","iphash:c7c8a416","^0FF^4'^0Prinky","2","2","iphash:fa31973a","^0ff^6'^0heretic","2","2","0","seeing","seeing","duel"
"68","1789864578","1789864681","103","1","maps/mp/ffa3","iphash:c7c8a416","^0FF^4'^0Prinky","2","2","iphash:fa31973a","^0ff^6'^0heretic","2","2","0","seeing","seeing","duel"
"69","1789864698","1789864743","45","1","maps/mp/ffa3","user:void","void","1","2","iphash:c7c8a416","^0FF^4'^0Prinky","2","2","0","seeing","seeing","duel"
"70","1789864761","1789864795","34","1","maps/mp/ffa3","user:jundon","jundon","1","2","user:void","void","1","2","0","seeing","seeing","duel"
"71","1789864803","1789864845","42","1","maps/mp/ffa3","user:jundon","jundon","1","2","user:void","void","1","2","0","seeing","seeing","duel"
"72","1789864851","1789864887","36","1","maps/mp/ffa3","user:jundon","jundon","1","2","user:void","void","1","2","0","seeing","seeing","duel"
"73","1789864798","1789864907","109","1","maps/mp/ffa3","iphash:c7c8a416","^0FF^4'^0Prinky","2","2","iphash:7d6be969","^0ff^7'^0Gòónat¡Ç","2","2","0","seeing","seeing","duel"
"74","1789864893","1789864947","54","1","maps/mp/ffa3","user:jundon","jundon","1","2","user:void","void","1","2","0","seeing","seeing","duel"
"75","1789864913","1789864981","68","1","maps/mp/ffa3","iphash:c7c8a416","^0FF^4'^0Prinky","2","2","iphash:7d6be969","^0ff^7'^0Gòónat¡Ç","2","2","0","seeing","seeing","duel"
"76","1789864955","1789864988","33","1","maps/mp/ffa3","user:jundon","jundon","1","2","user:void","void","1","2","0","seeing","unknown","duel"
"77","1789864987","1789865087","100","1","maps/mp/ffa3","iphash:c7c8a416","^0FF^4'^0Prinky","2","2","iphash:7d6be969","^0ff^7'^0Gòónat¡Ç","2","2","0","seeing","seeing","duel"
"78","1789865092","1789865148","56","1","maps/mp/ffa3","iphash:c7c8a416","^0FF^4'^0Prinky","2","2","iphash:7d6be969","^0ff^7'^0Gòónat¡Ç","2","2","0","seeing","seeing","duel"
"79","1789865152","1789865177","25","1","maps/mp/ffa3","iphash:c7c8a416","^0FF^4'^0Prinky","2","2","user:void","void","1","2","0","seeing","seeing","duel"
"80","1789865181","1789865202","21","1","maps/mp/ffa3","iphash:c7c8a416","^0FF^4'^0Prinky","2","2","user:void","void","1","2","0","seeing","seeing","duel"
"81","1789865206","1789865240","34","1","maps/mp/ffa3","iphash:c7c8a416","^0FF^4'^0Prinky","2","2","user:void","void","1","2","0","unknown","seeing","duel"
"82","1789865245","1789865260","15","1","maps/mp/ffa3","iphash:c7c8a416","^0FF^4'^0Prinky","2","2","user:void","void","1","2","0","seeing","unknown","duel"
"83","1789865265","1789865370","105","1","maps/mp/ffa3","iphash:c7c8a416","^0FF^4'^0Prinky","2","2","iphash:7d6be969","^0ff^7'^0Gòónat¡Ç","2","2","0","seeing","seeing","duel"
"84","1789865375","1789865396","21","1","maps/mp/ffa3","iphash:c7c8a416","^0FF^4'^0Prinky","2","2","iphash:7d6be969","^0ff^7'^0Gòónat¡Ç","2","2","0","seeing","seeing","duel"
"85","1789865475","1789865525","50","1","maps/mp/ffa3","bot:/botfiles/shadowtrooper.jkb","Reborn","0","2","user:void","void","1","2","0","unknown","seeing","duel"
"86","1789865399","1789865557","158","1","maps/mp/ffa3","iphash:c7c8a416","^0FF^4'^0Prinky","2","2","iphash:7d6be969","^0ff^7'^0Gòónat¡Ç","2","2","0","seeing","seeing","duel"
"87","1789865536","1789865595","59","1","maps/mp/ffa3","user:void","void","1","2","bot:/botfiles/shadowtrooper.jkb","Reborn","0","2","0","unknown","speed","duel"
"88","1789865563","1789865624","61","1","maps/mp/ffa3","iphash:c7c8a416","^0FF^4'^0Prinky","2","2","iphash:7d6be969","^0ff^7'^0Gòónat¡Ç","2","2","0","seeing","seeing","duel"
"89","1789865605","1789865656","51","1","maps/mp/ffa3","user:jundon","jundon","1","2","user:void","void","1","2","0","seeing","seeing","duel"
"90","1789865631","1789865663","32","1","maps/mp/ffa3","iphash:c7c8a416","^0FF^4'^0Prinky","2","2","iphash:7d6be969","^0ff^7'^0Gòónat¡Ç","2","2","0","unknown","seeing","duel"
"91","1789865681","1789865706","25","1","maps/mp/ffa3","iphash:c7c8a416","^0FF^4'^0Prinky","2","2","iphash:7d6be969","^0ff^7'^0Gòónat¡Ç","2","2","0","unknown","seeing","duel"
"92","1789865665","1789865726","61","1","maps/mp/ffa3","user:jundon","jundon","1","2","user:void","void","1","2","0","seeing","unknown","duel"
"93","1789865721","1789865760","39","1","maps/mp/ffa3","iphash:7d6be969","^0ff^7'^0Gòónat¡Ç","2","2","iphash:c7c8a416","^0FF^4'^0Prinky","2","2","0","seeing","unknown","duel"
"94","1789865764","1789865793","29","1","maps/mp/ffa3","user:jundon","jundon","1","2","iphash:c7c8a416","^0FF^4'^0Prinky","2","2","0","seeing","seeing","duel"
"95","1789865784","1789865840","56","1","maps/mp/ffa3","user:void","void","1","2","iphash:7d6be969","^0ff^7'^0Gòónat¡Ç","2","2","0","unknown","seeing","duel"
"96","1789865853","1789865869","16","1","maps/mp/ffa3","user:void","void","1","2","iphash:7d6be969","^0ff^7'^0Gòónat¡Ç","2","2","0","unknown","seeing","duel"
"97","1789865799","1789865876","77","1","maps/mp/ffa3","user:jundon","jundon","1","2","iphash:c7c8a416","^0FF^4'^0Prinky","2","2","0","seeing","unknown","duel"
"98","1789865873","1789865891","18","1","maps/mp/ffa3","iphash:7d6be969","^0ff^7'^0Gòónat¡Ç","2","2","user:void","void","1","2","0","seeing","unknown","duel"
"99","1789865883","1789865911","28","1","maps/mp/ffa3","user:jundon","jundon","1","2","iphash:c7c8a416","^0FF^4'^0Prinky","2","2","0","seeing","seeing","duel"
"100","1789865904","1789865951","47","1","maps/mp/ffa3","user:void","void","1","2","iphash:7d6be969","^0ff^7'^0Gòónat¡Ç","2","2","0","seeing","seeing","duel"
"101","1789865957","1789865980","23","1","maps/mp/ffa3","user:void","void","1","2","iphash:7d6be969","^0ff^7'^0Gòónat¡Ç","2","2","0","unknown","seeing","duel"
"102","1789865975","1789865989","14","1","maps/mp/ffa3","user:socrates","socrates","1","2","iphash:d4cfd1d8","^3Wookiee","2","1","0","seeing","seeing","duel"
"103","1789865916","1789866011","95","1","maps/mp/ffa3","user:jundon","jundon","1","2","iphash:c7c8a416","^0FF^4'^0Prinky","2","2","0","seeing","seeing","duel"
"104","1789865998","1789866014","16","1","maps/mp/ffa3","user:socrates","socrates","1","2","iphash:d4cfd1d8","^3Wookiee","2","1","0","unknown","seeing","duel"
"105","1789866019","1789866048","29","1","maps/mp/ffa3","user:socrates","socrates","1","2","iphash:d4cfd1d8","^3Wookiee","2","1","0","seeing","seeing","duel"
"106","1789865985","1789866048","63","1","maps/mp/ffa3","user:void","void","1","2","iphash:7d6be969","^0ff^7'^0Gòónat¡Ç","2","2","0","seeing","seeing","duel"
"107","1789866025","1789866066","41","1","maps/mp/ffa3","user:jundon","jundon","1","2","iphash:c7c8a416","^0FF^4'^0Prinky","2","2","0","seeing","unknown","duel"
"108","1789866062","1789866093","31","1","maps/mp/ffa3","iphash:7d6be969","^0ff^7'^0Gòónat¡Ç","2","2","user:void","void","1","2","0","seeing","seeing","duel"
"109","1789866076","1789866101","25","1","maps/mp/ffa3","user:socrates","socrates","1","2","iphash:c7c8a416","^0FF^4'^0Prinky","2","2","0","seeing","seeing","duel"
"110","1789866105","1789866149","44","1","maps/mp/ffa3","iphash:c7c8a416","^0FF^4'^0Prinky","2","2","user:socrates","socrates","1","2","0","seeing","seeing","duel"
"111","1789866098","1789866157","59","1","maps/mp/ffa3","user:void","void","1","2","iphash:7d6be969","^0ff^7'^0Gòónat¡Ç","2","2","0","seeing","seeing","duel"
"112","1789866162","1789866182","20","1","maps/mp/ffa3","user:void","void","1","2","iphash:7d6be969","^0ff^7'^0Gòónat¡Ç","2","2","0","seeing","seeing","duel"
"113","1789866156","1789866199","43","1","maps/mp/ffa3","iphash:c7c8a416","^0FF^4'^0Prinky","2","2","user:socrates","socrates","1","2","0","seeing","seeing","duel"
"114","1789866207","1789866233","26","1","maps/mp/ffa3","user:socrates","socrates","1","2","iphash:c7c8a416","^0FF^4'^0Prinky","2","2","0","seeing","unknown","duel"
"115","1789866209","1789866255","46","1","maps/mp/ffa3","user:void","void","1","2","iphash:7d6be969","^0ff^7'^0Gòónat¡Ç","2","2","0","unknown","seeing","duel"
"116","1789866259","1789866282","23","1","maps/mp/ffa3","user:void","void","1","2","iphash:7d6be969","^0ff^7'^0Gòónat¡Ç","2","2","0","unknown","seeing","duel"
"117","1789866247","1789866317","70","1","maps/mp/ffa3","iphash:c7c8a416","^0FF^4'^0Prinky","2","2","user:socrates","socrates","1","2","0","unknown","seeing","duel"
"118","1789866290","1789866338","48","1","maps/mp/ffa3","iphash:7d6be969","^0ff^7'^0Gòónat¡Ç","2","2","user:void","void","1","2","0","seeing","unknown","duel"
"119","1789866321","1789866338","17","1","maps/mp/ffa3","iphash:c7c8a416","^0FF^4'^0Prinky","2","2","user:socrates","socrates","1","2","0","seeing","seeing","duel"
"120","1789866345","1789866355","10","1","maps/mp/ffa3","iphash:7d6be969","^0ff^7'^0Gòónat¡Ç","2","2","user:void","void","1","2","0","seeing","unknown","duel"
"121","1789866346","1789866389","43","1","maps/mp/ffa3","iphash:c7c8a416","^0FF^4'^0Prinky","2","2","user:socrates","socrates","1","2","0","seeing","seeing","duel"
"122","1789866362","1789866406","44","1","maps/mp/ffa3","user:void","void","1","2","iphash:7d6be969","^0ff^7'^0Gòónat¡Ç","2","2","0","seeing","seeing","duel"
"123","1789866413","1789866445","32","1","maps/mp/ffa3","iphash:7d6be969","^0ff^7'^0Gòónat¡Ç","2","2","user:void","void","1","2","0","seeing","seeing","duel"
"124","1789866452","1789866497","45","1","maps/mp/ffa3","user:void","void","1","2","iphash:7d6be969","^0ff^7'^0Gòónat¡Ç","2","2","0","seeing","seeing","duel"
"125","1789866397","1789866546","149","1","maps/mp/ffa3","iphash:c7c8a416","^0FF^4'^0Prinky","2","2","user:socrates","socrates","1","2","0","seeing","seeing","duel"
"126","1789866507","1789866640","133","1","maps/mp/ffa3","user:void","void","1","2","iphash:7d6be969","^0ff^7'^0Gòónat¡Ç","2","2","0","seeing","seeing","duel"
"127","1789866551","1789866687","136","1","maps/mp/ffa3","user:socrates","socrates","1","2","iphash:c7c8a416","^0FF^4'^0Prinky","2","2","0","seeing","seeing","duel"
"128","1789866692","1789866727","35","1","maps/mp/ffa3","user:socrates","socrates","1","2","iphash:c7c8a416","^0FF^4'^0Prinky","2","2","0","seeing","seeing","duel"
"129","1789866739","1789866809","70","1","maps/mp/ffa3","user:socrates","socrates","1","2","iphash:c7c8a416","^0FF^4'^0Prinky","2","2","0","seeing","seeing","duel"
"130","1789866650","1789866820","170","1","maps/mp/ffa3","iphash:7d6be969","^0ff^7'^0Gòónat¡Ç","2","2","user:void","void","1","2","0","seeing","seeing","duel"
"131","1789866812","1789866829","17","1","maps/mp/ffa3","user:socrates","socrates","1","2","iphash:c7c8a416","^0FF^4'^0Prinky","2","2","0","seeing","unknown","duel"
"132","1789866834","1789866955","121","1","maps/mp/ffa3","iphash:c7c8a416","^0FF^4'^0Prinky","2","2","user:socrates","socrates","1","2","0","seeing","seeing","duel"
"133","1789866961","1789867019","58","1","maps/mp/ffa3","user:socrates","socrates","1","2","iphash:c7c8a416","^0FF^4'^0Prinky","2","2","0","seeing","seeing","duel"
"134","1789867023","1789867071","48","1","maps/mp/ffa3","user:socrates","socrates","1","2","iphash:c7c8a416","^0FF^4'^0Prinky","2","2","0","seeing","seeing","duel"
"135","1789867076","1789867125","49","1","maps/mp/ffa3","user:socrates","socrates","1","2","iphash:c7c8a416","^0FF^4'^0Prinky","2","2","0","seeing","seeing","duel"
"136","1789867129","1789867187","58","1","maps/mp/ffa3","iphash:c7c8a416","^0FF^4'^0Prinky","2","2","user:socrates","socrates","1","2","0","seeing","seeing","duel"
"137","1789867425","1789867677","252","1","maps/mp/ffa3","iphash:4a47a0f7","^1Darth ^7Pogrates","2","2","iphash:fa31973a","^0-=^3'/^7o^3!^0d^0=-^6","2","2","0","seeing","seeing","duel"
"138","1789867979","1789867995","16","0","maps/mp/ffa3","iphash:7d6be969","^0ff^7'^0Gòónat¡Ç","2","2","iphash:fa31973a","^0-=^3'/^7o^3!^0d^0=-^6","2","2","0","","seeing","duel"
"139","1789867982","1789868035","53","1","maps/mp/ffa3","bot:/botfiles/gran.jkb","Gran","0","1","bot:/botfiles/chiss.jkb","Chiss","0","2","0","heal","grip","duel"
"140","1789868005","1789868037","32","1","maps/mp/ffa3","iphash:7d6be969","^0ff^7'^0Gòónat¡Ç","2","2","iphash:fa31973a","^0-=^3'/^7o^3!^0d^0=-^6","2","2","0","unknown","seeing","duel"
"141","1789867939","1789868097","158","1","maps/mp/ffa3","user:socrates","socrates","1","2","iphash:c984b5ee","^8Qui^0-^2Gon","2","1","0","seeing","unknown","duel"
"142","1789868099","1789868204","105","1","maps/mp/ffa3","iphash:fa31973a","^0-=^3'/^7o^3!^0d^0=-^6","2","2","iphash:7d6be969","^0ff^7'^0Gòónat¡Ç","2","2","0","unknown","seeing","duel"
"143","1789868157","1789868216","59","1","maps/mp/ffa3","bot:/botfiles/gran.jkb","Gran","0","1","bot:/botfiles/chiss.jkb","Chiss","0","2","0","push","push","duel"
"144","1789868209","1789868256","47","1","maps/mp/ffa3","iphash:7d6be969","^0ff^7'^0Gòónat¡Ç","2","2","iphash:fa31973a","^0-=^3'/^7o^3!^0d^0=-^6","2","2","0","seeing","unknown","duel"
"145","1789868221","1789868258","37","1","maps/mp/ffa3","user:socrates","socrates","1","2","bot:/botfiles/gran.jkb","Gran","0","1","0","seeing","unknown","duel"
"146","1789868281","1789868444","163","1","maps/mp/ffa3","iphash:fa31973a","^0-=^3'/^7o^3!^0d^0=-^6","2","2","iphash:7d6be969","^0ff^7'^0Gòónat¡Ç","2","2","0","seeing","seeing","duel"
"147","1789868422","1789868446","24","1","maps/mp/ffa3","iphash:c984b5ee","^8Qui^0-^2Gon","2","1","bot:/botfiles/chiss.jkb","Chiss","0","2","0","absorb","pull","duel"
"148","1789868454","1789868488","34","1","maps/mp/ffa3","iphash:7d6be969","^0ff^7'^0Gòónat¡Ç","2","2","iphash:fa31973a","^0-=^3'/^7o^3!^0d^0=-^6","2","2","0","seeing","seeing","duel"
"149","1789868497","1789868551","54","1","maps/mp/ffa3","iphash:7d6be969","^0ff^7'^0Gòónat¡Ç","2","2","iphash:fa31973a","^0-=^3'/^7o^3!^0d^0=-^6","2","2","0","seeing","unknown","duel"
"150","1789868477","1789868565","88","1","maps/mp/ffa3","bot:/botfiles/gran.jkb","Gran","0","1","iphash:c984b5ee","^8Qui^0-^2Gon","2","1","0","heal","protect","duel"
"151","1789868566","1789868617","51","1","maps/mp/ffa3","iphash:7d6be969","^0ff^7'^0Gòónat¡Ç","2","2","iphash:fa31973a","^0-=^3'/^7o^3!^0d^0=-^6","2","2","0","seeing","seeing","duel"
"152","1789868640","1789868724","84","1","maps/mp/ffa3","user:void","void","1","2","user:socrates","socrates","1","2","0","seeing","seeing","duel"
"153","1789868729","1789868762","33","1","maps/mp/ffa3","user:void","void","1","2","user:socrates","socrates","1","2","0","seeing","seeing","duel"
"154","1789868767","1789868782","15","1","maps/mp/ffa3","user:void","void","1","2","user:socrates","socrates","1","2","0","unknown","seeing","duel"
"155","1789868698","1789868795","97","1","maps/mp/ffa3","bot:/botfiles/gran.jkb","Gran","0","1","bot:/botfiles/chiss.jkb","Chiss","0","2","0","heal","speed","duel"
"156","1789868770","1789868796","26","1","maps/mp/ffa3","iphash:7d6be969","^0ff^7'^0Gòónat¡Ç","2","2","iphash:c984b5ee","^8Qui^0-^2Gon","2","1","0","seeing","absorb","duel"
"157","1789868788","1789868799","11","1","maps/mp/ffa3","user:socrates","socrates","1","2","user:void","void","1","2","0","seeing","unknown","duel"
"158","1789868804","1789868809","5","1","maps/mp/ffa3","iphash:7d6be969","^0ff^7'^0Gòónat¡Ç","2","2","iphash:c984b5ee","^8Qui^0-^2Gon","2","1","0","seeing","","duel"
"159","1789868813","1789868826","13","1","maps/mp/ffa3","user:socrates","socrates","1","2","user:void","void","1","2","0","seeing","unknown","duel"
"160","1789868822","1789868836","14","1","maps/mp/ffa3","iphash:7d6be969","^0ff^7'^0Gòónat¡Ç","2","2","iphash:c984b5ee","^8Qui^0-^2Gon","2","1","0","seeing","absorb","duel"
"161","1789868830","1789868840","10","1","maps/mp/ffa3","user:socrates","socrates","1","2","user:void","void","1","2","0","seeing","unknown","duel"
"162","1789868852","1789868863","11","1","maps/mp/ffa3","iphash:7d6be969","^0ff^7'^0Gòónat¡Ç","2","2","iphash:c984b5ee","^8Qui^0-^2Gon","2","1","0","seeing","absorb","duel"
"163","1789868853","1789868869","16","1","maps/mp/ffa3","user:socrates","socrates","1","2","user:void","void","1","2","0","seeing","unknown","duel"
"164","1789868878","1789868904","26","1","maps/mp/ffa3","user:void","void","1","2","user:socrates","socrates","1","2","0","unknown","seeing","duel"
"165","1789868910","1789868939","29","1","maps/mp/ffa3","user:socrates","socrates","1","2","user:void","void","1","2","0","seeing","unknown","duel"
"166","1789868953","1789868970","17","1","maps/mp/ffa3","user:void","void","1","2","user:socrates","socrates","1","2","0","unknown","seeing","duel"
"167","1789868979","1789868995","16","1","maps/mp/ffa3","user:void","void","1","2","user:socrates","socrates","1","2","0","unknown","seeing","duel"
"168","1789869001","1789869018","17","1","maps/mp/ffa3","user:void","void","1","2","user:socrates","socrates","1","2","0","unknown","seeing","duel"
"169","1789869026","1789869046","20","1","maps/mp/ffa3","user:socrates","socrates","1","2","user:void","void","1","2","0","seeing","unknown","duel"
"170","1789869033","1789869095","62","1","maps/mp/ffa3","bot:/botfiles/gran.jkb","Gran","0","1","bot:/botfiles/chiss.jkb","Chiss","0","2","0","heal","speed","duel"
"171","1789869072","1789869096","24","1","maps/mp/ffa3","user:void","void","1","2","user:socrates","socrates","1","2","0","unknown","seeing","duel"
"172","1789869102","1789869134","32","1","maps/mp/ffa3","user:void","void","1","2","user:socrates","socrates","1","2","0","seeing","seeing","duel"
"173","1789869144","1789869200","56","1","maps/mp/ffa3","user:void","void","1","2","user:socrates","socrates","1","2","0","seeing","seeing","duel"
"174","1789869205","1789869304","99","1","maps/mp/ffa3","user:void","void","1","2","user:socrates","socrates","1","2","0","seeing","seeing","duel"
"175","1789869313","1789869359","46","1","maps/mp/ffa3","user:socrates","socrates","1","2","user:void","void","1","2","0","seeing","unknown","duel"
"176","1789869365","1789869391","26","1","maps/mp/ffa3","user:void","void","1","2","user:socrates","socrates","1","2","0","seeing","seeing","duel"
"177","1789869403","1789869489","86","1","maps/mp/ffa3","user:void","void","1","2","iphash:7d6be969","^4~^0Gò^4ó^0N^4~","2","2","0","seeing","seeing","duel"
"178","1789869495","1789869508","13","1","maps/mp/ffa3","user:socrates","socrates","1","2","user:void","void","1","2","0","seeing","unknown","duel"
"179","1789869515","1789869555","40","1","maps/mp/ffa3","user:void","void","1","2","user:socrates","socrates","1","2","0","unknown","seeing","duel"
"180","1789869563","1789869624","61","1","maps/mp/ffa3","iphash:7d6be969","^0ff^7'^0Gòónat¡Ç","2","2","user:void","void","1","2","0","seeing","seeing","duel"
"181","1789869642","1789869784","142","1","maps/mp/ffa3","user:void","void","1","2","user:socrates","socrates","1","2","0","seeing","seeing","duel"
"182","1789869799","1789869811","12","1","maps/mp/ffa3","user:socrates","socrates","1","2","user:void","void","1","2","0","unknown","seeing","duel"
"183","1789869825","1789869856","31","1","maps/mp/ffa3","user:void","void","1","2","user:socrates","socrates","1","2","0","seeing","seeing","duel"
"184","1789869867","1789869890","23","1","maps/mp/ffa3","user:void","void","1","2","user:socrates","socrates","1","2","0","unknown","seeing","duel"
"185","1789869902","1789869954","52","1","maps/mp/ffa3","iphash:7d6be969","^0ff^7'^0Gòónat¡Ç","2","2","user:void","void","1","2","0","seeing","seeing","duel"
"186","1789869962","1789869972","10","1","maps/mp/ffa3","user:socrates","socrates","1","1","user:void","void","1","2","0","seeing","seeing","duel"
"187","1789869984","1789870023","39","1","maps/mp/ffa3","user:socrates","socrates","1","1","user:void","void","1","2","0","seeing","seeing","duel"
"188","1789870093","1789870160","67","1","maps/mp/ffa3","iphash:7d6be969","^0ff^7'^0Gòónat¡Ç","2","2","user:void","void","1","2","0","seeing","seeing","duel"
"189","1789870163","1789870171","8","1","maps/mp/ffa3","user:socrates","socrates","1","1","iphash:7d6be969","^0ff^7'^0Gòónat¡Ç","2","2","0","seeing","seeing","duel"
"190","1789870182","1789870198","16","1","maps/mp/ffa3","user:socrates","socrates","1","1","iphash:7d6be969","^0ff^7'^0Gòónat¡Ç","2","2","0","seeing","seeing","duel"
"191","1789869517","1789870375","858","1","maps/mp/ffa3","bot:/botfiles/gran.jkb","Gran","0","1","bot:/botfiles/chiss.jkb","Chiss","0","2","0","heal","speed","duel"
"192","1789870302","1789870419","117","1","maps/mp/ffa3","user:socrates","socrates","1","1","user:void","void","1","2","0","seeing","seeing","duel"
"193","1789870433","1789870482","49","1","maps/mp/ffa3","user:socrates","socrates","1","1","user:void","void","1","2","0","seeing","seeing","duel"
"194","1789870488","1789870509","21","1","maps/mp/ffa3","user:void","void","1","2","user:socrates","socrates","1","1","0","seeing","seeing","duel"
"195","1789870544","1789870576","32","1","maps/mp/ffa3","user:socrates","socrates","1","1","user:void","void","1","2","0","seeing","seeing","duel"
"196","1789870498","1789870613","115","1","maps/mp/ffa3","bot:/botfiles/chiss.jkb","Chiss","0","2","bot:/botfiles/gran.jkb","Gran","0","1","0","unknown","pull","duel"
"197","1789870639","1789870705","66","1","maps/mp/ffa3","user:socrates","socrates","1","1","user:void","void","1","1","0","seeing","unknown","duel"
"198","1789870735","1789870742","7","1","maps/mp/ffa3","bot:/botfiles/chiss.jkb","Chiss","0","2","bot:/botfiles/gran.jkb","Gran","0","1","0","grip","heal","duel"
"199","1789870714","1789870977","263","1","maps/mp/ffa3","user:void","void","1","1","user:socrates","socrates","1","1","0","unknown","seeing","duel"
"200","1789870991","1789871093","102","1","maps/mp/ffa3","user:socrates","socrates","1","1","user:void","void","1","1","0","seeing","unknown","duel"
"201","1789871075","1789871119","44","1","maps/mp/ffa3","bot:/botfiles/gran.jkb","Gran","0","1","bot:/botfiles/chiss.jkb","Chiss","0","2","0","heal","push","duel"
"202","1789871109","1789871156","47","1","maps/mp/ffa3","user:void","void","1","1","user:socrates","socrates","1","1","0","unknown","seeing","duel"
"203","1789871163","1789871236","73","1","maps/mp/ffa3","user:socrates","socrates","1","1","user:void","void","1","1","0","seeing","unknown","duel"
"204","1789871241","1789871278","37","1","maps/mp/ffa3","bot:/botfiles/gran.jkb","Gran","0","1","bot:/botfiles/chiss.jkb","Chiss","0","2","0","heal","drain","duel"
"205","1789871249","1789871285","36","1","maps/mp/ffa3","user:void","void","1","1","user:socrates","socrates","1","1","0","seeing","seeing","duel"
"206","1789871291","1789871325","34","1","maps/mp/ffa3","user:socrates","socrates","1","1","user:void","void","1","1","0","seeing","seeing","duel"
"207","1789871342","1789871368","26","1","maps/mp/ffa3","user:socrates","socrates","1","1","user:void","void","1","1","0","seeing","unknown","duel"
"208","1789871392","1789871451","59","1","maps/mp/ffa3","user:void","void","1","1","user:socrates","socrates","1","2","0","seeing","seeing","duel"
"209","1789871457","1789871480","23","1","maps/mp/ffa3","user:void","void","1","1","user:socrates","socrates","1","2","0","unknown","seeing","duel"
"210","1789871401","1789871517","116","1","maps/mp/ffa3","bot:/botfiles/gran.jkb","Gran","0","1","bot:/botfiles/chiss.jkb","Chiss","0","2","0","protect","drain","duel"
"211","1789871489","1789871520","31","1","maps/mp/ffa3","user:socrates","socrates","1","2","user:void","void","1","1","0","seeing","seeing","duel"
"212","1789871530","1789871557","27","1","maps/mp/ffa3","iphash:eee2a3ba","padawan","2","2","user:socrates","socrates","1","2","0","seeing","seeing","duel"
"213","1789871592","1789871651","59","1","maps/mp/ffa3","user:void","void","1","1","user:socrates","socrates","1","1","0","seeing","unknown","duel"
"214","1789871656","1789871673","17","1","maps/mp/ffa3","user:socrates","socrates","1","1","user:void","void","1","1","0","seeing","unknown","duel"
"215","1789871640","1789871736","96","1","maps/mp/ffa3","bot:/botfiles/gran.jkb","Gran","0","1","bot:/botfiles/chiss.jkb","Chiss","0","2","0","heal","seeing","duel"
"216","1789871734","1789871748","14","1","maps/mp/ffa3","user:socrates","socrates","1","1","user:void","void","1","1","0","seeing","unknown","duel"
"217","1789871761","1789871897","136","1","maps/mp/ffa3","user:socrates","socrates","1","1","user:void","void","1","1","0","unknown","seeing","duel"
"218","1789871838","1789871933","95","1","maps/mp/ffa3","bot:/botfiles/gran.jkb","Gran","0","1","iphash:7d6be969","^0ff^7'^0Gòónat¡Ç","2","1","0","push","seeing","duel"
"219","1789871910","1789871950","40","1","maps/mp/ffa3","user:void","void","1","1","user:socrates","socrates","1","1","0","seeing","unknown","duel"
"220","1789871957","1789872013","56","1","maps/mp/ffa3","user:void","void","1","1","user:socrates","socrates","1","1","0","seeing","seeing","duel"
"221","1789871936","1789872044","108","1","maps/mp/ffa3","bot:/botfiles/gran.jkb","Gran","0","1","bot:/botfiles/chiss.jkb","Chiss","0","2","0","heal","speed","duel"
"222","1789872034","1789872063","29","1","maps/mp/ffa3","user:socrates","socrates","1","1","iphash:7d6be969","^0ff^7'^0Gòónat¡Ç","2","1","0","seeing","unknown","duel"
"223","1789872067","1789872079","12","1","maps/mp/ffa3","user:void","void","1","1","bot:/botfiles/gran.jkb","Gran","0","1","0","unknown","protect","duel"
"224","1789872087","1789872156","69","1","maps/mp/ffa3","user:void","void","1","1","bot:/botfiles/gran.jkb","Gran","0","1","0","seeing","unknown","duel"
"225","1789872075","1789872253","178","1","maps/mp/ffa3","user:socrates","socrates","1","1","iphash:7d6be969","^0ff^7'^0Gòónat¡Ç","2","1","0","seeing","seeing","duel"
"226","1789872259","1789872305","46","1","maps/mp/ffa3","user:socrates","socrates","1","1","iphash:7d6be969","^0ff^7'^0Gòónat¡Ç","2","1","0","seeing","seeing","duel"
"227","1789872315","1789872392","77","1","maps/mp/ffa3","user:socrates","socrates","1","1","iphash:7d6be969","^0ff^7'^0Gòónat¡Ç","2","1","0","unknown","seeing","duel"
"228","1789872370","1789872392","22","1","maps/mp/ffa3","user:void","void","1","1","bot:/botfiles/reborn.jkb","Reborn_Twin","0","2","0","seeing","drain","duel"
"229","1789872209","1789872399","190","1","maps/mp/ffa3","bot:/botfiles/gran.jkb","Gran","0","1","bot:/botfiles/chiss.jkb","Chiss","0","2","0","protect","pull","duel"
"230","1789872420","1789872475","55","1","maps/mp/ffa3","user:socrates","socrates","1","1","iphash:7d6be969","^0ff^7'^0Gòónat¡Ç","2","1","0","unknown","seeing","duel"
"231","1789872538","1789872561","23","1","maps/mp/ffa3","iphash:7d6be969","^0ff^7'^0Gòónat¡Ç","2","1","user:void","void","1","2","0","seeing","seeing","duel"
"232","1789872566","1789872708","142","1","maps/mp/ffa3","iphash:7d6be969","^0ff^7'^0Gòónat¡Ç","2","1","user:void","void","1","2","0","seeing","unknown","duel"
"233","1789872922","1789872979","57","1","maps/mp/ffa3","iphash:7d6be969","^0ff^7'^0Gòónat¡Ç","2","1","user:void","void","1","2","0","seeing","seeing","duel"
"234","1789872984","1789873013","29","1","maps/mp/ffa3","user:void","void","1","2","iphash:7d6be969","^0ff^7'^0Gòónat¡Ç","2","1","0","seeing","seeing","duel"
"235","1789873022","1789873033","11","1","maps/mp/ffa3","iphash:7d6be969","^0ff^7'^0Gòónat¡Ç","2","1","user:void","void","1","2","0","seeing","unknown","duel"
"236","1789873039","1789873075","36","1","maps/mp/ffa3","iphash:7d6be969","^0ff^7'^0Gòónat¡Ç","2","1","user:void","void","1","2","0","seeing","unknown","duel"
"237","1789873117","1789873189","72","1","maps/mp/ffa3","user:void","void","1","2","iphash:7d6be969","^0ff^7'^0Gòónat¡Ç","2","1","0","unknown","seeing","duel"
"238","1789873193","1789873370","177","1","maps/mp/ffa3","iphash:7d6be969","^0ff^7'^0Gòónat¡Ç","2","1","user:void","void","1","2","0","seeing","unknown","duel"
"239","1789873381","1789873433","52","1","maps/mp/ffa3","iphash:7d6be969","^0ff^7'^0Gòónat¡Ç","2","1","user:void","void","1","2","0","seeing","seeing","duel"
"240","1789873482","1789873524","42","1","maps/mp/ffa3","user:void","void","1","1","iphash:7d6be969","^0ff^7'^0Gòónat¡Ç","2","1","0","seeing","seeing","duel"
"241","1789873595","1789873674","79","1","maps/mp/ffa3","user:void","void","1","1","iphash:7d6be969","^0ff^7'^0Gòónat¡Ç","2","1","0","seeing","seeing","duel"
"242","1789873681","1789873829","148","1","maps/mp/ffa3","iphash:7d6be969","^0ff^7'^0Gòónat¡Ç","2","1","user:void","void","1","1","0","seeing","seeing","duel"
"243","1789873838","1789873894","56","1","maps/mp/ffa3","user:void","void","1","1","iphash:7d6be969","^0ff^7'^0Gòónat¡Ç","2","1","0","seeing","seeing","duel"
"244","1789873900","1789873939","39","1","maps/mp/ffa3","iphash:7d6be969","^0ff^7'^0Gòónat¡Ç","2","1","user:void","void","1","1","0","seeing","unknown","duel"
"245","1789873947","1789873971","24","1","maps/mp/ffa3","user:void","void","1","1","iphash:7d6be969","^0ff^7'^0Gòónat¡Ç","2","1","0","seeing","seeing","duel"
"246","1789873977","1789874031","54","1","maps/mp/ffa3","iphash:7d6be969","^0ff^7'^0Gòónat¡Ç","2","1","user:void","void","1","1","0","seeing","seeing","duel"
"247","1789874259","1789874328","69","1","maps/mp/ffa3","iphash:7d6be969","^0Gòón^2.^6µ^0ps","2","2","user:void","void","1","2","0","seeing","seeing","duel"
"248","1789874378","1789874619","241","1","maps/mp/ffa3","user:void","void","1","2","iphash:7d6be969","^0Gòón^2.^6µ^0ps","2","2","0","seeing","seeing","duel"
"249","1789874663","1789874724","61","1","maps/mp/ffa3","iphash:7d6be969","^0Gòón^2.^6µ^0ps","2","2","user:void","void","1","2","0","seeing","seeing","duel"
"250","1789874746","1789874771","25","1","maps/mp/ffa3","iphash:7d6be969","^0Gòón^2.^6µ^0ps","2","2","user:void","void","1","2","0","seeing","seeing","duel"
"251","1789874838","1789875105","267","1","maps/mp/ffa3","iphash:7d6be969","^0Gòón^2.^6µ^0ps","2","2","user:void","void","1","2","0","seeing","seeing","duel"
"252","1789875229","1789875268","39","1","maps/mp/ffa3","user:void","void","1","2","user:goon","goon","1","2","0","seeing","seeing","duel"
"253","1789875274","1789875319","45","1","maps/mp/ffa3","user:void","void","1","2","user:goon","goon","1","2","0","seeing","seeing","duel"
"254","1789875325","1789875483","158","1","maps/mp/ffa3","user:void","void","1","2","user:goon","goon","1","2","0","seeing","seeing","duel"
"255","1789875498","1789875553","55","1","maps/mp/ffa3","user:void","void","1","2","user:goon","goon","1","2","0","unknown","seeing","duel"
"256","1789875563","1789875605","42","1","maps/mp/ffa3","user:void","void","1","2","user:goon","goon","1","2","0","unknown","seeing","duel"
"257","1789875747","1789875764","17","1","maps/mp/ffa3","bot:/botfiles/tavion.jkb","Rodian","0","2","user:void","void","1","2","0","speed","seeing","duel"
"258","1789875749","1789875782","33","1","maps/mp/ffa3","bot:/botfiles/desann.jkb","Desann^7[0]","0","2","bot:/botfiles/desann.jkb","Desann","0","2","0","grip","drain","duel"
"259","1789875808","1789875835","27","1","maps/mp/ffa3","bot:/botfiles/tavion.jkb","Rodian","0","2","user:void","void","1","2","0","speed","seeing","duel"
"260","1789875848","1789875879","31","1","maps/mp/ffa3","bot:/botfiles/tavion.jkb","Rodian","0","2","user:void","void","1","2","0","unknown","seeing","duel"
"261","1789875900","1789875937","37","1","maps/mp/ffa3","user:void","void","1","2","bot:/botfiles/tavion.jkb","Rodian","0","2","0","seeing","speed","duel"
"262","1789875946","1789875990","44","1","maps/mp/ffa3","user:void","void","1","2","bot:/botfiles/tavion.jkb","Rodian","0","2","0","seeing","drain","duel"
"263","1789875997","1789876019","22","1","maps/mp/ffa3","user:void","void","1","2","bot:/botfiles/tavion.jkb","Rodian","0","2","0","seeing","unknown","duel"
"264","1789876027","1789876030","3","1","maps/mp/ffa3","bot:/botfiles/tavion.jkb","Rodian","0","2","iphash:fa31973a","Padawan","2","2","0","","","duel"
"265","1789876052","1789876055","3","1","maps/mp/ffa3","bot:/botfiles/tavion.jkb","Rodian","0","2","iphash:fa31973a","Padawan","2","2","0","speed","","duel"
"266","1789876025","1789876107","82","1","maps/mp/ffa3","bot:/botfiles/desann.jkb","Desann^7[0]","0","2","bot:/botfiles/desann.jkb","Desann","0","2","0","pull","drain","duel"
"267","1789876090","1789876136","46","1","maps/mp/ffa3","bot:/botfiles/tavion.jkb","Rodian","0","2","iphash:fa31973a","Padawan","2","2","0","pull","seeing","duel"
"268","1789876145","1789876161","16","1","maps/mp/ffa3","bot:/botfiles/desann.jkb","Desann","0","2","bot:/botfiles/desann.jkb","Desann^7[0]","0","2","0","speed","push","duel"
"269","1789876161","1789876181","20","1","maps/mp/ffa3","bot:/botfiles/tavion.jkb","Rodian","0","2","user:void","void","1","2","0","speed","unknown","duel"
"270","1789876285","1789876391","106","1","maps/mp/ffa3","bot:/botfiles/desann.jkb","Desann","0","2","bot:/botfiles/desann.jkb","Desann^7[0]","0","2","0","pull","grip","duel"
"271","1789876514","1789876639","125","1","maps/mp/ffa3","bot:/botfiles/desann.jkb","Desann","0","2","bot:/botfiles/desann.jkb","Desann^7[0]","0","2","0","drain","push","duel"
"272","1789876762","1789876860","98","1","maps/mp/ffa3","bot:/botfiles/desann.jkb","Desann","0","2","bot:/botfiles/desann.jkb","Desann^7[0]","0","2","0","grip","drain","duel"
"273","1789876982","1789877077","95","1","maps/mp/ffa3","bot:/botfiles/desann.jkb","Desann^7[0]","0","2","bot:/botfiles/desann.jkb","Desann","0","2","0","push","unknown","duel"
"274","1789909366","1789909379","13","1","maps/mp/duel6","bot:/botfiles/galak.jkb","galak","0","2","iphash:fa31973a","^0-=^3'/^7o^3!^0d^0=-^6","2","2","0","pull","unknown","duel"
"275","1789909449","1789909459","10","1","maps/mp/duel6","bot:/botfiles/desann.jkb","Desann","0","2","iphash:fa31973a","^0-=^3'/^7o^3!^0d^0=-^6","2","2","0","unknown","","duel"
"276","1789912689","1789912699","10","1","maps/mp/duel6","bot:/botfiles/bespin_cop.jkb","BespinCop","0","1","iphash:fa31973a","^0-=^3'/^7o^3!^0d^0=-^6","2","2","0","heal","","duel"
"277","1789913128","1789913161","33","1","maps/mp/duel6","bot:/botfiles/trandoshan.jkb","Trandoshan","0","2","iphash:fa31973a","^0-=^3'/^7o^3!^0d^0=-^6","2","2","0","grip","unknown","duel"
"278","1789914889","1789914893","4","1","maps/mp/duel6","bot:/botfiles/bespin_cop.jkb","BespinCop","0","1","iphash:fa31973a","^0-=^3'/^7o^3!^0d^0=-^6","2","2","0","heal","","duel"
"279","1789914940","1789914951","11","1","maps/mp/duel6","iphash:fa31973a","^0-=^3'/^7o^3!^0d^0=-^6","2","2","bot:/botfiles/desann.jkb","Desann","0","2","0","seeing","unknown","duel"
"280","1789914963","1789915008","45","1","maps/mp/duel6","bot:/botfiles/desann.jkb","Desann","0","2","iphash:fa31973a","^0-=^3'/^7o^3!^0d^0=-^6","2","2","0","grip","seeing","duel"
"281","1789915022","1789915055","33","1","maps/mp/duel6","bot:/botfiles/desann.jkb","Desann","0","2","iphash:fa31973a","^0-=^3'/^7o^3!^0d^0=-^6","2","2","0","pull","seeing","duel"
"282","1789915094","1789915103","9","1","maps/mp/duel6","bot:/botfiles/desann.jkb","Desann","0","2","iphash:fa31973a","^0-=^3'/^7o^3!^0d^0=-^6","2","2","0","grip","unknown","duel"
"283","1789915241","1789915274","33","1","maps/mp/duel6","bot:/botfiles/trandoshan.jkb","Trandoshan","0","2","iphash:fa31973a","^0-=^3'/^7o^3!^0d^0=-^6","2","2","0","pull","seeing","duel"
"284","1789915339","1789915341","2","1","maps/mp/duel6","bot:/botfiles/desann.jkb","Desann","0","2","iphash:fa31973a","^0-=^3'/^7o^3!^0d^0=-^6","2","2","0","","","duel"
"285","1789915429","1789915443","14","1","maps/mp/duel6","iphash:fa31973a","^0-=^3'/^7o^3!^0d^0=-^6","2","2","bot:/botfiles/trandoshan.jkb","Trandoshan","0","2","0","seeing","push","duel"
"286","1789915465","1789915485","20","1","maps/mp/duel6","iphash:fa31973a","^0-=^3'/^7o^3!^0d^0=-^6","2","2","bot:/botfiles/trandoshan.jkb","Trandoshan","0","2","0","unknown","pull","duel"
"287","1789915523","1789915530","7","1","maps/mp/duel6","bot:/botfiles/trandoshan.jkb","Trandoshan","0","2","iphash:fa31973a","^0-=^3'/^7o^3!^0d^0=-^6","2","2","0","unknown","seeing","duel"
"288","1789915820","1789915822","2","1","maps/mp/duel6","bot:/botfiles/desann.jkb","Desann","0","2","iphash:fa31973a","^0-=^3'/^7o^3!^0d^0=-^6","2","2","0","","","duel"
"289","1789915900","1789915905","5","1","maps/mp/duel6","bot:/botfiles/desann.jkb","Desann","0","2","iphash:fa31973a","^0-=^3'/^7o^3!^0d^0=-^6","2","2","0","","","duel"
"290","1789915935","1789915938","3","1","maps/mp/duel6","bot:/botfiles/desann.jkb","Desann","0","2","iphash:fa31973a","^0-=^3'/^7o^3!^0d^0=-^6","2","2","0","","","duel"
"291","1789916024","1789916058","34","1","maps/mp/duel6","iphash:fa31973a","^0-=^3'/^7o^3!^0d^0=-^6","2","2","bot:/botfiles/desann.jkb","Desann","0","2","0","seeing","grip","duel"
"292","1789916061","1789916063","2","1","maps/mp/duel6","bot:/botfiles/desann.jkb","Desann","0","2","iphash:fa31973a","^0-=^3'/^7o^3!^0d^0=-^6","2","2","0","","","duel"
"293","1789916137","1789916139","2","1","maps/mp/duel6","bot:/botfiles/desann.jkb","Desann","0","2","iphash:fa31973a","^0-=^3'/^7o^3!^0d^0=-^6","2","2","0","","","duel"
"294","1789916151","1789916158","7","1","maps/mp/duel6","bot:/botfiles/desann.jkb","Desann","0","2","user:void","void","1","2","0","speed","","duel"
"295","1789916229","1789916250","21","1","maps/mp/duel6","user:void","void","1","2","bot:/botfiles/desann.jkb","Desann","0","2","0","seeing","speed","duel"
"296","1789916253","1789916271","18","1","maps/mp/duel6","user:void","void","1","2","bot:/botfiles/desann.jkb","Desann","0","2","0","unknown","drain","duel"
"297","1789916292","1789916296","4","1","maps/mp/duel6","bot:/botfiles/imperial.jkb","Imperial","0","2","user:void","void","1","2","0","speed","","duel"
"298","1789916315","1789916328","13","1","maps/mp/duel6","bot:/botfiles/desann.jkb","Desann^7[0]","0","2","user:void","void","1","2","0","drain","seeing","duel"
"299","1789916341","1789916403","62","1","maps/mp/duel6","user:void","void","1","2","bot:/botfiles/desann.jkb","Desann^7[0]","0","2","0","seeing","unknown","duel"
"300","1789916406","1789916423","17","1","maps/mp/duel6","bot:/botfiles/desann.jkb","Desann^7[0]","0","2","user:void","void","1","2","0","pull","unknown","duel"
"301","1789926521","1789926528","7","1","maps/mp/ffa3","bot:/botfiles/imperial.jkb","Imperial","0","2","iphash:fa31973a","Padawan","2","2","0","drain","seeing","duel"
"302","1789926556","1789926586","30","1","maps/mp/ffa3","iphash:fa31973a","Padawan","2","2","bot:/botfiles/desann.jkb","Desann","0","2","0","unknown","speed","duel"
"303","1789926593","1789926628","35","1","maps/mp/ffa3","bot:/botfiles/desann.jkb","Desann","0","2","iphash:fa31973a","Padawan","2","2","0","pull","seeing","duel"
"304","1789926731","1789926748","17","1","maps/mp/duel1","bot:/botfiles/reborn.jkb","New_Reborn","0","2","iphash:fa31973a","Padawan","2","2","0","pull","seeing","duel"
"305","1789926759","1789926767","8","1","maps/mp/duel1","iphash:fa31973a","Padawan","2","2","bot:/botfiles/reborn.jkb","New_Reborn","0","2","0","seeing","","duel"
"306","1789926771","1789926781","10","1","maps/mp/duel1","iphash:fa31973a","Padawan","2","2","bot:/botfiles/reborn.jkb","New_Reborn","0","2","0","seeing","drain","duel"
"307","1789926784","1789926829","45","1","maps/mp/duel1","bot:/botfiles/reborn.jkb","New_Reborn","0","2","iphash:fa31973a","Padawan","2","2","0","drain","seeing","duel"
"308","1789926832","1789926865","33","1","maps/mp/duel1","bot:/botfiles/reborn.jkb","New_Reborn","0","2","iphash:fa31973a","Padawan","2","2","0","grip","unknown","duel"
"309","1789926878","1789926950","72","1","maps/mp/duel1","bot:/botfiles/reborn.jkb","New_Reborn","0","2","iphash:fa31973a","Padawan","2","2","0","pull","unknown","duel"
"310","1789926964","1789926971","7","1","maps/mp/duel1","iphash:fa31973a","Padawan","2","2","bot:/botfiles/reborn.jkb","New_Reborn","0","2","0","seeing","push","duel"
"311","1789926973","1789927003","30","1","maps/mp/duel1","bot:/botfiles/reborn.jkb","New_Reborn","0","2","iphash:fa31973a","Padawan","2","2","0","push","seeing","duel"
"312","1789927008","1789927051","43","1","maps/mp/duel1","iphash:fa31973a","Padawan","2","2","bot:/botfiles/reborn.jkb","New_Reborn","0","2","0","seeing","grip","duel"
"313","1789927054","1789927070","16","1","maps/mp/duel1","bot:/botfiles/reborn.jkb","New_Reborn","0","2","iphash:fa31973a","Padawan","2","2","0","pull","unknown","duel"
"314","1789927084","1789927138","54","1","maps/mp/duel1","bot:/botfiles/reborn.jkb","New_Reborn","0","2","iphash:fa31973a","Padawan","2","2","0","pull","unknown","duel"
"315","1789927153","1789927157","4","1","maps/mp/duel1","bot:/botfiles/reborn.jkb","New_Reborn","0","2","iphash:fa31973a","Padawan","2","2","0","","","duel"
"316","1789927174","1789927192","18","1","maps/mp/duel1","bot:/botfiles/reborn.jkb","New_Reborn","0","2","iphash:fa31973a","Padawan","2","2","0","speed","unknown","duel"
"317","1789927225","1789927244","19","1","maps/mp/duel1","iphash:fa31973a","Padawan","2","2","bot:/botfiles/reborn.jkb","New_Reborn","0","2","0","unknown","pull","duel"
"318","1789927247","1789927272","25","1","maps/mp/duel1","bot:/botfiles/reborn.jkb","New_Reborn","0","2","iphash:fa31973a","Padawan","2","2","0","pull","unknown","duel"
"319","1789927343","1789927389","46","1","maps/mp/duel1","iphash:fa31973a","Padawan","2","2","bot:/botfiles/reborn.jkb","New_Reborn","0","2","0","seeing","push","duel"
"320","1789927392","1789927421","29","1","maps/mp/duel1","bot:/botfiles/reborn.jkb","New_Reborn","0","2","iphash:fa31973a","Padawan","2","2","0","pull","seeing","duel"
"321","1789933543","1789933554","11","1","maps/mp/ffa3","bot:/botfiles/hardds.jkb","Imperial","0","2","iphash:fa31973a","Padawan","2","2","0","seeing","unknown","duel"
"322","1789933567","1789933604","37","1","maps/mp/ffa3","bot:/botfiles/hardds.jkb","Imperial","0","2","iphash:fa31973a","Padawan","2","2","0","grip","unknown","duel"
"323","1789933609","1789933632","23","1","maps/mp/ffa3","bot:/botfiles/hardds.jkb","Imperial","0","2","user:void","void","1","2","0","speed","seeing","duel"
"324","1789933638","1789933672","34","1","maps/mp/ffa3","bot:/botfiles/hardds.jkb","Imperial","0","2","user:void","void","1","2","0","pull","seeing","duel"
"325","1789933681","1789933712","31","1","maps/mp/ffa3","user:void","void","1","2","bot:/botfiles/hardds.jkb","Imperial","0","2","0","seeing","unknown","duel"
"326","1789933716","1789933817","101","1","maps/mp/ffa3","bot:/botfiles/hardds.jkb","Imperial","0","2","user:void","void","1","2","0","drain","seeing","duel"
"327","1789933826","1789933859","33","1","maps/mp/ffa3","user:void","void","1","2","bot:/botfiles/hardds.jkb","Imperial","0","2","0","seeing","push","duel"
"328","1789933868","1789933910","42","1","maps/mp/ffa3","bot:/botfiles/hardds.jkb","Imperial","0","2","user:void","void","1","2","0","pull","seeing","duel"
"329","1789933915","1789933957","42","1","maps/mp/ffa3","user:void","void","1","2","bot:/botfiles/hardds.jkb","Imperial","0","2","0","unknown","pull","duel"
"330","1789933961","1789933985","24","1","maps/mp/ffa3","bot:/botfiles/hardds.jkb","Imperial","0","2","user:void","void","1","2","0","drain","seeing","duel"
"331","1789934007","1789934050","43","1","maps/mp/ffa3","bot:/botfiles/hardds.jkb","Imperial","0","2","user:void","void","1","2","0","push","seeing","duel"
"332","1789934054","1789934082","28","1","maps/mp/ffa3","bot:/botfiles/hardds.jkb","Imperial","0","2","user:void","void","1","2","0","pull","seeing","duel"
"333","1789934101","1789934152","51","1","maps/mp/ffa3","bot:/botfiles/hardds.jkb","Desann","0","2","user:void","void","1","2","0","push","seeing","duel"
"334","1789934155","1789934205","50","1","maps/mp/ffa3","bot:/botfiles/hardds.jkb","Desann","0","2","user:void","void","1","2","0","pull","seeing","duel"
"335","1789934291","1789934314","23","1","maps/mp/ffa3","bot:/botfiles/hardds.jkb","Desann","0","2","user:void","void","1","2","0","pull","seeing","duel"
"336","1789934324","1789934384","60","1","maps/mp/ffa3","bot:/botfiles/hardds.jkb","Desann","0","2","user:void","void","1","2","0","pull","seeing","duel"
"337","1789934399","1789934455","56","1","maps/mp/ffa3","bot:/botfiles/hardds.jkb","Desann","0","2","user:void","void","1","2","0","drain","seeing","duel"
"338","1789934457","1789934480","23","1","maps/mp/ffa3","bot:/botfiles/hardds.jkb","Desann","0","2","user:void","void","1","2","0","pull","unknown","duel"
"339","1789934497","1789934526","29","1","maps/mp/ffa3","iphash:fa31973a","^0-=^3'/^7o^3!^0d^0=-^6","2","2","bot:/botfiles/hardds.jkb","Desann","0","2","0","seeing","speed","duel"
"340","1789934530","1789934559","29","1","maps/mp/ffa3","bot:/botfiles/hardds.jkb","Desann","0","2","iphash:fa31973a","^0-=^3'/^7o^3!^0d^0=-^6","2","2","0","drain","seeing","duel"
"341","1789934563","1789934591","28","1","maps/mp/ffa3","iphash:fa31973a","^0-=^3'/^7o^3!^0d^0=-^6","2","2","bot:/botfiles/hardds.jkb","Desann","0","2","0","unknown","pull","duel"
"342","1789934594","1789934603","9","1","maps/mp/ffa3","iphash:fa31973a","^0-=^3'/^7o^3!^0d^0=-^6","2","2","bot:/botfiles/hardds.jkb","Desann","0","2","0","seeing","drain","duel"
"343","1789934611","1789934689","78","1","maps/mp/ffa3","bot:/botfiles/hardds.jkb","Desann","0","2","user:void","void","1","2","0","push","seeing","duel"
"344","1789934909","1789934941","32","1","maps/mp/ffa3","iphash:fa31973a","^0-=^3'/^7o^3!^0d^0=-^6","2","2","bot:/botfiles/hardds.jkb","Desann","0","2","0","seeing","pull","duel"
"345","1789934944","1789934963","19","1","maps/mp/ffa3","bot:/botfiles/hardds.jkb","Desann","0","2","iphash:fa31973a","Padawan^7[0]","2","2","0","drain","seeing","duel"
"346","1789935011","1789935018","7","1","maps/mp/ffa3","iphash:fa31973a","Padawan^7[0]","2","2","bot:/botfiles/hardds.jkb","Imperial","0","2","0","seeing","","duel"
"347","1789935025","1789935031","6","1","maps/mp/ffa3","iphash:fa31973a","Padawan^7[0]","2","2","bot:/botfiles/hardds.jkb","Imperial","0","2","0","seeing","","duel"
"348","1789935169","1789935215","46","1","maps/mp/ffa3","user:void","void","1","2","bot:/botfiles/hardds.jkb","Imperial","0","2","0","unknown","speed","duel"
"349","1789935220","1789935342","122","1","maps/mp/ffa3","bot:/botfiles/hardds.jkb","Imperial","0","2","user:void","void","1","2","0","push","unknown","duel"
"350","1789935345","1789935386","41","1","maps/mp/ffa3","user:void","void","1","2","bot:/botfiles/hardds.jkb","Imperial","0","2","0","seeing","unknown","duel"
"351","1789935389","1789935442","53","1","maps/mp/ffa3","bot:/botfiles/hardds.jkb","Imperial","0","2","user:void","void","1","2","0","push","unknown","duel"
"352","1789935446","1789935486","40","1","maps/mp/ffa3","user:void","void","1","2","bot:/botfiles/hardds.jkb","Imperial","0","2","0","seeing","grip","duel"
"353","1789935488","1789935584","96","1","maps/mp/ffa3","user:void","void","1","2","bot:/botfiles/hardds.jkb","Imperial","0","2","0","seeing","drain","duel"
"354","1789935590","1789935619","29","1","maps/mp/ffa3","user:void","void","1","2","bot:/botfiles/hardds.jkb","Imperial","0","2","0","seeing","push","duel"
"355","1789935622","1789935736","114","1","maps/mp/ffa3","user:void","void","1","2","bot:/botfiles/hardds.jkb","Imperial","0","2","0","seeing","drain","duel"
"356","1789935785","1789935819","34","1","maps/mp/ffa3","bot:/botfiles/hardds.jkb","Desann","0","2","user:void","void","1","2","0","speed","seeing","duel"
"357","1789935827","1789935868","41","1","maps/mp/ffa3","user:void","void","1","2","bot:/botfiles/hardds4.jkb","Reborn_Twin","0","2","0","unknown","push","duel"
"358","1789935875","1789935895","20","1","maps/mp/ffa3","user:void","void","1","2","bot:/botfiles/hardds4.jkb","Reborn_Twin","0","2","0","unknown","push","duel"
"359","1789935970","1789936025","55","1","maps/mp/ffa3","user:void","void","1","2","bot:/botfiles/hardds4.jkb","Reborn_Twin","0","2","0","unknown","push","duel"
"360","1789936028","1789936041","13","1","maps/mp/ffa3","user:void","void","1","2","bot:/botfiles/hardds4.jkb","Reborn_Twin","0","2","0","seeing","pull","duel"
"361","1789936045","1789936051","6","1","maps/mp/ffa3","user:void","void","1","2","bot:/botfiles/hardds4.jkb","Reborn_Twin","0","2","0","seeing","","duel"
"362","1789936054","1789936098","44","1","maps/mp/ffa3","user:void","void","1","2","bot:/botfiles/hardds4.jkb","Reborn_Twin","0","2","0","seeing","push","duel"
"363","1789936100","1789936114","14","1","maps/mp/ffa3","user:void","void","1","2","bot:/botfiles/hardds4.jkb","Reborn_Twin","0","2","0","seeing","unknown","duel"
"364","1789936116","1789936139","23","1","maps/mp/ffa3","bot:/botfiles/hardds4.jkb","Reborn_Twin","0","2","user:void","void","1","2","0","drain","seeing","duel"
"365","1789936146","1789936188","42","1","maps/mp/ffa3","bot:/botfiles/hardds.jkb","Desann","0","2","user:void","void","1","2","0","pull","unknown","duel"
"366","1789936194","1789936220","26","1","maps/mp/ffa3","bot:/botfiles/hardds.jkb","Desann","0","2","user:void","void","1","2","0","drain","seeing","duel"
"367","1789936224","1789936255","31","1","maps/mp/ffa3","bot:/botfiles/hardds.jkb","Desann","0","2","user:void","void","1","2","0","pull","unknown","duel"
"368","1789936259","1789936295","36","1","maps/mp/ffa3","bot:/botfiles/hardds.jkb","Desann","0","2","user:void","void","1","2","0","pull","unknown","duel"
"369","1789936305","1789936372","67","1","maps/mp/ffa3","bot:/botfiles/hardds.jkb","Desann","0","2","user:void","void","1","2","0","drain","seeing","duel"
"370","1789936376","1789936410","34","1","maps/mp/ffa3","user:void","void","1","2","bot:/botfiles/hardds.jkb","Desann","0","2","0","seeing","unknown","duel"
"371","1789936414","1789936451","37","1","maps/mp/ffa3","bot:/botfiles/hardds.jkb","Desann","0","2","user:void","void","1","2","0","pull","seeing","duel"
"372","1789936455","1789936531","76","1","maps/mp/ffa3","bot:/botfiles/hardds.jkb","Desann","0","2","user:void","void","1","2","0","pull","unknown","duel"
"373","1789936533","1789936572","39","1","maps/mp/ffa3","user:void","void","1","2","bot:/botfiles/hardds.jkb","Desann","0","2","0","unknown","pull","duel"
"374","1789936575","1789936611","36","1","maps/mp/ffa3","bot:/botfiles/hardds.jkb","Desann","0","2","user:void","void","1","2","0","drain","seeing","duel"
"375","1789936614","1789936634","20","1","maps/mp/ffa3","bot:/botfiles/hardds.jkb","Desann","0","2","user:void","void","1","2","0","drain","seeing","duel"
"376","1789936638","1789936689","51","1","maps/mp/ffa3","user:void","void","1","2","bot:/botfiles/hardds.jkb","Desann","0","2","0","seeing","grip","duel"
"377","1789936692","1789936717","25","1","maps/mp/ffa3","bot:/botfiles/hardds.jkb","Desann","0","2","user:void","void","1","2","0","drain","unknown","duel"
"378","1789946923","1789946950","27","1","maps/mp/ffa3","user:void","void","1","2","bot:/botfiles/mediumds.jkb","galak","0","2","0","seeing","unknown","duel"
"379","1789946967","1789946986","19","1","maps/mp/ffa3","user:void","void","1","2","bot:/botfiles/mediumds.jkb","galak","0","2","0","unknown","pull","duel"
"380","1789946990","1789947009","19","1","maps/mp/ffa3","user:void","void","1","2","bot:/botfiles/mediumds.jkb","galak","0","2","0","seeing","drain","duel"
"381","1789947026","1789947112","86","1","maps/mp/ffa3","user:void","void","1","2","iphash:ba05fd77","^0ff^7'^0Gòónat¡Ç","2","2","0","seeing","seeing","duel"
"382","1789947115","1789947155","40","1","maps/mp/ffa3","user:void","void","1","2","user:goon","goon","1","2","0","seeing","seeing","duel"
"383","1789947166","1789947244","78","1","maps/mp/ffa3","user:goon","goon","1","2","user:void","void","1","2","0","seeing","unknown","duel"
"384","1789947250","1789947276","26","1","maps/mp/ffa3","user:void","void","1","2","user:goon","goon","1","2","0","seeing","seeing","duel"
"385","1789947281","1789947314","33","1","maps/mp/ffa3","user:void","void","1","2","user:goon","goon","1","2","0","unknown","seeing","duel"
"386","1789947319","1789947379","60","1","maps/mp/ffa3","user:void","void","1","2","user:goon","goon","1","2","0","seeing","seeing","duel"
"387","1789947386","1789947435","49","1","maps/mp/ffa3","user:void","void","1","2","user:goon","goon","1","2","0","seeing","seeing","duel"
"388","1789947462","1789947520","58","1","maps/mp/ffa3","user:void","void","1","2","user:goon","goon","1","2","0","seeing","seeing","duel"
"389","1789947525","1789947565","40","1","maps/mp/ffa3","user:void","void","1","2","user:goon","goon","1","2","0","seeing","seeing","duel"
"390","1789947571","1789947649","78","1","maps/mp/ffa3","user:goon","goon","1","2","user:void","void","1","2","0","seeing","seeing","duel"
"391","1789947654","1789947716","62","1","maps/mp/ffa3","user:goon","goon","1","2","user:void","void","1","2","0","seeing","seeing","duel"
"392","1789947722","1789947738","16","1","maps/mp/ffa3","user:void","void","1","2","user:goon","goon","1","2","0","seeing","seeing","duel"
"393","1789947741","1789947748","7","1","maps/mp/ffa3","user:goon","goon","1","2","user:void","void","1","2","0","seeing","seeing","duel"
"394","1789947753","1789947817","64","1","maps/mp/ffa3","user:goon","goon","1","2","user:void","void","1","2","0","seeing","seeing","duel"
"395","1789947822","1789947844","22","1","maps/mp/ffa3","user:goon","goon","1","2","user:void","void","1","2","0","seeing","unknown","duel"
"396","1789947849","1789947917","68","1","maps/mp/ffa3","user:goon","goon","1","2","user:void","void","1","2","0","seeing","seeing","duel"
"397","1789947921","1789947953","32","1","maps/mp/ffa3","user:void","void","1","2","user:goon","goon","1","2","0","seeing","unknown","duel"
"398","1789948042","1789948078","36","1","maps/mp/ffa3","user:goon","goon","1","2","user:void","void","1","2","0","seeing","seeing","duel"
"399","1789948083","1789948156","73","1","maps/mp/ffa3","user:goon","goon","1","2","user:void","void","1","2","0","seeing","seeing","duel"
"400","1789948160","1789948228","68","1","maps/mp/ffa3","user:void","void","1","2","user:goon","goon","1","2","0","seeing","seeing","duel"
"401","1789948410","1789948466","56","1","maps/mp/ffa3","user:void","void","1","2","user:goon","goon","1","2","0","seeing","seeing","duel"
"402","1789948471","1789948498","27","1","maps/mp/ffa3","user:goon","goon","1","2","user:void","void","1","2","0","seeing","unknown","duel"
"403","1789948502","1789948586","84","1","maps/mp/ffa3","user:void","void","1","2","user:goon","goon","1","2","0","seeing","seeing","duel"
"404","1789948590","1789948636","46","1","maps/mp/ffa3","user:void","void","1","2","user:goon","goon","1","2","0","seeing","seeing","duel"
"405","1789948708","1789948746","38","1","maps/mp/ffa3","user:void","void","1","2","bot:/botfiles/hardds.jkb","Desann","0","2","0","seeing","pull","duel"
"406","1789948751","1789948874","123","1","maps/mp/ffa3","user:void","void","1","2","bot:/botfiles/hardds.jkb","Desann","0","2","0","unknown","pull","duel"
"407","1789948892","1789948925","33","1","maps/mp/ffa3","user:void","void","1","2","bot:/botfiles/hardds.jkb","Desann","0","2","0","unknown","drain","duel"
"408","1789948929","1789948951","22","1","maps/mp/ffa3","user:void","void","1","2","bot:/botfiles/hardds.jkb","Desann","0","2","0","seeing","push","duel"
"409","1789948954","1789948968","14","1","maps/mp/ffa3","user:void","void","1","2","bot:/botfiles/hardds.jkb","Desann","0","2","0","seeing","push","duel"
"410","1789948971","1789948995","24","1","maps/mp/ffa3","bot:/botfiles/hardds.jkb","Desann","0","2","user:void","void","1","2","0","pull","seeing","duel"
"411","1789949019","1789949076","57","1","maps/mp/ffa3","user:void","void","1","2","bot:/botfiles/hardds.jkb","Desann","0","2","0","unknown","speed","duel"
"412","1789949168","1789949197","29","1","maps/mp/ffa3","user:void","void","1","2","bot:/botfiles/mediumds.jkb","galak","0","2","0","seeing","unknown","duel"
"413","1789948845","1789949369","524","1","maps/mp/ffa3","user:goon","goon","1","2","bot:/botfiles/mediumds.jkb","Cultist","0","2","0","seeing","drain","duel"
"414","1789949374","1789949405","31","1","maps/mp/ffa3","user:goon","goon","1","2","bot:/botfiles/mediumds.jkb","Cultist","0","2","0","seeing","pull","duel"
"415","1789949408","1789949436","28","1","maps/mp/ffa3","bot:/botfiles/mediumds.jkb","Cultist","0","2","user:goon","goon","1","2","0","push","seeing","duel"
"416","1789949440","1789949445","5","1","maps/mp/ffa3","user:goon","goon","1","2","bot:/botfiles/mediumds.jkb","Cultist","0","2","0","seeing","push","duel"
"417","1789949449","1789949507","58","1","maps/mp/ffa3","user:goon","goon","1","2","bot:/botfiles/mediumds.jkb","Cultist","0","2","0","seeing","grip","duel"
"418","1789949515","1789949638","123","1","maps/mp/ffa3","user:goon","goon","1","2","bot:/botfiles/mediumds.jkb","Cultist","0","2","0","seeing","pull","duel"
"419","1789949642","1789949709","67","1","maps/mp/ffa3","user:goon","goon","1","2","bot:/botfiles/mediumds.jkb","Cultist","0","2","0","seeing","grip","duel"
"420","1789949848","1789949904","56","1","maps/mp/ffa3","user:goon","goon","1","2","user:void","void","1","2","0","seeing","unknown","duel"
"421","1789949910","1789949988","78","1","maps/mp/ffa3","user:goon","goon","1","2","user:void","void","1","2","0","seeing","seeing","duel"
"422","1789949994","1789950004","10","1","maps/mp/ffa3","user:void","void","1","2","user:goon","goon","1","2","0","seeing","seeing","duel"
"423","1789950015","1789950078","63","1","maps/mp/ffa3","user:void","void","1","2","user:goon","goon","1","2","0","seeing","seeing","duel"
"424","1789950087","1789950117","30","1","maps/mp/ffa3","user:goon","goon","1","2","user:void","void","1","2","0","seeing","seeing","duel"
"425","1789950120","1789950154","34","1","maps/mp/ffa3","user:void","void","1","2","user:goon","goon","1","2","0","seeing","seeing","duel"
"426","1789950162","1789950200","38","1","maps/mp/ffa3","user:void","void","1","2","user:goon","goon","1","2","0","seeing","seeing","duel"
"427","1789950203","1789950256","53","1","maps/mp/ffa3","user:goon","goon","1","2","user:void","void","1","2","0","seeing","seeing","duel"
"428","1789950262","1789950314","52","1","maps/mp/ffa3","user:void","void","1","2","user:goon","goon","1","2","0","seeing","unknown","duel"
"429","1789950337","1789950440","103","1","maps/mp/ffa3","user:goon","goon","1","2","user:void","void","1","2","0","seeing","seeing","duel"
"430","1789950448","1789950474","26","1","maps/mp/ffa3","user:goon","goon","1","2","user:void","void","1","2","0","seeing","seeing","duel"
"431","1789950480","1789950513","33","1","maps/mp/ffa3","user:goon","goon","1","2","user:void","void","1","2","0","seeing","seeing","duel"
"432","1789950548","1789950584","36","1","maps/mp/ffa3","user:goon","goon","1","2","user:void","void","1","2","0","seeing","seeing","duel"
"433","1789950593","1789950613","20","1","maps/mp/ffa3","user:goon","goon","1","2","user:void","void","1","2","0","seeing","seeing","duel"
"434","1789950624","1789950637","13","1","maps/mp/ffa3","user:void","void","1","2","user:goon","goon","1","2","0","seeing","seeing","duel"
"435","1789950648","1789950670","22","1","maps/mp/ffa3","user:goon","goon","1","2","user:void","void","1","2","0","seeing","seeing","duel"
"436","1789950676","1789950752","76","1","maps/mp/ffa3","user:void","void","1","2","user:goon","goon","1","2","0","unknown","seeing","duel"
"437","1789950756","1789950785","29","1","maps/mp/ffa3","user:goon","goon","1","2","user:void","void","1","2","0","seeing","seeing","duel"
"438","1789950796","1789950824","28","1","maps/mp/ffa3","user:void","void","1","2","user:goon","goon","1","2","0","seeing","seeing","duel"
"439","1789950827","1789950855","28","1","maps/mp/ffa3","user:void","void","1","2","user:goon","goon","1","2","0","seeing","seeing","duel"
"440","1789950864","1789950908","44","1","maps/mp/ffa3","user:void","void","1","2","user:goon","goon","1","2","0","seeing","seeing","duel"
"441","1789951350","1789951374","24","1","maps/mp/ffa3","user:void","void","1","2","user:jundon","jundon","1","2","0","seeing","seeing","duel"
"442","1789951380","1789951516","136","1","maps/mp/ffa3","user:void","void","1","2","user:jundon","jundon","1","2","0","seeing","seeing","duel"
"443","1789951522","1789951574","52","1","maps/mp/ffa3","user:jundon","jundon","1","2","user:void","void","1","2","0","seeing","seeing","duel"
"444","1789951581","1789951610","29","1","maps/mp/ffa3","user:jundon","jundon","1","2","user:void","void","1","2","0","seeing","unknown","duel"
"445","1789951616","1789951643","27","1","maps/mp/ffa3","user:jundon","jundon","1","2","user:void","void","1","2","0","seeing","seeing","duel"
"446","1789951650","1789951674","24","1","maps/mp/ffa3","user:jundon","jundon","1","2","user:void","void","1","2","0","seeing","seeing","duel"
"447","1789951680","1789951747","67","1","maps/mp/ffa3","user:jundon","jundon","1","2","user:void","void","1","2","0","seeing","seeing","duel"
"448","1789951751","1789951775","24","1","maps/mp/ffa3","user:jundon","jundon","1","2","user:void","void","1","2","0","seeing","unknown","duel"
"449","1789951805","1789951958","153","1","maps/mp/ffa3","user:jundon","jundon","1","2","user:void","void","1","2","0","seeing","seeing","duel"
"450","1789951963","1789951993","30","1","maps/mp/ffa3","user:jundon","jundon","1","2","user:void","void","1","2","0","unknown","seeing","duel"
"451","1789951997","1789952012","15","1","maps/mp/ffa3","user:jundon","jundon","1","2","user:void","void","1","2","0","seeing","seeing","duel"
"452","1789952018","1789952068","50","1","maps/mp/ffa3","user:jundon","jundon","1","2","user:void","void","1","2","0","seeing","seeing","duel"
"453","1789952196","1789952222","26","1","maps/mp/ffa3","user:void","void","1","2","bot:/botfiles/hardds.jkb","Desann","0","2","0","seeing","drain","duel"
"454","1789952231","1789952306","75","1","maps/mp/ffa3","user:void","void","1","2","bot:/botfiles/hardds.jkb","Desann","0","2","0","seeing","grip","duel"
"455","1789952310","1789952392","82","1","maps/mp/ffa3","user:void","void","1","2","bot:/botfiles/hardds.jkb","Desann","0","2","0","seeing","drain","duel"
"456","1789952395","1789952435","40","1","maps/mp/ffa3","bot:/botfiles/hardds.jkb","Desann","0","2","user:void","void","1","2","0","push","seeing","duel"
"457","1789952441","1789952483","42","1","maps/mp/ffa3","user:void","void","1","2","bot:/botfiles/hardds.jkb","Desann","0","2","0","seeing","speed","duel"
"458","1789952488","1789952496","8","1","maps/mp/ffa3","user:void","void","1","2","bot:/botfiles/hardds.jkb","Desann","0","2","0","seeing","drain","duel"
"459","1789952501","1789952554","53","1","maps/mp/ffa3","user:void","void","1","2","bot:/botfiles/hardds.jkb","Imperial","0","2","0","seeing","grip","duel"
"460","1789952567","1789952755","188","1","maps/mp/ffa3","user:jundon","jundon","1","2","user:void","void","1","2","0","seeing","seeing","duel"
"461","1789952760","1789952835","75","1","maps/mp/ffa3","user:jundon","jundon","1","2","user:void","void","1","2","0","seeing","seeing","duel"
"462","1789952843","1789952872","29","1","maps/mp/ffa3","bot:/botfiles/hardds.jkb","Desann","0","2","user:goon","goon","1","2","0","push","seeing","duel"
"463","1789952845","1789952981","136","1","maps/mp/ffa3","user:jundon","jundon","1","2","user:void","void","1","2","0","seeing","seeing","duel"
"464","1789952888","1789953005","117","1","maps/mp/ffa3","user:goon","goon","1","2","bot:/botfiles/hardds.jkb","Desann","0","2","0","unknown","pull","duel"
"465","1789953014","1789953018","4","1","maps/mp/ffa3","user:goon","goon","1","2","bot:/botfiles/hardds.jkb","Desann","0","2","0","seeing","","duel"
"466","1789952989","1789953022","33","1","maps/mp/ffa3","user:void","void","1","2","user:jundon","jundon","1","2","0","seeing","seeing","duel"
"467","1789953171","1789953183","12","1","maps/mp/ffa3","user:void","void","1","2","bot:/botfiles/hardds.jkb","Imperial","0","2","0","seeing","push","duel"
"468","1789953022","1789953194","172","1","maps/mp/ffa3","user:goon","goon","1","2","bot:/botfiles/hardds.jkb","Desann","0","2","0","seeing","drain","duel"
"469","1789953206","1789953276","70","1","maps/mp/ffa3","user:void","void","1","2","user:goon","goon","1","2","0","seeing","seeing","duel"
"470","1789953303","1789953373","70","1","maps/mp/ffa3","user:goon","goon","1","2","user:void","void","1","2","0","seeing","seeing","duel"
"471","1789953394","1789953437","43","1","maps/mp/ffa3","user:void","void","1","2","user:goon","goon","1","2","0","seeing","unknown","duel"
"472","1789953441","1789953512","71","1","maps/mp/ffa3","user:goon","goon","1","2","user:void","void","1","2","0","seeing","seeing","duel"
"473","1789953517","1789953535","18","1","maps/mp/ffa3","user:void","void","1","2","user:goon","goon","1","2","0","seeing","seeing","duel"
"474","1789953539","1789953549","10","1","maps/mp/ffa3","user:void","void","1","2","user:goon","goon","1","2","0","seeing","seeing","duel"
"475","1789953555","1789953591","36","1","maps/mp/ffa3","user:void","void","1","2","user:goon","goon","1","2","0","seeing","seeing","duel"
"476","1789953596","1789953622","26","1","maps/mp/ffa3","user:void","void","1","2","user:goon","goon","1","2","0","seeing","seeing","duel"
"477","1789953629","1789953711","82","1","maps/mp/ffa3","user:goon","goon","1","2","user:void","void","1","2","0","seeing","seeing","duel"
"478","1789953722","1789953757","35","1","maps/mp/ffa3","user:goon","goon","1","2","user:void","void","1","2","0","seeing","unknown","duel"
"479","1789953837","1789953971","134","1","maps/mp/ffa3","user:void","void","1","2","bot:/botfiles/hardds.jkb","Imperial","0","2","0","unknown","pull","duel"
"480","1789953974","1789954020","46","1","maps/mp/ffa3","bot:/botfiles/hardds.jkb","Imperial","0","2","user:void","void","1","2","0","pull","unknown","duel"
"481","1789954027","1789954035","8","1","maps/mp/ffa3","user:void","void","1","2","bot:/botfiles/hardds.jkb","Imperial","0","2","0","seeing","","duel"
"482","1789954037","1789954083","46","1","maps/mp/ffa3","user:void","void","1","2","bot:/botfiles/hardds.jkb","Imperial","0","2","0","seeing","push","duel"
"483","1789954087","1789954163","76","1","maps/mp/ffa3","bot:/botfiles/hardds.jkb","Imperial","0","2","user:void","void","1","2","0","grip","seeing","duel"
"484","1789954174","1789954181","7","1","maps/mp/ffa3","bot:/botfiles/hardds.jkb","Imperial","0","2","user:void","void","1","2","0","grip","unknown","duel"
"485","1789954216","1789954246","30","1","maps/mp/ffa3","user:void","void","1","2","user:goon","goon","1","2","0","unknown","seeing","duel"
"486","1789954289","1789954350","61","1","maps/mp/ffa3","user:jundon","jundon","1","2","user:void","void","1","2","0","seeing","seeing","duel"
"487","1789954355","1789954394","39","1","maps/mp/ffa3","user:jundon","jundon","1","2","user:void","void","1","2","0","unknown","seeing","duel"
"488","1789954400","1789954472","72","1","maps/mp/ffa3","user:jundon","jundon","1","2","user:void","void","1","2","0","seeing","seeing","duel"
"489","1789954500","1789954554","54","1","maps/mp/ffa3","user:jundon","jundon","1","2","user:void","void","1","2","0","unknown","seeing","duel"
"490","1789954559","1789954604","45","1","maps/mp/ffa3","user:jundon","jundon","1","2","user:void","void","1","2","0","seeing","seeing","duel"
"491","1789954614","1789954686","72","1","maps/mp/ffa3","user:jundon","jundon","1","2","user:void","void","1","2","0","seeing","unknown","duel"
"492","1789954697","1789954716","19","1","maps/mp/ffa3","user:jundon","jundon","1","2","user:void","void","1","2","0","seeing","seeing","duel"
"493","1789954721","1789954747","26","1","maps/mp/ffa3","user:jundon","jundon","1","2","user:void","void","1","2","0","seeing","seeing","duel"
"494","1789954751","1789954783","32","1","maps/mp/ffa3","user:jundon","jundon","1","2","user:void","void","1","2","0","seeing","seeing","duel"
"495","1789954789","1789954823","34","1","maps/mp/ffa3","user:void","void","1","2","user:jundon","jundon","1","2","0","seeing","seeing","duel"
"496","1789954827","1789954851","24","1","maps/mp/ffa3","user:jundon","jundon","1","2","user:void","void","1","2","0","seeing","seeing","duel"
"497","1789955414","1789955432","18","1","maps/mp/ffa3","user:void","void","1","2","bot:/botfiles/hardds.jkb","Imperial","0","2","0","seeing","drain","duel"
"498","1789955436","1789955456","20","1","maps/mp/ffa3","bot:/botfiles/hardds.jkb","Imperial","0","2","user:void","void","1","2","0","drain","seeing","duel"
"499","1789955466","1789955529","63","1","maps/mp/ffa3","user:void","void","1","2","bot:/botfiles/hardds.jkb","Imperial","0","2","0","seeing","pull","duel"
"500","1789955541","1789955581","40","1","maps/mp/ffa3","user:void","void","1","2","bot:/botfiles/hardds.jkb","Imperial","0","2","0","seeing","drain","duel"
"501","1789955585","1789955608","23","1","maps/mp/ffa3","user:void","void","1","2","bot:/botfiles/hardds.jkb","Imperial","0","2","0","seeing","pull","duel"
"502","1789955612","1789955708","96","1","maps/mp/ffa3","bot:/botfiles/hardds.jkb","Imperial","0","2","user:void","void","1","2","0","drain","unknown","duel"
"503","1789955921","1789955926","5","1","maps/mp/ffa3","user:void","void","1","2","bot:/botfiles/hardds.jkb","Desann","0","2","0","seeing","","duel"
"504","1789955931","1789955976","45","1","maps/mp/ffa3","bot:/botfiles/hardds.jkb","Desann","0","2","user:void","void","1","2","0","pull","seeing","duel"
"505","1789955987","1789956003","16","1","maps/mp/ffa3","user:void","void","1","2","bot:/botfiles/hardds.jkb","Desann","0","2","0","seeing","push","duel"
"506","1789956007","1789956070","63","1","maps/mp/ffa3","user:void","void","1","2","bot:/botfiles/hardds.jkb","Desann","0","2","0","unknown","drain","duel"
"507","1789956077","1789956099","22","1","maps/mp/ffa3","bot:/botfiles/hardds.jkb","Desann","0","2","user:void","void","1","2","0","pull","seeing","duel"
"508","1789956112","1789956141","29","1","maps/mp/ffa3","bot:/botfiles/hardds.jkb","Desann","0","2","user:void","void","1","2","0","speed","unknown","duel"
"509","1789956144","1789956169","25","1","maps/mp/ffa3","user:void","void","1","2","bot:/botfiles/hardds.jkb","Desann","0","2","0","seeing","grip","duel"
"510","1789956173","1789956192","19","1","maps/mp/ffa3","bot:/botfiles/hardds.jkb","Desann","0","2","user:void","void","1","2","0","push","seeing","duel"
"511","1789956206","1789956219","13","1","maps/mp/ffa3","bot:/botfiles/hardds.jkb","Desann","0","2","user:void","void","1","2","0","grip","unknown","duel"
"512","1789956242","1789956304","62","1","maps/mp/ffa3","user:void","void","1","2","bot:/botfiles/hardds.jkb","Desann","0","2","0","seeing","pull","duel"
"513","1789956307","1789956319","12","1","maps/mp/ffa3","bot:/botfiles/hardds.jkb","Desann","0","2","user:void","void","1","2","0","pull","seeing","duel"
"514","1789956331","1789956376","45","1","maps/mp/ffa3","user:void","void","1","2","bot:/botfiles/hardds.jkb","Desann","0","2","0","seeing","push","duel"
"515","1789956380","1789956442","62","1","maps/mp/ffa3","user:void","void","1","2","bot:/botfiles/hardds.jkb","Desann","0","2","0","unknown","push","duel"
"516","1789956484","1789956599","115","1","maps/mp/ffa3","bot:/botfiles/hardds4.jkb","Reborn_Twin","0","2","user:void","void","1","2","0","speed","unknown","duel"
"517","1789956607","1789956633","26","1","maps/mp/ffa3","user:socrates","socrates","1","2","user:void","void","1","2","0","seeing","unknown","duel"
"518","1789956638","1789956687","49","1","maps/mp/ffa3","user:socrates","socrates","1","2","user:void","void","1","2","0","seeing","unknown","duel"
"519","1789956697","1789956721","24","1","maps/mp/ffa3","user:void","void","1","2","user:socrates","socrates","1","2","0","seeing","seeing","duel"
"520","1789956727","1789956804","77","1","maps/mp/ffa3","user:socrates","socrates","1","2","user:void","void","1","2","0","seeing","unknown","duel"
"521","1789956810","1789956836","26","1","maps/mp/ffa3","user:socrates","socrates","1","2","user:void","void","1","2","0","seeing","seeing","duel"
"522","1789956839","1789956864","25","1","maps/mp/ffa3","user:void","void","1","2","user:socrates","socrates","1","2","0","seeing","seeing","duel"
"523","1789956867","1789957143","276","1","maps/mp/ffa3","user:void","void","1","2","user:socrates","socrates","1","2","0","unknown","seeing","duel"
"524","1789957149","1789957168","19","1","maps/mp/ffa3","user:socrates","socrates","1","2","user:void","void","1","2","0","seeing","unknown","duel"
"525","1789957175","1789957193","18","1","maps/mp/ffa3","iphash:eee2a3ba","couchlaptop","2","2","user:socrates","socrates","1","2","0","seeing","seeing","duel"
"526","1789957213","1789957231","18","1","maps/mp/ffa3","iphash:eee2a3ba","couchlaptop","2","2","user:socrates","socrates","1","2","0","seeing","seeing","duel"
"527","1789957236","1789957316","80","1","maps/mp/ffa3","iphash:eee2a3ba","couchlaptop","2","2","user:socrates","socrates","1","2","0","seeing","seeing","duel"
"528","1789957334","1789957383","49","1","maps/mp/ffa3","user:void","void","1","2","user:socrates","socrates","1","2","0","seeing","seeing","duel"
"529","1789957388","1789957444","56","1","maps/mp/ffa3","user:void","void","1","2","user:socrates","socrates","1","2","0","seeing","seeing","duel"
"530","1789957455","1789957474","19","1","maps/mp/ffa3","user:void","void","1","2","user:socrates","socrates","1","2","0","seeing","seeing","duel"
"531","1789957637","1789957680","43","1","maps/mp/ffa3","user:void","void","1","2","bot:/botfiles/hardds.jkb","Desann","0","2","0","seeing","speed","duel"
"532","1789958011","1789958050","39","1","maps/mp/ffa3","user:void","void","1","2","bot:/botfiles/hardds.jkb","Imperial","0","2","0","seeing","push","duel"
"533","1789958100","1789958125","25","1","maps/mp/ffa3","user:void","void","1","2","bot:/botfiles/hardds.jkb","Imperial","0","2","0","unknown","pull","duel"
"534","1789958183","1789958199","16","1","maps/mp/ffa3","bot:/botfiles/hardds.jkb","Imperial","0","2","user:void","void","1","2","0","pull","unknown","duel"
"535","1789958405","1789958446","41","1","maps/mp/ffa3","user:jundon","jundon","1","2","bot:/botfiles/hardds4.jkb","Reborn_Twin","0","2","0","unknown","pull","duel"
"536","1789958653","1789958693","40","1","maps/mp/ffa3","user:jundon","jundon","1","2","user:void","void","1","2","0","seeing","seeing","duel"
"537","1789958879","1789959258","379","1","maps/mp/ffa3","user:jundon","jundon","1","2","user:void","void","1","2","0","seeing","seeing","duel"
"538","1789959266","1789959281","15","1","maps/mp/ffa3","user:jundon","jundon","1","2","user:void","void","1","2","0","seeing","seeing","duel"
"539","1789964590","1789964622","32","1","maps/mp/ffa3","iphash:fa31973a","^0-=^3'/^7o^3!^0d^0=-^6","2","2","bot:/botfiles/mediumds.jkb","Saboteur","0","2","0","unknown","pull","duel"
"540","1789964653","1789964658","5","1","maps/mp/ffa3","user:void","void","1","2","bot:/botfiles/mediumds.jkb","Cultist^7[0]","0","2","0","seeing","","duel"
"541","1789964676","1789964701","25","1","maps/mp/ffa3","bot:/botfiles/mediumds.jkb","Cultist^7[0]","0","2","user:void","void","1","2","0","pull","unknown","duel"
"542","1789964715","1789964729","14","1","maps/mp/ffa3","bot:/botfiles/mediumds.jkb","Cultist^7[0]","0","2","user:void","void","1","2","0","speed","unknown","duel"
"543","1789964820","1789964844","24","1","maps/mp/ffa3","bot:/botfiles/hardds4.jkb","New_Reborn","0","2","user:void","void","1","2","0","push","seeing","duel"
"544","1789964867","1789964920","53","1","maps/mp/ffa3","bot:/botfiles/hardds4.jkb","New_Reborn","0","2","user:void","void","1","2","0","drain","seeing","duel"
"545","1789964937","1789964954","17","1","maps/mp/ffa3","bot:/botfiles/hardds4.jkb","New_Reborn","0","2","iphash:fa31973a","^0-=^3'/^7o^3!^0d^0=-^6","2","2","0","speed","unknown","duel"
"546","1789964963","1789964970","7","1","maps/mp/ffa3","iphash:fa31973a","^0-=^3'/^7o^3!^0d^0=-^6","2","2","bot:/botfiles/hardds4.jkb","New_Reborn","0","2","0","seeing","","duel"
"547","1789964974","1789965110","136","1","maps/mp/ffa3","bot:/botfiles/hardds4.jkb","New_Reborn","0","2","iphash:fa31973a","^0-=^3'/^7o^3!^0d^0=-^6","2","2","0","push","seeing","duel"
"548","1789965133","1789965162","29","1","maps/mp/ffa3","iphash:fa31973a","^0-=^3'/^7o^3!^0d^0=-^6","2","2","bot:/botfiles/hardds4.jkb","New_Reborn","0","2","0","seeing","drain","duel"
"549","1789965181","1789965273","92","1","maps/mp/ffa3","user:void","void","1","2","bot:/botfiles/hardds4.jkb","New_Reborn","0","2","0","unknown","pull","duel"
"550","1789965281","1789965382","101","1","maps/mp/ffa3","user:void","void","1","2","bot:/botfiles/hardds4.jkb","New_Reborn","0","2","0","seeing","drain","duel"
"551","1789965951","1789965970","19","1","maps/mp/ffa3","bot:/botfiles/hardds4.jkb","New_Reborn","0","2","iphash:f51458ac","^7Padawan","2","2","0","pull","seeing","duel"
"552","1789965973","1789966055","82","1","maps/mp/ffa3","bot:/botfiles/hardds4.jkb","New_Reborn","0","2","iphash:f51458ac","^7Padawan","2","2","0","push","seeing","duel"
"553","1789966060","1789966077","17","1","maps/mp/ffa3","iphash:f51458ac","^7Padawan","2","2","bot:/botfiles/hardds4.jkb","New_Reborn","0","2","0","seeing","pull","duel"
"554","1789966083","1789966154","71","1","maps/mp/ffa3","iphash:f51458ac","^7Padawan","2","2","bot:/botfiles/hardds4.jkb","New_Reborn","0","2","0","seeing","pull","duel"
"555","1789966212","1789966254","42","1","maps/mp/ffa3","bot:/botfiles/hardds4.jkb","New_Reborn","0","2","iphash:f51458ac","^7Padawan","2","2","0","pull","seeing","duel"
"556","1789966286","1789966308","22","1","maps/mp/ffa3","bot:/botfiles/hardds4.jkb","New_Reborn","0","2","iphash:f51458ac","^7Padawan","2","2","0","pull","seeing","duel"
"557","1789966312","1789966324","12","1","maps/mp/ffa3","bot:/botfiles/hardds4.jkb","New_Reborn","0","2","iphash:f51458ac","^7Padawan","2","2","0","grip","unknown","duel"
"558","1789966328","1789966391","63","1","maps/mp/ffa3","bot:/botfiles/hardds4.jkb","New_Reborn","0","2","iphash:f51458ac","^7Padawan","2","2","0","push","seeing","duel"
"559","1789966395","1789966412","17","1","maps/mp/ffa3","bot:/botfiles/hardds4.jkb","New_Reborn","0","2","iphash:f51458ac","^7Padawan","2","2","0","pull","seeing","duel"
"560","1789966415","1789966450","35","1","maps/mp/ffa3","bot:/botfiles/hardds4.jkb","New_Reborn","0","2","iphash:f51458ac","^7Padawan","2","2","0","pull","seeing","duel"
"561","1789966457","1789966469","12","1","maps/mp/ffa3","iphash:f51458ac","^7Padawan","2","2","bot:/botfiles/hardds4.jkb","New_Reborn","0","2","0","seeing","rage","duel"
"562","1789966474","1789966638","164","1","maps/mp/ffa3","bot:/botfiles/hardds4.jkb","New_Reborn","0","2","iphash:f51458ac","^7Padawan","2","2","0","push","seeing","duel"
"563","1790129798","1790129930","132","1","maps/mp/ffa3","iphash:2667391d","^0-=^3'/^7o^3!^0d^0=-^6","2","2","iphash:f51458ac","^7Padawan","2","2","0","seeing","seeing","duel"
"564","1790129942","1790129957","15","1","maps/mp/ffa3","iphash:2667391d","^0-=^3'/^7o^3!^0d^0=-^6","2","2","iphash:f51458ac","^7Padawan","2","2","0","seeing","seeing","duel"
"565","1790129966","1790130005","39","1","maps/mp/ffa3","user:void","void","1","2","iphash:f51458ac","^7Padawan","2","2","0","seeing","seeing","duel"
"566","1790130011","1790130032","21","1","maps/mp/ffa3","user:void","void","1","2","iphash:f51458ac","^7Padawan","2","2","0","seeing","seeing","duel"
"567","1790130036","1790130045","9","1","maps/mp/ffa3","user:void","void","1","2","iphash:f51458ac","^7Padawan","2","2","0","seeing","seeing","duel"
"568","1790130054","1790130084","30","1","maps/mp/ffa3","iphash:f51458ac","^7Padawan","2","2","user:void","void","1","2","0","seeing","seeing","duel"
"569","1790130089","1790130106","17","1","maps/mp/ffa3","user:void","void","1","2","iphash:f51458ac","^7Padawan","2","2","0","seeing","unknown","duel"
"570","1790130113","1790130136","23","1","maps/mp/ffa3","user:void","void","1","2","iphash:f51458ac","^7Padawan","2","2","0","seeing","unknown","duel"
"571","1790130148","1790130162","14","1","maps/mp/ffa3","user:void","void","1","2","iphash:f51458ac","^7Padawan","2","2","0","seeing","unknown","duel"
"572","1790130180","1790130233","53","1","maps/mp/ffa3","iphash:f51458ac","^7Padawan","2","2","user:void","void","1","2","0","seeing","seeing","duel"
"573","1790130239","1790130267","28","1","maps/mp/ffa3","iphash:f51458ac","^7Padawan","2","2","user:void","void","1","2","0","seeing","seeing","duel"
"574","1790130274","1790130327","53","1","maps/mp/ffa3","user:void","void","1","2","iphash:f51458ac","^7Padawan","2","2","0","seeing","seeing","duel"
"575","1790130339","1790130351","12","1","maps/mp/ffa3","iphash:f51458ac","^7Padawan","2","2","user:void","void","1","2","0","seeing","seeing","duel"
"576","1790130356","1790130401","45","1","maps/mp/ffa3","user:void","void","1","2","iphash:f51458ac","^7Padawan","2","2","0","seeing","seeing","duel"
"577","1790130436","1790130505","69","1","maps/mp/ffa3","user:void","void","1","2","iphash:f51458ac","^7Padawan","2","2","0","unknown","seeing","duel"
"578","1790130540","1790130601","61","1","maps/mp/ffa3","user:void","void","1","2","iphash:f51458ac","^7Padawan","2","2","0","seeing","seeing","duel"
