"export_format_version","record_type","source_context","record_id","start_time","end_time","duration","mapname","type","result","arcade_level","participant_key","participant_label","participant_kind","winner_key","winner_label","winner_kind","winner_side","loser_key","loser_label","loser_kind","loser_side","draw","winner_opening","loser_opening","total_kills","total_force_spent","total_force_regen","total_damage_taken","total_damage_dealt","low_force_windows","knockdown_events","counter_successes","punish_successes","reset_successes","saber_throw_punishes","capture_version","capture_revision"
"4","duel_summary","duel","1","1790972212","1790972242","30","maps/mp/ffa3","1","duel_complete","0","","","0","iphash:21a930d6","Padawan","2","2","bot:/botfiles/easyds.jkb","Vixen","0","2","0","seeing","unknown","1","1129","994","378","378","46","2","4","1","13","6","8","f2563ebd5"
"4","duel_summary","duel","2","1790972254","1790972289","35","maps/mp/ffa3","1","duel_complete","0","","","0","iphash:21a930d6","Padawan","2","2","bot:/botfiles/easyds.jkb","Vixen","0","2","0","drain","pull","1","1058","1040","472","472","21","3","5","6","5","2","8","f2563ebd5"
"4","duel_summary","duel","3","1790972331","1790972383","52","maps/mp/ffa3","1","duel_complete","0","","","0","iphash:21a930d6","Padawan","2","2","bot:/botfiles/mediumds.jkb","Spectre","0","2","0","drain","grip","1","1716","1539","549","549","46","2","8","2","12","9","8","f2563ebd5"
"4","duel_summary","duel","4","1790972433","1790972474","41","maps/mp/ffa3","1","duel_complete","0","","","0","iphash:21a930d6","Padawan","2","2","bot:/botfiles/mediumds.jkb","Phantasm","0","2","0","unknown","pull","1","996","893","467","467","53","5","4","7","12","4","8","f2563ebd5"
"4","duel_summary","duel","5","1790972485","1790972500","15","maps/mp/ffa3","1","duel_complete","0","","","0","user:void","void","1","2","bot:/botfiles/mediumds.jkb","Phantasm","0","2","0","drain","pull","1","329","162","205","205","4","2","2","1","1","2","8","f2563ebd5"
"4","duel_summary","duel","6","1790972511","1790972545","34","maps/mp/ffa3","1","duel_complete","0","","","0","bot:/botfiles/mediumds.jkb","Phantasm","0","2","user:void","void","1","2","0","pull","drain","1","872","699","378","378","35","2","5","3","5","2","8","f2563ebd5"
"4","duel_summary","duel","7","1790972550","1790972576","26","maps/mp/ffa3","1","duel_complete","0","","","0","user:void","void","1","2","bot:/botfiles/mediumds.jkb","Phantasm","0","2","0","seeing","pull","1","735","563","356","356","43","2","9","2","14","2","8","f2563ebd5"
"4","duel_summary","duel","8","1790972580","1790972601","21","maps/mp/ffa3","1","duel_complete","0","","","0","user:void","void","1","2","bot:/botfiles/mediumds.jkb","Phantasm","0","2","0","seeing","grip","1","398","344","305","296","6","3","4","1","1","3","8","f2563ebd5"
"4","duel_summary","duel","9","1790972618","1790972663","45","maps/mp/ffa3","1","duel_complete","0","","","0","user:void","void","1","2","bot:/botfiles/mediumds.jkb","Phantasm","0","2","0","drain","grip","1","1169","977","479","479","81","4","7","4","26","5","8","f2563ebd5"
"4","duel_summary","duel","10","1790972711","1790972723","12","maps/mp/ffa3","1","duel_complete","0","","","0","user:void","void","1","2","bot:/botfiles/easyds.jkb","Krag","0","2","0","grip","pull","1","272","146","233","222","5","2","5","0","1","3","8","f2563ebd5"
"4","duel_summary","duel","11","1790972783","1790972825","42","maps/mp/ffa3","1","duel_complete","0","","","0","bot:/botfiles/mediumds.jkb","Spectre","0","2","user:void","void","1","2","0","drain","seeing","1","1131","945","515","515","77","0","15","2","25","3","8","f2563ebd5"
"4","duel_summary","duel","12","1790972846","1790972884","38","maps/mp/ffa3","1","duel_complete","0","","","0","user:void","void","1","2","bot:/botfiles/mediumds.jkb","Spectre","0","2","0","push","unknown","1","969","834","449","449","53","4","6","2","21","4","8","f2563ebd5"
"4","duel_summary","duel","13","1790972888","1790972891","3","maps/mp/ffa3","1","duel_complete","0","","","0","user:void","void","1","2","bot:/botfiles/mediumds.jkb","Spectre","0","2","0","","grip","1","20","4","146","146","0","0","5","0","0","0","8","f2563ebd5"
"4","duel_summary","duel","14","1790972895","1790972902","7","maps/mp/ffa3","1","duel_complete","0","","","0","user:void","void","1","2","bot:/botfiles/mediumds.jkb","Spectre","0","2","0","seeing","grip","1","231","88","270","270","1","0","8","1","0","3","8","f2563ebd5"
"4","duel_summary","duel","15","1790972911","1790972953","42","maps/mp/ffa3","1","duel_complete","0","","","0","user:void","void","1","2","bot:/botfiles/mediumds.jkb","Spectre","0","2","0","seeing","pull","1","985","849","344","344","51","5","2","2","19","2","8","f2563ebd5"
"4","duel_summary","duel","16","1790972969","1790972992","23","maps/mp/ffa3","1","duel_complete","0","","","0","user:void","void","1","2","bot:/botfiles/mediumds.jkb","Spectre","0","2","0","seeing","pull","1","644","503","284","284","5","4","5","1","2","5","8","f2563ebd5"
"4","duel_summary","duel","17","1790973041","1790973052","11","maps/mp/ffa3","1","duel_complete","0","","","0","bot:/botfiles/mediumds.jkb","Galak_Mech","0","2","user:void","void","1","2","0","grip","pull","1","260","120","113","113","11","0","0","0","0","0","8","f2563ebd5"
"4","duel_summary","duel","18","1790973178","1790973211","33","maps/mp/ffa3","1","duel_complete","0","","","0","user:void","void","1","2","bot:/botfiles/mediumds.jkb","Galak_Mech","0","2","0","push","grip","1","946","785","426","426","49","6","6","4","12","8","8","f2563ebd5"
"4","duel_summary","duel","19","1790973221","1790973237","16","maps/mp/ffa3","1","duel_complete","0","","","0","bot:/botfiles/mediumds.jkb","Galak_Mech","0","2","user:void","void","1","2","0","grip","push","1","441","292","311","311","24","2","4","4","5","2","8","f2563ebd5"
"4","duel_summary","duel","20","1790973245","1790973282","37","maps/mp/ffa3","1","duel_complete","0","","","0","user:void","void","1","2","bot:/botfiles/mediumds.jkb","Galak_Mech","0","2","0","seeing","push","1","1016","918","496","496","37","4","10","3","11","6","8","f2563ebd5"
"4","duel_summary","duel","21","1790973293","1790973303","10","maps/mp/ffa3","1","duel_complete","0","","","0","user:void","void","1","2","bot:/botfiles/mediumds.jkb","Galak_Mech","0","2","0","grip","grip","1","93","26","121","121","0","2","0","0","0","0","8","f2563ebd5"
"4","duel_summary","duel","22","1790973308","1790973352","44","maps/mp/ffa3","1","duel_complete","0","","","0","user:void","void","1","2","bot:/botfiles/mediumds.jkb","Galak_Mech","0","2","0","grip","pull","1","1005","847","396","389","43","5","5","2","15","4","8","f2563ebd5"
"4","duel_summary","duel","23","1790973394","1790973447","53","maps/mp/ffa3","1","duel_complete","0","","","0","user:void","void","1","2","bot:/botfiles/mediumds.jkb","Galak_Mech","0","2","0","push","grip","1","1355","1177","419","419","82","4","9","2","27","8","8","f2563ebd5"
"4","duel_summary","duel","24","1790973458","1790973498","40","maps/mp/ffa3","1","duel_complete","0","","","0","user:void","void","1","2","bot:/botfiles/mediumds.jkb","Galak_Mech","0","2","0","unknown","drain","1","1088","940","390","390","53","0","6","6","19","2","8","f2563ebd5"
"4","duel_summary","duel","25","1790973506","1790973555","49","maps/mp/ffa3","1","duel_complete","0","","","0","user:void","void","1","2","bot:/botfiles/mediumds.jkb","Galak_Mech","0","2","0","grip","speed","1","1267","1079","490","490","78","3","8","3","27","5","8","f2563ebd5"
"4","duel_summary","duel","26","1790973564","1790973602","38","maps/mp/ffa3","1","duel_complete","0","","","0","user:void","void","1","2","bot:/botfiles/hardds.jkb","Skryptr","0","2","0","seeing","drain","1","934","829","438","438","49","1","6","3","20","6","8","f2563ebd5"
"4","duel_summary","duel","27","1790973606","1790973628","22","maps/mp/ffa3","1","duel_complete","0","","","0","user:void","void","1","2","bot:/botfiles/hardds.jkb","Skryptr","0","2","0","unknown","speed","1","567","448","400","400","29","2","5","1","12","5","8","f2563ebd5"
"4","duel_summary","duel","28","1790973631","1790973665","34","maps/mp/ffa3","1","duel_complete","0","","","0","user:void","void","1","2","bot:/botfiles/hardds.jkb","Skryptr","0","2","0","unknown","speed","1","897","724","450","450","51","2","12","4","12","4","8","f2563ebd5"
"4","duel_summary","duel","29","1790973674","1790973708","34","maps/mp/ffa3","1","duel_complete","0","","","0","user:void","void","1","2","bot:/botfiles/hardds.jkb","Skryptr","0","2","0","seeing","grip","1","909","725","404","404","62","4","6","3","16","6","8","f2563ebd5"
"4","duel_summary","duel","30","1790973743","1790973760","17","maps/mp/ffa3","1","duel_complete","0","","","0","user:void","void","1","2","bot:/botfiles/mediumds.jkb","Hex","0","2","0","seeing","drain","1","350","238","268","260","8","1","3","6","2","2","8","f2563ebd5"
"4","duel_summary","duel","31","1790973774","1790973801","27","maps/mp/ffa3","1","duel_complete","0","","","0","user:void","void","1","2","bot:/botfiles/mediumds.jkb","Hex","0","2","0","seeing","pull","1","718","557","308","308","50","3","2","2","12","3","8","f2563ebd5"
"4","duel_summary","duel","32","1790973822","1790973858","36","maps/mp/ffa3","1","duel_complete","0","","","0","user:void","void","1","2","bot:/botfiles/mediumds.jkb","Hex","0","2","0","grip","push","1","914","822","336","329","50","3","4","3","16","3","8","f2563ebd5"
"4","duel_summary","duel","33","1790973863","1790973918","55","maps/mp/ffa3","1","duel_complete","0","","","0","user:void","void","1","2","bot:/botfiles/hardds.jkb","Nyx","0","2","0","grip","drain","1","1375","1217","494","485","90","1","11","3","28","1","8","f2563ebd5"
"4","duel_summary","duel","34","1790973934","1790973944","10","maps/mp/ffa3","0","duel_complete","0","","","0","user:void","void","1","2","bot:/botfiles/hardds.jkb","Destroyer","0","2","0","seeing","speed","1","18","18","200","200","0","0","0","7","0","0","8","f2563ebd5"
"4","duel_summary","duel","35","1790973948","1790973993","45","maps/mp/ffa3","0","duel_complete","0","","","0","user:void","void","1","2","bot:/botfiles/hardds.jkb","Destroyer","0","2","0","","","1","0","0","210","210","0","0","0","7","0","0","8","f2563ebd5"
"4","duel_summary","duel","36","1790974005","1790974051","46","maps/mp/ffa3","0","duel_complete","0","","","0","user:void","void","1","2","bot:/botfiles/hardds.jkb","Destroyer","0","2","0","","","1","0","0","280","280","0","0","3","6","0","0","8","f2563ebd5"
"4","duel_summary","duel","37","1790974056","1790974069","13","maps/mp/ffa3","0","duel_complete","0","","","0","user:void","void","1","2","bot:/botfiles/hardds.jkb","Destroyer","0","2","0","","","1","0","0","200","200","0","0","0","7","0","0","8","f2563ebd5"
"4","duel_summary","duel","38","1790974073","1790974078","5","maps/mp/ffa3","0","duel_complete","0","","","0","user:void","void","1","2","bot:/botfiles/hardds.jkb","Destroyer","0","2","0","","speed","1","8","8","210","210","0","0","4","4","0","0","8","f2563ebd5"
"4","duel_summary","duel","39","1790974086","1790974096","10","maps/mp/ffa3","0","duel_complete","0","","","0","user:void","void","1","2","bot:/botfiles/hardds.jkb","Destroyer","0","2","0","","","1","0","0","212","212","0","0","5","3","0","0","8","f2563ebd5"
"4","duel_summary","duel","40","1790974103","1790974114","11","maps/mp/ffa3","0","duel_complete","0","","","0","user:void","void","1","2","bot:/botfiles/hardds.jkb","Destroyer","0","2","0","","","1","0","0","210","210","0","0","2","6","0","0","8","f2563ebd5"
"4","duel_summary","duel","41","1790974128","1790974133","5","maps/mp/ffa3","0","duel_complete","0","","","0","user:void","void","1","2","bot:/botfiles/hardds.jkb","Destroyer","0","2","0","","","1","0","0","211","211","0","0","4","4","0","0","8","f2563ebd5"
"4","duel_summary","duel","42","1790974138","1790974160","22","maps/mp/ffa3","0","duel_complete","0","","","0","user:void","void","1","2","bot:/botfiles/hardds.jkb","Destroyer","0","2","0","","","1","0","0","208","208","0","0","8","2","0","0","8","f2563ebd5"
"4","duel_summary","duel","43","1790974165","1790974184","19","maps/mp/ffa3","0","duel_complete","0","","","0","user:void","void","1","2","bot:/botfiles/hardds.jkb","Destroyer","0","2","0","","","1","0","0","290","290","0","0","2","7","0","0","8","f2563ebd5"
"4","duel_summary","duel","44","1790974199","1790974226","27","maps/mp/ffa3","1","duel_complete","0","","","0","bot:/botfiles/hardds.jkb","Destroyer","0","2","user:void","void","1","2","0","pull","drain","1","691","510","307","307","36","4","7","2","10","2","8","f2563ebd5"
"4","duel_summary","duel","45","1790974252","1790974273","21","maps/mp/ffa3","0","duel_complete","0","","","0","user:void","void","1","2","bot:/botfiles/hardds.jkb","Nyx","0","2","0","","","1","0","0","200","200","0","0","0","7","0","0","8","f2563ebd5"
"4","duel_summary","duel","46","1790974279","1790974295","16","maps/mp/ffa3","0","duel_complete","0","","","0","user:void","void","1","2","bot:/botfiles/hardds.jkb","Nyx","0","2","0","","","1","0","0","201","201","0","0","0","7","0","0","8","f2563ebd5"
"4","duel_summary","duel","47","1790974324","1790974341","17","maps/mp/ffa3","0","duel_complete","0","","","0","user:void","void","1","2","bot:/botfiles/hardds.jkb","Destroyer","0","2","0","","","1","0","0","200","200","0","0","0","6","0","0","8","f2563ebd5"
"4","duel_summary","duel","48","1790974348","1790974361","13","maps/mp/ffa3","0","duel_complete","0","","","0","user:void","void","1","2","bot:/botfiles/hardds.jkb","Destroyer","0","2","0","","","1","0","0","204","204","0","0","6","3","0","0","8","f2563ebd5"
"4","duel_summary","duel","49","1790974613","1790974640","27","maps/mp/ffa3","0","duel_complete","0","","","0","user:void","void","1","2","iphash:48eaf22b","^7armorofgod^5.^7life","2","1","0","seeing","seeing","1","63","63","260","260","0","0","1","7","0","0","8","f2563ebd5"
"4","duel_summary","duel","50","1790974646","1790974661","15","maps/mp/ffa3","0","duel_complete","0","","","0","user:void","void","1","2","iphash:48eaf22b","^7armorofgod^5.^7life","2","1","0","seeing","seeing","1","93","93","227","227","1","0","5","4","1","0","8","f2563ebd5"
"4","duel_summary","duel","51","1790974674","1790974688","14","maps/mp/ffa3","0","duel_complete","0","","","0","user:void","void","1","2","iphash:48eaf22b","^7armorofgod^5.^7life","2","1","0","seeing","seeing","1","95","20","205","205","1","0","2","6","0","0","8","f2563ebd5"
"4","duel_summary","duel","52","1790974692","1790974734","42","maps/mp/ffa3","0","duel_complete","0","","","0","iphash:48eaf22b","^7armorofgod^5.^7life","2","1","user:void","void","1","2","0","seeing","seeing","1","244","235","330","330","0","0","5","10","0","0","8","f2563ebd5"
"4","duel_summary","duel","53","1790974747","1790974767","20","maps/mp/ffa3","0","duel_complete","0","","","0","user:void","void","1","2","iphash:48eaf22b","^7armorofgod^5.^7life","2","1","0","","seeing","1","72","72","351","351","0","0","5","6","0","0","8","f2563ebd5"
"4","duel_summary","duel","54","1790974773","1790974795","22","maps/mp/ffa3","0","duel_complete","0","","","0","iphash:48eaf22b","^7armorofgod^5.^7life","2","1","user:void","void","1","2","0","seeing","","1","24","24","301","301","0","0","3","7","0","0","8","f2563ebd5"
"4","duel_summary","duel","55","1790974805","1790974850","45","maps/mp/ffa3","0","duel_complete","0","","","0","iphash:48eaf22b","^7armorofgod^5.^7life","2","1","user:void","void","1","2","0","seeing","seeing","1","215","215","360","360","0","0","5","8","0","0","8","f2563ebd5"
"4","duel_summary","duel","56","1790974856","1790974914","58","maps/mp/ffa3","0","duel_complete","0","","","0","iphash:48eaf22b","^7armorofgod^5.^7life","2","1","user:void","void","1","2","0","seeing","seeing","1","153","153","273","273","0","0","1","5","0","0","8","f2563ebd5"
"4","duel_summary","duel","57","1790974920","1790974960","40","maps/mp/ffa3","0","duel_complete","0","","","0","user:void","void","1","2","iphash:48eaf22b","^7armorofgod^5.^7life","2","1","0","seeing","seeing","1","108","108","292","292","0","0","3","7","0","0","8","f2563ebd5"
"4","duel_summary","duel","58","1790974964","1790974979","15","maps/mp/ffa3","0","duel_complete","0","","","0","user:void","void","1","2","iphash:48eaf22b","^7armorofgod^5.^7life","2","1","0","","seeing","1","29","29","232","232","0","0","4","3","0","0","8","f2563ebd5"
"4","duel_summary","duel","59","1790974984","1790975009","25","maps/mp/ffa3","0","duel_complete","0","","","0","user:void","void","1","2","iphash:48eaf22b","^7armorofgod^5.^7life","2","1","0","seeing","seeing","1","133","103","268","268","0","0","2","5","0","0","8","f2563ebd5"
"4","duel_summary","duel","60","1790975014","1790975028","14","maps/mp/ffa3","0","duel_complete","0","","","0","user:void","void","1","2","iphash:48eaf22b","^7armorofgod^5.^7life","2","1","0","","seeing","1","16","16","286","286","0","0","2","5","0","0","8","f2563ebd5"
"4","duel_summary","duel","61","1790975032","1790975050","18","maps/mp/ffa3","0","duel_complete","0","","","0","user:void","void","1","2","iphash:48eaf22b","^7armorofgod^5.^7life","2","1","0","seeing","seeing","1","64","39","251","251","0","0","5","5","0","0","8","f2563ebd5"
"4","duel_summary","duel","62","1790975057","1790975074","17","maps/mp/ffa3","0","duel_complete","0","","","0","user:void","void","1","2","iphash:48eaf22b","^7armorofgod^5.^7life","2","1","0","seeing","seeing","1","140","140","216","216","1","0","2","4","1","0","8","f2563ebd5"
"4","duel_summary","duel","63","1790975078","1790975113","35","maps/mp/ffa3","0","duel_complete","0","","","0","user:void","void","1","2","iphash:48eaf22b","^7armorofgod^5.^7life","2","1","0","seeing","seeing","1","206","131","356","356","0","0","2","10","0","0","8","f2563ebd5"
"4","duel_summary","duel","64","1790975123","1790975137","14","maps/mp/ffa3","0","duel_complete","0","","","0","user:void","void","1","2","iphash:48eaf22b","^7armorofgod^5.^7life","2","1","0","seeing","seeing","1","16","16","281","281","0","0","2","6","0","0","8","f2563ebd5"
"4","duel_summary","duel","65","1790975144","1790975160","16","maps/mp/ffa3","0","duel_complete","0","","","0","iphash:48eaf22b","^7armorofgod^5.^7life","2","1","user:void","void","1","2","0","seeing","seeing","1","62","62","321","321","0","0","3","5","0","0","8","f2563ebd5"
"4","duel_summary","duel","66","1790975164","1790975188","24","maps/mp/ffa3","0","duel_complete","0","","","0","iphash:48eaf22b","^7armorofgod^5.^7life","2","1","user:void","void","1","2","0","seeing","seeing","1","118","93","365","365","0","0","6","5","0","0","8","f2563ebd5"
"4","duel_summary","duel","67","1790975195","1790975234","39","maps/mp/ffa3","0","duel_complete","0","","","0","user:void","void","1","2","iphash:48eaf22b","^7armorofgod^5.^7life","2","1","0","seeing","seeing","1","131","131","286","286","0","0","2","6","0","0","8","f2563ebd5"
"4","duel_summary","duel","68","1790975238","1790975270","32","maps/mp/ffa3","0","duel_complete","0","","","0","user:void","void","1","2","iphash:48eaf22b","^7armorofgod^5.^7life","2","1","0","seeing","seeing","1","121","121","202","202","0","0","0","7","0","0","8","f2563ebd5"
"4","duel_summary","duel","69","1790975280","1790975320","40","maps/mp/ffa3","0","duel_complete","0","","","0","user:void","void","1","2","iphash:48eaf22b","^7armorofgod^5.^7life","2","1","0","seeing","seeing","1","181","125","210","210","0","0","1","5","0","0","8","f2563ebd5"
"4","duel_summary","duel","70","1790975444","1790975484","40","maps/mp/ffa3","1","duel_complete","0","","","0","bot:/botfiles/hardds.jkb","Krypt","0","2","user:void","void","1","2","0","grip","drain","1","1058","859","462","462","47","2","6","3","13","4","8","f2563ebd5"
"4","duel_summary","duel","71","1790975525","1790975576","51","maps/mp/ffa3","1","duel_complete","0","","","0","user:void","void","1","2","bot:/botfiles/hardds.jkb","Krypt","0","2","0","drain","grip","1","1221","1070","532","532","90","0","11","3","25","3","8","f2563ebd5"
"4","duel_summary","duel","72","1790975583","1790975599","16","maps/mp/ffa3","1","duel_complete","0","","","0","bot:/botfiles/hardds.jkb","Krypt","0","2","user:void","void","1","2","0","grip","seeing","1","332","259","271","271","0","0","7","1","0","2","8","f2563ebd5"
"4","duel_summary","duel","73","1790975606","1790975685","79","maps/mp/ffa3","1","duel_complete","0","","","0","user:void","void","1","2","bot:/botfiles/hardds.jkb","Krypt","0","2","0","drain","grip","1","1987","1817","797","797","111","6","18","3","38","6","8","f2563ebd5"
"4","duel_summary","duel","74","1790975713","1790975744","31","maps/mp/ffa3","1","duel_complete","0","","","0","user:void","void","1","2","bot:/botfiles/hardds.jkb","Krypt","0","2","0","drain","grip","1","753","618","313","313","57","3","1","5","14","1","8","f2563ebd5"
"4","duel_summary","duel","75","1790975748","1790975763","15","maps/mp/ffa3","1","duel_complete","0","","","0","user:void","void","1","2","bot:/botfiles/hardds.jkb","Krypt","0","2","0","grip","pull","1","349","233","243","243","19","0","7","0","0","3","8","f2563ebd5"
"4","duel_summary","duel","76","1790975767","1790975790","23","maps/mp/ffa3","1","duel_complete","0","","","0","user:void","void","1","2","bot:/botfiles/hardds.jkb","Krypt","0","2","0","unknown","grip","1","531","378","277","277","21","1","11","0","5","3","8","f2563ebd5"
"4","duel_summary","duel","77","1790975798","1790975824","26","maps/mp/ffa3","1","duel_complete","0","","","0","bot:/botfiles/hardds.jkb","Krypt","0","2","user:void","void","1","2","0","grip","drain","1","688","604","285","274","34","1","7","1","16","2","8","f2563ebd5"
"4","duel_summary","duel","78","1790975859","1790975914","55","maps/mp/ffa3","1","duel_complete","0","","","0","user:void","void","1","2","bot:/botfiles/hardds.jkb","Nyx","0","2","0","grip","push","0","1224","1057","574","498","64","4","4","4","25","8","8","f2563ebd5"
"4","duel_summary","duel","79","1790975996","1790976035","39","maps/mp/ffa3","0","duel_complete","0","","","0","user:void","void","1","2","bot:/botfiles/hardds.jkb","Krypt","0","2","0","seeing","","1","8","8","201","201","0","0","2","5","0","0","8","f2563ebd5"
"4","duel_summary","duel","80","1790976044","1790976133","89","maps/mp/ffa3","0","duel_complete","0","","","0","user:void","void","1","2","bot:/botfiles/hardds.jkb","Krypt","0","2","0","seeing","","1","48","48","322","322","0","0","1","9","0","0","8","f2563ebd5"
"4","duel_summary","duel","81","1790976137","1790976171","34","maps/mp/ffa3","0","duel_complete","0","","","0","user:void","void","1","2","bot:/botfiles/hardds.jkb","Krypt","0","2","0","","","1","0","0","256","256","0","0","1","7","0","0","8","f2563ebd5"
"4","duel_summary","duel","82","1790976227","1790976297","70","maps/mp/ffa3","1","duel_complete","0","","","0","user:jundon","jundon","1","2","bot:/botfiles/hardds.jkb","Nyx","0","2","0","drain","grip","1","1936","1757","470","470","137","8","1","3","38","6","8","f2563ebd5"
"4","duel_summary","duel","83","1790976361","1790976514","153","maps/mp/ffa3","1","duel_complete","0","","","0","user:jundon","jundon","1","2","user:void","void","1","2","0","drain","seeing","1","303","257","252","252","1","1","7","1","1","4","8","f2563ebd5"
"4","duel_summary","duel","84","1790976524","1790976552","28","maps/mp/ffa3","1","duel_complete","0","","","0","user:jundon","jundon","1","2","user:void","void","1","2","0","seeing","unknown","1","950","792","398","398","45","4","5","2","12","9","8","f2563ebd5"
"4","duel_summary","duel","85","1790976559","1790976656","97","maps/mp/ffa3","1","duel_complete","0","","","0","user:jundon","jundon","1","2","user:void","void","1","2","0","seeing","seeing","1","1895","1708","679","679","95","5","14","4","28","12","8","f2563ebd5"
"4","duel_summary","duel","86","1790976662","1790976671","9","maps/mp/ffa3","1","duel_complete","0","","","0","user:void","void","1","2","user:jundon","jundon","1","2","0","seeing","seeing","1","208","159","310","310","6","0","9","1","3","4","8","f2563ebd5"
"4","duel_summary","duel","87","1790976676","1790977015","339","maps/mp/ffa3","1","duel_complete","0","","","0","user:jundon","jundon","1","2","user:void","void","1","2","0","seeing","seeing","1","1635","1459","463","463","66","1","11","2","23","7","8","f2563ebd5"
"4","duel_summary","duel","88","1790977021","1790977049","28","maps/mp/ffa3","1","duel_complete","0","","","0","user:void","void","1","2","user:jundon","jundon","1","2","0","unknown","seeing","1","964","802","440","440","51","3","8","1","12","5","8","f2563ebd5"
"4","duel_summary","duel","89","1790977055","1790977139","84","maps/mp/ffa3","1","duel_complete","0","","","0","user:jundon","jundon","1","2","user:void","void","1","2","0","seeing","unknown","0","2457","2349","687","651","97","4","9","3","35","9","8","f2563ebd5"
"4","duel_summary","duel","90","1790977157","1790977195","38","maps/mp/ffa3","1","duel_complete","0","","","0","user:jundon","jundon","1","2","user:void","void","1","2","0","seeing","seeing","1","1127","967","460","460","68","2","7","4","23","5","8","f2563ebd5"
"4","duel_summary","duel","91","1790977202","1790977226","24","maps/mp/ffa3","1","duel_complete","0","","","0","user:jundon","jundon","1","2","user:void","void","1","2","0","seeing","unknown","1","675","573","288","273","12","2","1","1","4","4","8","f2563ebd5"
"4","duel_summary","duel","92","1790977249","1790977307","58","maps/mp/ffa3","1","duel_complete","0","","","0","user:jundon","jundon","1","2","user:void","void","1","2","0","grip","seeing","1","1899","1731","569","569","98","3","13","0","36","15","8","f2563ebd5"
"4","duel_summary","duel","93","1790977373","1790977428","55","maps/mp/ffa3","1","duel_complete","0","","","0","user:jundon","jundon","1","2","user:void","void","1","2","0","seeing","seeing","1","1410","1284","410","410","40","3","9","2","15","8","8","f2563ebd5"
"4","duel_summary","duel","94","1790977434","1790977483","49","maps/mp/ffa3","1","duel_complete","0","","","0","user:jundon","jundon","1","2","user:void","void","1","2","0","seeing","seeing","1","1499","1344","562","540","92","3","10","2","27","9","8","f2563ebd5"
"4","duel_summary","duel","95","1790977490","1790977517","27","maps/mp/ffa3","1","duel_complete","0","","","0","user:jundon","jundon","1","2","user:void","void","1","2","0","speed","seeing","1","851","680","416","416","46","3","7","3","8","5","8","f2563ebd5"
"4","duel_summary","duel","96","1790977531","1790977555","24","maps/mp/ffa3","1","duel_complete","0","","","0","user:void","void","1","2","user:jundon","jundon","1","2","0","unknown","seeing","1","750","572","372","372","29","1","8","2","5","7","8","f2563ebd5"
"4","duel_summary","duel","97","1790977559","1790977574","15","maps/mp/ffa3","1","duel_complete","0","","","0","user:jundon","jundon","1","2","user:void","void","1","2","0","seeing","seeing","1","512","358","253","253","22","0","8","0","2","6","8","f2563ebd5"
"4","duel_summary","duel","98","1790977579","1790977614","35","maps/mp/ffa3","1","duel_complete","0","","","0","user:jundon","jundon","1","2","user:void","void","1","2","0","seeing","seeing","1","1081","927","468","460","40","2","7","2","13","7","8","f2563ebd5"
"4","duel_summary","duel","99","1790977627","1790977647","20","maps/mp/ffa3","1","duel_complete","0","","","0","user:jundon","jundon","1","2","user:void","void","1","2","0","seeing","unknown","1","591","485","282","282","29","2","6","0","2","6","8","f2563ebd5"
"4","duel_summary","duel","100","1790977673","1790977705","32","maps/mp/ffa3","1","duel_complete","0","","","0","bot:/botfiles/hardds.jkb","Nyx","0","2","user:void","void","1","2","0","pull","unknown","1","1095","932","401","401","70","4","5","1","17","5","8","f2563ebd5"
"4","duel_summary","duel","101","1790977734","1790977763","29","maps/mp/ffa3","1","duel_complete","0","","","0","bot:/botfiles/hardds.jkb","Nyx","0","2","user:void","void","1","2","0","grip","drain","1","959","779","382","382","50","4","5","0","9","2","8","f2563ebd5"
"4","duel_summary","duel","102","1790977768","1790977798","30","maps/mp/ffa3","1","duel_complete","0","","","0","user:void","void","1","2","bot:/botfiles/hardds.jkb","Nyx","0","2","0","grip","grip","1","1021","882","453","453","51","4","22","2","13","5","8","f2563ebd5"
"4","duel_summary","duel","103","1790977810","1790977853","43","maps/mp/ffa3","1","duel_complete","0","","","0","user:void","void","1","2","bot:/botfiles/hardds.jkb","Nyx","0","2","0","seeing","pull","1","1446","1310","557","557","101","3","10","6","29","3","8","f2563ebd5"
"4","duel_summary","duel","104","1790979290","1790979298","8","maps/mp/ffa3","1","duel_complete","0","","","0","iphash:21a930d6","^0-=^3'/^7o^3!^0d^0=-^6","2","2","bot:/botfiles/mediumds.jkb","haterade","0","2","0","grip","push","1","96","49","100","100","0","1","0","0","0","0","8","f2563ebd5"
"4","duel_summary","duel","105","1790979301","1790979311","10","maps/mp/ffa3","1","duel_complete","0","","","0","iphash:21a930d6","^0-=^3'/^7o^3!^0d^0=-^6","2","2","bot:/botfiles/hardds.jkb","Darth_Lizard","0","2","0","seeing","pull","1","213","113","238","238","6","1","5","1","1","4","8","f2563ebd5"
"4","duel_summary","duel","106","1790979325","1790979337","12","maps/mp/ffa3","0","duel_complete","0","","","0","iphash:21a930d6","^0-=^3'/^7o^3!^0d^0=-^6","2","2","bot:/botfiles/hardds.jkb","Darth_Lizard","0","2","0","","","1","0","0","240","240","0","0","2","4","0","0","8","f2563ebd5"
"4","duel_summary","duel","107","1790979343","1790979350","7","maps/mp/ffa3","0","duel_complete","0","","","0","iphash:21a930d6","^0-=^3'/^7o^3!^0d^0=-^6","2","2","bot:/botfiles/hardds.jkb","Darth_Lizard","0","2","0","","","1","0","0","251","251","0","0","8","2","0","0","8","f2563ebd5"
"4","duel_summary","duel","108","1790983945","1790983991","46","maps/mp/ffa3","1","duel_complete","0","","","0","bot:/botfiles/easyds.jkb","Syndicate","0","2","iphash:21a930d6","^0-=^3'/^7o^3!^0d^0=-^6","2","2","0","pull","push","1","1596","1440","623","623","99","3","12","6","26","4","9","1c34db989"
"4","duel_summary","duel","109","1790983997","1790984024","27","maps/mp/ffa3","1","duel_complete","0","","","0","iphash:21a930d6","^0-=^3'/^7o^3!^0d^0=-^6","2","2","bot:/botfiles/easyds.jkb","Syndicate","0","2","0","drain","pull","1","929","853","382","382","36","5","7","2","13","4","9","1c34db989"
"4","duel_summary","duel","110","1790984050","1790984072","22","maps/mp/ffa3","1","duel_complete","0","","","0","iphash:21a930d6","^0-=^3'/^7o^3!^0d^0=-^6","2","2","bot:/botfiles/easyds.jkb","Syndicate","0","2","0","seeing","grip","1","695","652","369","369","36","0","9","9","12","3","9","1c34db989"
"4","duel_summary","duel","111","1790984083","1790984170","87","maps/mp/ffa3","1","duel_complete","0","","","0","iphash:21a930d6","^0-=^3'/^7o^3!^0d^0=-^6","2","2","bot:/botfiles/easyds.jkb","Syndicate","0","2","0","drain","grip","1","2870","2705","658","641","129","8","10","4","39","7","9","1c34db989"
"4","duel_summary","duel","112","1790984190","1790984256","66","maps/mp/ffa3","1","duel_complete","0","","","0","iphash:21a930d6","^0-=^3'/^7o^3!^0d^0=-^6","2","2","bot:/botfiles/easyds.jkb","Syndicate","0","2","0","seeing","grip","1","2312","2136","758","758","128","4","12","6","37","9","9","1c34db989"
"4","duel_summary","duel","113","1790984306","1790984328","22","maps/mp/ffa3","1","duel_complete","0","","","0","iphash:21a930d6","Padawan","2","2","bot:/botfiles/hardds.jkb","vampire","0","2","0","seeing","grip","1","728","605","398","398","29","3","13","3","8","6","9","1c34db989"
"4","duel_summary","duel","114","1790984443","1790984494","51","maps/mp/ffa3","1","duel_complete","0","","","0","iphash:21a930d6","Padawan","2","2","bot:/botfiles/hardds.jkb","vampire","0","2","0","grip","seeing","1","1697","1601","650","642","92","7","13","6","24","5","9","1c34db989"
"4","duel_summary","duel","115","1790984499","1790984522","23","maps/mp/ffa3","0","duel_complete","0","","","0","iphash:21a930d6","Padawan","2","2","bot:/botfiles/hardds.jkb","vampire","0","2","0","","","1","0","0","207","207","0","0","10","5","0","0","9","1c34db989"
"4","duel_summary","duel","116","1790984526","1790984532","6","maps/mp/ffa3","0","duel_complete","0","","","0","iphash:21a930d6","Padawan","2","2","bot:/botfiles/hardds.jkb","vampire","0","2","0","","","1","0","0","201","201","0","0","3","5","0","0","9","1c34db989"
"4","duel_summary","duel","117","1790984536","1790984548","12","maps/mp/ffa3","0","duel_complete","0","","","0","iphash:21a930d6","Padawan","2","2","bot:/botfiles/hardds.jkb","vampire","0","2","0","","","1","0","0","202","202","0","0","5","4","0","0","9","1c34db989"
"4","duel_summary","duel","118","1790984557","1790984604","47","maps/mp/ffa3","0","duel_complete","0","","","0","iphash:21a930d6","Padawan","2","2","bot:/botfiles/hardds.jkb","ShadowByte","0","2","0","","","1","0","0","204","204","0","0","3","8","0","0","9","1c34db989"
"4","duel_summary","duel","119","1790984611","1790984658","47","maps/mp/ffa3","1","duel_complete","0","","","0","iphash:21a930d6","Padawan","2","2","bot:/botfiles/hardds.jkb","ShadowByte","0","2","0","grip","pull","1","1641","1506","651","643","87","4","14","1","27","6","9","1c34db989"
"4","duel_summary","duel","120","1790984664","1790984710","46","maps/mp/ffa3","1","duel_complete","0","","","0","iphash:21a930d6","Padawan","2","2","bot:/botfiles/hardds.jkb","Darth_Lizard","0","2","0","seeing","grip","1","1527","1420","595","595","88","4","6","3","23","6","9","1c34db989"
"4","duel_summary","duel","121","1790984713","1790984745","32","maps/mp/ffa3","1","duel_complete","0","","","0","iphash:21a930d6","Padawan","2","2","bot:/botfiles/hardds.jkb","Darth_Lizard","0","2","0","unknown","push","1","1182","1038","564","564","48","5","6","2","14","5","9","1c34db989"
"4","duel_summary","duel","122","1790984750","1790984779","29","maps/mp/ffa3","1","duel_complete","0","","","0","iphash:21a930d6","Padawan","2","2","bot:/botfiles/hardds.jkb","Darth_Lizard","0","2","0","seeing","speed","1","789","742","417","417","31","2","9","3","8","4","9","1c34db989"
"4","duel_summary","duel","123","1790984784","1790984837","53","maps/mp/ffa3","1","duel_complete","0","","","0","iphash:21a930d6","Padawan","2","2","bot:/botfiles/hardds.jkb","Darth_Lizard","0","2","0","seeing","drain","1","1663","1636","674","654","88","4","9","2","21","6","9","1c34db989"
"4","duel_summary","duel","124","1790984840","1790984867","27","maps/mp/ffa3","1","duel_complete","0","","","0","iphash:21a930d6","Padawan","2","2","bot:/botfiles/hardds.jkb","Darth_Lizard","0","2","0","seeing","drain","1","960","813","457","457","38","2","14","1","15","6","9","1c34db989"
"4","duel_summary","duel","125","1790984869","1790984932","63","maps/mp/ffa3","1","duel_complete","0","","","0","iphash:21a930d6","Padawan","2","2","bot:/botfiles/hardds.jkb","Darth_Lizard","0","2","0","unknown","push","0","2236","2112","858","743","115","3","17","4","33","9","9","1c34db989"
"4","duel_summary","duel","126","1790984936","1790984945","9","maps/mp/ffa3","1","duel_complete","0","","","0","bot:/botfiles/hardds.jkb","Darth_Lizard","0","2","iphash:21a930d6","Padawan","2","2","0","drain","unknown","1","253","175","195","195","0","3","8","0","0","2","9","1c34db989"
"4","duel_summary","duel","127","1790984952","1790984986","34","maps/mp/ffa3","1","duel_complete","0","","","0","iphash:21a930d6","Padawan","2","2","bot:/botfiles/hardds.jkb","Darth_Lizard","0","2","0","pull","pull","1","1063","983","464","464","30","2","7","2","8","9","9","1c34db989"
"4","duel_summary","duel","128","1790984989","1790985047","58","maps/mp/ffa3","1","duel_complete","0","","","0","iphash:21a930d6","Padawan","2","2","bot:/botfiles/hardds.jkb","Darth_Lizard","0","2","0","unknown","pull","1","2008","1889","789","789","62","8","10","2","23","14","9","1c34db989"
"4","duel_summary","duel","129","1790985051","1790985084","33","maps/mp/ffa3","1","duel_complete","0","","","0","iphash:21a930d6","Padawan","2","2","bot:/botfiles/hardds.jkb","Darth_Lizard","0","2","0","unknown","speed","1","1136","976","566","566","41","6","17","4","15","7","9","1c34db989"
"4","duel_summary","duel","130","1790985087","1790985117","30","maps/mp/ffa3","1","duel_complete","0","","","0","bot:/botfiles/hardds.jkb","Darth_Lizard","0","2","iphash:21a930d6","Padawan","2","2","0","speed","unknown","1","1035","893","494","494","50","2","7","2","12","6","9","1c34db989"
"4","duel_summary","duel","131","1790985133","1790985155","22","maps/mp/ffa3","1","duel_complete","0","","","0","bot:/botfiles/hardds.jkb","Darth_Lizard","0","2","iphash:21a930d6","Padawan","2","2","0","drain","unknown","1","662","587","416","416","24","1","9","1","11","5","9","1c34db989"
"4","duel_summary","duel","132","1790985159","1790985224","65","maps/mp/ffa3","1","duel_complete","0","","","0","iphash:21a930d6","Padawan","2","2","bot:/botfiles/hardds.jkb","Darth_Lizard","0","2","0","unknown","grip","1","2300","2200","782","782","121","5","11","6","29","13","9","1c34db989"
"4","duel_summary","duel","133","1790985250","1790985269","19","maps/mp/ffa3","1","duel_complete","0","","","0","bot:/botfiles/hardds.jkb","Darth_Lizard","0","2","iphash:21a930d6","Padawan","2","2","0","grip","pull","1","610","437","295","286","13","2","7","2","4","2","9","1c34db989"
"4","duel_summary","duel","134","1790985273","1790985303","30","maps/mp/ffa3","1","duel_complete","0","","","0","iphash:21a930d6","Padawan","2","2","bot:/botfiles/hardds.jkb","Darth_Lizard","0","2","0","seeing","pull","1","955","875","399","399","26","3","10","4","9","5","9","1c34db989"
"4","duel_summary","duel","135","1790985307","1790985343","36","maps/mp/ffa3","1","duel_complete","0","","","0","iphash:21a930d6","Padawan","2","2","bot:/botfiles/hardds.jkb","Darth_Lizard","0","2","0","seeing","push","1","1259","1159","502","502","53","3","8","3","13","5","9","1c34db989"
"4","duel_summary","duel","136","1790985346","1790985394","48","maps/mp/ffa3","1","duel_complete","0","","","0","iphash:21a930d6","Padawan","2","2","bot:/botfiles/mediumds.jkb","Merciless","0","2","0","unknown","seeing","1","1542","1442","628","628","56","5","8","0","19","9","9","1c34db989"
"4","duel_summary","duel","137","1790985397","1790985459","62","maps/mp/ffa3","1","duel_complete","0","","","0","bot:/botfiles/mediumds.jkb","Merciless","0","2","iphash:21a930d6","Padawan","2","2","0","drain","grip","1","2201","2094","699","676","75","8","22","1","19","11","9","1c34db989"
"4","duel_summary","duel","138","1790985464","1790985489","25","maps/mp/ffa3","1","duel_complete","0","","","0","iphash:21a930d6","Padawan","2","2","bot:/botfiles/mediumds.jkb","Merciless","0","2","0","seeing","push","1","662","598","278","278","13","4","2","0","5","2","9","1c34db989"
"4","duel_summary","duel","139","1790985493","1790985564","71","maps/mp/ffa3","1","duel_complete","0","","","0","iphash:21a930d6","Padawan","2","2","bot:/botfiles/mediumds.jkb","Merciless","0","2","0","grip","push","1","2437","2299","787","787","121","4","35","6","36","2","9","1c34db989"
"4","duel_summary","duel","140","1790985567","1790985628","61","maps/mp/ffa3","1","duel_complete","0","","","0","iphash:21a930d6","Padawan","2","2","bot:/botfiles/mediumds.jkb","Merciless","0","2","0","seeing","pull","1","2091","2087","759","759","105","7","10","3","34","9","9","1c34db989"
"4","duel_summary","duel","141","1790985634","1790985674","40","maps/mp/ffa3","0","duel_complete","0","","","0","iphash:21a930d6","Padawan","2","2","bot:/botfiles/mediumds.jkb","Merciless","0","2","0","","","1","0","0","231","231","0","0","0","8","0","0","9","1c34db989"
"4","duel_summary","duel","142","1790985677","1790985709","32","maps/mp/ffa3","0","duel_complete","0","","","0","iphash:21a930d6","Padawan","2","2","bot:/botfiles/mediumds.jkb","Merciless","0","2","0","","","1","0","0","230","230","0","0","2","8","0","0","9","1c34db989"
"4","duel_summary","duel","143","1790985714","1790985728","14","maps/mp/ffa3","1","duel_complete","0","","","0","iphash:21a930d6","Padawan","2","2","bot:/botfiles/mediumds.jkb","Merciless","0","2","0","unknown","speed","1","339","280","271","271","0","2","7","3","0","2","9","1c34db989"
"4","duel_summary","duel","144","1790985731","1790985768","37","maps/mp/ffa3","1","duel_complete","0","","","0","iphash:21a930d6","Padawan","2","2","bot:/botfiles/mediumds.jkb","Merciless","0","2","0","unknown","pull","1","1132","1040","537","537","42","2","17","1","17","9","9","1c34db989"
"4","duel_summary","duel","145","1790985782","1790985800","18","maps/mp/ffa3","1","duel_complete","0","","","0","bot:/botfiles/mediumds.jkb","Merciless","0","2","iphash:21a930d6","Padawan","2","2","0","pull","grip","1","388","285","258","258","29","2","12","2","1","3","9","1c34db989"
"4","duel_summary","duel","146","1790985803","1790985818","15","maps/mp/ffa3","1","duel_complete","0","","","0","iphash:21a930d6","Padawan","2","2","bot:/botfiles/mediumds.jkb","Merciless","0","2","0","unknown","grip","1","344","297","213","213","0","3","5","0","0","1","9","1c34db989"
"4","duel_summary","duel","147","1790985955","1790985995","40","maps/mp/ffa3","1","duel_complete","0","","","0","iphash:21a930d6","Padawan","2","2","bot:/botfiles/mediumds.jkb","Merciless","0","2","0","unknown","speed","1","1107","991","508","508","45","3","9","5","12","8","9","1c34db989"
"4","duel_summary","duel","148","1790985997","1790986014","17","maps/mp/ffa3","1","duel_complete","0","","","0","bot:/botfiles/mediumds.jkb","Merciless","0","2","iphash:21a930d6","Padawan","2","2","0","drain","drain","1","369","279","173","173","45","1","0","0","2","0","9","1c34db989"
"4","duel_summary","duel","149","1790986017","1790986060","43","maps/mp/ffa3","1","duel_complete","0","","","0","iphash:21a930d6","Padawan","2","2","bot:/botfiles/mediumds.jkb","Merciless","0","2","0","grip","grip","1","1449","1344","638","638","73","4","13","3","27","7","9","1c34db989"
"4","duel_summary","duel","150","1790986062","1790986076","14","maps/mp/ffa3","1","duel_complete","0","","","0","bot:/botfiles/mediumds.jkb","Merciless","0","2","iphash:21a930d6","Padawan","2","2","0","drain","unknown","1","474","313","293","293","19","0","12","1","6","5","9","1c34db989"
"4","duel_summary","duel","151","1790986080","1790986135","55","maps/mp/ffa3","1","duel_complete","0","","","0","iphash:21a930d6","Padawan","2","2","bot:/botfiles/mediumds.jkb","Merciless","0","2","0","grip","pull","1","1707","1514","535","509","113","7","7","4","33","6","9","1c34db989"
"4","duel_summary","duel","152","1790986138","1790986178","40","maps/mp/ffa3","1","duel_complete","0","","","0","bot:/botfiles/mediumds.jkb","Merciless","0","2","iphash:21a930d6","Padawan","2","2","0","pull","unknown","1","1138","998","570","570","61","7","10","2","18","8","9","1c34db989"
"4","duel_summary","duel","153","1790986187","1790986237","50","maps/mp/ffa3","1","duel_complete","0","","","0","iphash:21a930d6","Padawan","2","2","bot:/botfiles/mediumds.jkb","Merciless","0","2","0","unknown","push","1","1470","1377","543","543","81","6","16","2","25","7","9","1c34db989"
"4","arcade_session","arcade","154","1790986953","1790986953","0","maps/taspir1","21","level_clear","1","iphash:21a930d6","Padawan","2","iphash:21a930d6","Padawan","2","0","","","0","0","0","","","1","0","0","0","0","0","0","0","0","0","0","9","1c34db989"
"4","arcade_session","arcade","155","1790986955","1790986955","0","maps/taspir1","21","level_clear","2","iphash:21a930d6","Padawan","2","iphash:21a930d6","Padawan","2","0","","","0","0","0","","","1","0","0","0","0","0","0","0","0","0","0","9","1c34db989"
"4","arcade_session","arcade","156","1790986957","1790986957","0","maps/taspir1","21","level_clear","3","iphash:21a930d6","Padawan","2","iphash:21a930d6","Padawan","2","0","","","0","0","0","","","1","0","0","0","0","0","0","0","0","0","0","9","1c34db989"
"4","arcade_session","arcade","157","1790986958","1790986958","0","maps/taspir1","21","level_clear","4","iphash:21a930d6","Padawan","2","iphash:21a930d6","Padawan","2","0","","","0","0","0","","","1","0","0","0","0","0","0","0","0","0","0","9","1c34db989"
"4","arcade_session","arcade","158","1790986960","1790986960","0","maps/taspir1","21","level_clear","5","iphash:21a930d6","Padawan","2","iphash:21a930d6","Padawan","2","0","","","0","0","0","","","1","0","0","0","0","0","0","0","0","0","0","9","1c34db989"
"4","arcade_session","arcade","159","1790986961","1790986961","0","maps/taspir1","21","level_clear","6","iphash:21a930d6","Padawan","2","iphash:21a930d6","Padawan","2","0","","","0","0","0","","","1","0","0","0","0","0","0","0","0","0","0","9","1c34db989"
"4","arcade_session","arcade","160","1790986963","1790986963","0","maps/taspir1","21","level_clear","7","iphash:21a930d6","Padawan","2","iphash:21a930d6","Padawan","2","0","","","0","0","0","","","1","0","0","0","0","0","0","0","0","0","0","9","1c34db989"
"4","arcade_session","arcade","161","1790986964","1790986964","0","maps/taspir1","21","level_clear","8","iphash:21a930d6","Padawan","2","iphash:21a930d6","Padawan","2","0","","","0","0","0","","","1","0","0","0","0","0","0","0","0","0","0","9","1c34db989"
"4","arcade_session","arcade","162","1790986966","1790986966","0","maps/taspir1","21","level_clear","9","iphash:21a930d6","Padawan","2","iphash:21a930d6","Padawan","2","0","","","0","0","0","","","1","0","0","0","0","0","0","0","0","0","0","9","1c34db989"
"4","arcade_session","arcade","163","1790986967","1790986967","0","maps/taspir1","21","level_clear","10","iphash:21a930d6","Padawan","2","iphash:21a930d6","Padawan","2","0","","","0","0","0","","","1","0","0","0","0","0","0","0","0","0","0","9","1c34db989"
"4","arcade_session","arcade","164","1790986969","1790986969","0","maps/taspir1","21","level_clear","11","iphash:21a930d6","Padawan","2","iphash:21a930d6","Padawan","2","0","","","0","0","0","","","1","0","0","0","0","0","0","0","0","0","0","9","1c34db989"
"4","arcade_session","arcade","165","1790986970","1790986970","0","maps/taspir1","21","arcade_complete","12","iphash:21a930d6","Padawan","2","iphash:21a930d6","Padawan","2","0","","","0","0","0","","","1","0","0","0","0","0","0","0","0","0","0","9","1c34db989"
"4","arcade_session","arcade","166","1790986972","1790986972","0","maps/taspir1","21","level_clear","1","iphash:21a930d6","Padawan","2","iphash:21a930d6","Padawan","2","0","","","0","0","0","","","1","0","0","0","0","0","0","0","0","0","0","9","1c34db989"
"4","arcade_session","arcade","167","1790986973","1790986973","0","maps/taspir1","21","level_clear","2","iphash:21a930d6","Padawan","2","iphash:21a930d6","Padawan","2","0","","","0","0","0","","","1","0","0","0","0","0","0","0","0","0","0","9","1c34db989"
"4","arcade_session","arcade","168","1790986975","1790986975","0","maps/taspir1","21","level_clear","3","iphash:21a930d6","Padawan","2","iphash:21a930d6","Padawan","2","0","","","0","0","0","","","1","0","0","0","0","0","0","0","0","0","0","9","1c34db989"
"4","arcade_session","arcade","169","1790986976","1790986976","0","maps/taspir1","21","level_clear","4","iphash:21a930d6","Padawan","2","iphash:21a930d6","Padawan","2","0","","","0","0","0","","","1","0","0","0","0","0","0","0","0","0","0","9","1c34db989"
"4","arcade_session","arcade","170","1790986978","1790986978","0","maps/taspir1","21","level_clear","5","iphash:21a930d6","Padawan","2","iphash:21a930d6","Padawan","2","0","","","0","0","0","","","1","0","0","0","0","0","0","0","0","0","0","9","1c34db989"
"4","arcade_session","arcade","171","1790986983","1790986983","0","maps/taspir1","21","level_clear","1","iphash:21a930d6","Padawan","2","iphash:21a930d6","Padawan","2","0","","","0","0","0","","","1","0","0","0","0","0","0","0","0","0","0","9","1c34db989"
"4","arcade_session","arcade","172","1790986984","1790986984","0","maps/taspir1","21","level_clear","2","iphash:21a930d6","Padawan","2","iphash:21a930d6","Padawan","2","0","","","0","0","0","","","1","0","0","0","0","0","0","0","0","0","0","9","1c34db989"
"4","arcade_session","arcade","173","1790986986","1790986986","0","maps/taspir1","21","level_clear","3","iphash:21a930d6","Padawan","2","iphash:21a930d6","Padawan","2","0","","","0","0","0","","","1","0","0","0","0","0","0","0","0","0","0","9","1c34db989"
"4","arcade_session","arcade","174","1790986987","1790986987","0","maps/taspir1","21","level_clear","4","iphash:21a930d6","Padawan","2","iphash:21a930d6","Padawan","2","0","","","0","0","0","","","1","0","0","0","0","0","0","0","0","0","0","9","1c34db989"
"4","arcade_session","arcade","175","1790986989","1790986989","0","maps/taspir1","21","level_clear","5","iphash:21a930d6","Padawan","2","iphash:21a930d6","Padawan","2","0","","","0","0","0","","","1","0","0","0","0","0","0","0","0","0","0","9","1c34db989"
"4","duel_summary","duel","176","1790987126","1790987161","35","maps/mp/ffa3","1","duel_complete","0","","","0","iphash:21a930d6","Padawan","2","2","bot:/botfiles/mediumds.jkb","Spectre","0","2","0","speed","grip","1","1114","1006","419","419","42","1","17","0","10","2","9","1c34db989"
"4","duel_summary","duel","177","1790987181","1790987258","77","maps/mp/ffa3","0","duel_complete","0","","","0","iphash:21a930d6","Padawan","2","2","bot:/botfiles/mediumds.jkb","Spectre","0","2","0","seeing","","1","24","24","244","244","0","0","6","4","0","0","9","1c34db989"
"4","duel_summary","duel","178","1790987269","1790987302","33","maps/mp/ffa3","1","duel_complete","0","","","0","iphash:21a930d6","Padawan","2","2","bot:/botfiles/mediumds.jkb","Spectre","0","2","0","seeing","grip","1","1067","911","450","450","64","2","4","2","17","4","9","1c34db989"
"4","duel_summary","duel","179","1790987423","1790987472","49","maps/mp/ffa3","0","duel_complete","0","","","0","iphash:21a930d6","Padawan^7[0]","2","2","bot:/botfiles/mediumds.jkb","Phantasm","0","2","0","","","1","0","0","351","351","0","0","2","8","0","0","9","1c34db989"
"4","duel_summary","duel","180","1790987476","1790987524","48","maps/mp/ffa3","1","duel_complete","0","","","0","bot:/botfiles/mediumds.jkb","Phantasm","0","2","iphash:21a930d6","Padawan^7[0]","2","2","0","drain","seeing","1","1506","1374","585","578","45","7","10","2","18","7","9","1c34db989"
"4","duel_summary","duel","181","1790987586","1790987652","66","maps/mp/ffa3","1","duel_complete","0","","","0","iphash:21a930d6","Padawan^7[0]","2","2","bot:/botfiles/easyds.jkb","Krag","0","2","0","seeing","drain","1","1986","1872","727","727","100","5","11","5","34","7","9","1c34db989"
"4","duel_summary","duel","182","1790987662","1790987710","48","maps/mp/ffa3","1","duel_complete","0","","","0","iphash:21a930d6","Padawan^7[0]","2","2","bot:/botfiles/easyds.jkb","Krag","0","2","0","pull","grip","1","1295","1239","558","558","68","2","6","2","19","5","9","1c34db989"
"4","duel_summary","duel","183","1790987737","1790987769","32","maps/mp/ffa3","1","duel_complete","0","","","0","bot:/botfiles/mediumds.jkb","Phantasm","0","2","iphash:21a930d6","Padawan^7[0]","2","2","0","drain","unknown","1","877","745","413","413","30","4","11","0","5","7","9","1c34db989"
"4","duel_summary","duel","184","1790987808","1790987854","46","maps/mp/ffa3","1","duel_complete","0","","","0","iphash:21a930d6","Padawan^7[0]","2","2","bot:/botfiles/easyds.jkb","Vixen","0","2","0","unknown","pull","1","1527","1340","542","542","69","4","10","2","21","7","9","1c34db989"
"4","duel_summary","duel","185","1790987873","1790987899","26","maps/mp/ffa3","1","duel_complete","0","","","0","iphash:21a930d6","Padawan^7[0]","2","2","bot:/botfiles/easyds.jkb","Vixen","0","2","0","drain","pull","1","848","766","353","353","20","1","6","4","8","6","9","1c34db989"
"4","duel_summary","duel","186","1790987904","1790987926","22","maps/mp/ffa3","1","duel_complete","0","","","0","iphash:21a930d6","Padawan^7[0]","2","2","bot:/botfiles/easyds.jkb","Vixen","0","2","0","seeing","grip","1","531","438","354","354","12","0","5","4","1","5","9","1c34db989"
"4","duel_summary","duel","187","1790987936","1790987979","43","maps/mp/ffa3","1","duel_complete","0","","","0","iphash:21a930d6","Padawan^7[0]","2","2","bot:/botfiles/easyds.jkb","Vixen","0","2","0","drain","pull","1","1438","1333","510","510","54","4","11","2","21","8","9","1c34db989"
"4","duel_summary","duel","188","1790987982","1790987993","11","maps/mp/ffa3","1","duel_complete","0","","","0","iphash:21a930d6","Padawan^7[0]","2","2","bot:/botfiles/easyds.jkb","Vixen","0","2","0","unknown","grip","1","205","204","230","230","0","1","1","4","0","3","9","1c34db989"
"4","duel_summary","duel","189","1790987998","1790988019","21","maps/mp/ffa3","1","duel_complete","0","","","0","iphash:21a930d6","Padawan^7[0]","2","2","bot:/botfiles/easyds.jkb","Vixen","0","2","0","grip","pull","1","327","233","209","209","4","3","4","1","0","1","9","1c34db989"
"4","duel_summary","duel","190","1790988024","1790988084","60","maps/mp/ffa3","1","duel_complete","0","","","0","iphash:21a930d6","Padawan^7[0]","2","2","bot:/botfiles/easyds.jkb","Vixen","0","2","0","seeing","grip","1","1934","1829","732","732","88","6","10","4","29","10","9","1c34db989"
"4","duel_summary","duel","191","1790988089","1790988112","23","maps/mp/ffa3","1","duel_complete","0","","","0","iphash:21a930d6","Padawan^7[0]","2","2","bot:/botfiles/easyds.jkb","Vixen","0","2","0","drain","grip","1","547","447","351","351","4","3","2","5","2","6","9","1c34db989"
"4","duel_summary","duel","192","1790988206","1790988224","18","maps/mp/ffa3","1","duel_complete","0","","","0","bot:/botfiles/mediumds.jkb","BloodQueen","0","2","user:void","void","1","2","0","speed","seeing","1","621","465","405","405","44","0","21","3","8","6","9","1c34db989"
"4","duel_summary","duel","193","1790988280","1790988334","54","maps/mp/ffa3","1","duel_complete","0","","","0","bot:/botfiles/mediumds.jkb","Fuse","0","2","user:void","void","1","2","0","push","grip","1","1683","1511","548","548","64","8","9","2","16","7","9","1c34db989"
"4","duel_summary","duel","194","1790988338","1790988379","41","maps/mp/ffa3","1","duel_complete","0","","","0","user:void","void","1","2","bot:/botfiles/mediumds.jkb","Fuse","0","2","0","seeing","unknown","1","1295","1116","414","414","85","4","8","2","23","2","9","1c34db989"
"4","duel_summary","duel","195","1790988381","1790988434","53","maps/mp/ffa3","1","duel_complete","0","","","0","user:void","void","1","2","bot:/botfiles/mediumds.jkb","Fuse","0","2","0","unknown","drain","1","1673","1527","663","655","72","6","10","5","22","8","9","1c34db989"
"4","duel_summary","duel","196","1790988458","1790988469","11","maps/mp/ffa3","1","duel_complete","0","","","0","user:void","void","1","2","bot:/botfiles/mediumds.jkb","Fuse","0","2","0","grip","grip","1","331","207","307","299","8","2","8","4","3","2","9","1c34db989"
"4","duel_summary","duel","197","1790988472","1790988527","55","maps/mp/ffa3","1","duel_complete","0","","","0","bot:/botfiles/mediumds.jkb","Fuse","0","2","user:void","void","1","2","0","grip","drain","1","1789","1633","667","660","86","2","12","1","30","10","9","1c34db989"
"4","duel_summary","duel","198","1790988537","1790988574","37","maps/mp/ffa3","1","duel_complete","0","","","0","user:void","void","1","2","bot:/botfiles/mediumds.jkb","Fuse","0","2","0","pull","pull","1","1198","1102","463","463","49","3","8","4","17","10","9","1c34db989"
"4","duel_summary","duel","199","1790988581","1790988653","72","maps/mp/ffa3","1","duel_complete","0","","","0","user:void","void","1","2","bot:/botfiles/mediumds.jkb","Fuse","0","2","0","unknown","pull","1","2297","2241","744","736","114","8","14","1","36","9","9","1c34db989"
"4","duel_summary","duel","200","1790988698","1790988740","42","maps/mp/ffa3","1","duel_complete","0","","","0","bot:/botfiles/hardds.jkb","MeatGrinder","0","2","iphash:21a930d6","^0-=^3'/^7o^3!^0d^0=-^6","2","2","0","push","grip","1","1282","1102","545","516","63","6","16","4","9","5","9","1c34db989"
"4","duel_summary","duel","201","1790988751","1790988832","81","maps/mp/ffa3","1","duel_complete","0","","","0","bot:/botfiles/hardds.jkb","Darth_Lizard","0","2","iphash:21a930d6","^0-=^3'/^7o^3!^0d^0=-^6","2","2","0","speed","seeing","1","2800","2647","926","926","106","10","17","6","42","11","9","1c34db989"
"4","duel_summary","duel","202","1790988840","1790988891","51","maps/mp/ffa3","1","duel_complete","0","","","0","iphash:21a930d6","^0-=^3'/^7o^3!^0d^0=-^6","2","2","bot:/botfiles/hardds.jkb","Darth_Lizard","0","2","0","seeing","pull","1","1408","1280","639","639","57","5","18","6","18","6","9","1c34db989"
"4","duel_summary","duel","203","1790988895","1790988939","44","maps/mp/ffa3","1","duel_complete","0","","","0","bot:/botfiles/hardds.jkb","Darth_Lizard","0","2","iphash:21a930d6","^0-=^3'/^7o^3!^0d^0=-^6","2","2","0","grip","unknown","1","1364","1270","490","490","58","3","6","4","22","7","9","1c34db989"
"4","duel_summary","duel","204","1790988947","1790988996","49","maps/mp/ffa3","1","duel_complete","0","","","0","iphash:21a930d6","^0-=^3'/^7o^3!^0d^0=-^6","2","2","bot:/botfiles/hardds.jkb","Darth_Lizard","0","2","0","seeing","grip","1","1549","1455","622","622","76","4","11","5","25","4","9","1c34db989"
"4","duel_summary","duel","205","1790989000","1790989019","19","maps/mp/ffa3","1","duel_complete","0","","","0","bot:/botfiles/hardds.jkb","Darth_Lizard","0","2","iphash:21a930d6","^0-=^3'/^7o^3!^0d^0=-^6","2","2","0","grip","unknown","1","303","298","194","194","33","1","0","2","3","2","9","1c34db989"
"4","duel_summary","duel","206","1790989026","1790989050","24","maps/mp/ffa3","1","duel_complete","0","","","0","iphash:21a930d6","^0-=^3'/^7o^3!^0d^0=-^6","2","2","bot:/botfiles/hardds.jkb","Darth_Lizard","0","2","0","seeing","drain","1","864","687","474","474","17","4","8","0","6","7","9","1c34db989"
"4","duel_summary","duel","207","1790989053","1790989107","54","maps/mp/ffa3","1","duel_complete","0","","","0","iphash:21a930d6","^0-=^3'/^7o^3!^0d^0=-^6","2","2","bot:/botfiles/hardds.jkb","Darth_Lizard","0","2","0","push","grip","1","1779","1660","594","594","124","5","15","2","27","2","9","1c34db989"
"4","duel_summary","duel","208","1790989116","1790989173","57","maps/mp/ffa3","1","duel_complete","0","","","0","iphash:21a930d6","^0-=^3'/^7o^3!^0d^0=-^6","2","2","bot:/botfiles/hardds.jkb","Darth_Lizard","0","2","0","seeing","pull","1","1778","1647","781","781","110","3","27","5","38","15","9","1c34db989"
"4","duel_summary","duel","209","1790989182","1790989216","34","maps/mp/ffa3","1","duel_complete","0","","","0","iphash:21a930d6","^0-=^3'/^7o^3!^0d^0=-^6","2","2","bot:/botfiles/hardds.jkb","Darth_Lizard","0","2","0","grip","pull","1","1054","969","519","519","36","6","12","2","12","4","9","1c34db989"
"4","duel_summary","duel","210","1790989225","1790989247","22","maps/mp/ffa3","1","duel_complete","0","","","0","iphash:21a930d6","^0-=^3'/^7o^3!^0d^0=-^6","2","2","bot:/botfiles/hardds.jkb","Darth_Lizard","0","2","0","seeing","unknown","1","678","568","370","370","33","3","2","8","8","5","9","1c34db989"
"4","duel_summary","duel","211","1790989251","1790989273","22","maps/mp/ffa3","1","duel_complete","0","","","0","iphash:21a930d6","^0-=^3'/^7o^3!^0d^0=-^6","2","2","bot:/botfiles/hardds.jkb","Darth_Lizard","0","2","0","unknown","grip","1","651","554","405","405","34","2","10","1","5","9","9","1c34db989"
"4","duel_summary","duel","212","1790989279","1790989298","19","maps/mp/ffa3","1","duel_complete","0","","","0","bot:/botfiles/hardds.jkb","Darth_Lizard","0","2","iphash:21a930d6","^0-=^3'/^7o^3!^0d^0=-^6","2","2","0","speed","unknown","1","465","372","186","186","1","2","4","1","0","2","9","1c34db989"
"4","duel_summary","duel","213","1790989391","1790989437","46","maps/mp/ffa3","1","duel_complete","0","","","0","iphash:21a930d6","^0-=^3'/^7o^3!^0d^0=-^6","2","2","bot:/botfiles/hardds.jkb","Darth_Lizard","0","2","0","seeing","drain","1","1619","1531","649","649","46","9","21","1","13","9","9","1c34db989"
"4","duel_summary","duel","214","1790989447","1790989461","14","maps/mp/ffa3","1","duel_complete","0","","","0","iphash:21a930d6","^0-=^3'/^7o^3!^0d^0=-^6","2","2","bot:/botfiles/hardds.jkb","Darth_Lizard","0","2","0","push","grip","1","415","329","202","202","8","0","3","0","1","2","9","1c34db989"
"4","duel_summary","duel","215","1790989472","1790989524","52","maps/mp/ffa3","1","duel_complete","0","","","0","iphash:21a930d6","^0-=^3'/^7o^3!^0d^0=-^6","2","2","bot:/botfiles/hardds.jkb","Darth_Lizard","0","2","0","unknown","pull","1","1623","1428","645","645","110","3","10","6","30","5","9","1c34db989"
"4","duel_summary","duel","216","1790989531","1790989554","23","maps/mp/ffa3","0","duel_complete","0","","","0","iphash:21a930d6","^0-=^3'/^7o^3!^0d^0=-^6","2","2","bot:/botfiles/hardds.jkb","Darth_Lizard","0","2","0","","","1","0","0","241","241","0","0","3","3","0","0","9","1c34db989"
"4","duel_summary","duel","217","1790989558","1790989611","53","maps/mp/ffa3","1","duel_complete","0","","","0","iphash:21a930d6","^0-=^3'/^7o^3!^0d^0=-^6","2","2","bot:/botfiles/hardds.jkb","Darth_Lizard","0","2","0","grip","push","1","1608","1486","682","672","113","5","10","1","22","6","9","1c34db989"
"4","duel_summary","duel","218","1790989618","1790989637","19","maps/mp/ffa3","1","duel_complete","0","","","0","bot:/botfiles/hardds.jkb","Darth_Lizard","0","2","iphash:21a930d6","^0-=^3'/^7o^3!^0d^0=-^6","2","2","0","pull","grip","1","707","509","399","399","22","2","13","0","4","7","9","1c34db989"
"4","duel_summary","duel","219","1790989660","1790989671","11","maps/mp/ffa3","1","duel_complete","0","","","0","iphash:21a930d6","^0-=^3'/^7o^3!^0d^0=-^6","2","2","bot:/botfiles/hardds.jkb","Darth_Lizard","0","2","0","unknown","push","1","229","165","243","243","0","2","5","1","0","3","9","1c34db989"
"4","duel_summary","duel","220","1790989675","1790989718","43","maps/mp/ffa3","1","duel_complete","0","","","0","iphash:21a930d6","^0-=^3'/^7o^3!^0d^0=-^6","2","2","bot:/botfiles/hardds.jkb","Darth_Lizard","0","2","0","grip","push","1","1508","1398","577","577","57","4","9","1","15","7","9","1c34db989"
