"id","created","mapname","player","start_x","start_y","start_z","start_speed","max_speed","end_speed","node_count","distance","duration_ms"
"1","1791408669","mp/ffa3","Padawan","-556.185241699219","1962.31311035156","-70.5667953491211","273.06591796875","614.102600097656","0.0","2","2242.58325195312","5412"
"2","1791408677","mp/ffa3","Padawan","-532.833251953125","-283.906829833984","-37.3013000488281","275.637451171875","628.354187011719","87.5956649780273","2","1861.44409179688","4356"
"3","1791408690","mp/ffa3","Padawan","791.473083496094","-947.257934570312","-116.189430236816","271.267395019531","632.787475585937","87.8635330200195","4","4344.9482421875","9834"
"4","1791408704","mp/ffa3","Padawan","-492.924224853516","2099.21752929687","-70.6034164428711","290.353240966797","575.6474609375","82.5651245117188","3","4282.54296875","9537"
"5","1791408719","mp/ffa3","Padawan","1554.97619628906","-636.906433105469","-34.9630546569824","289.430480957031","504.828674316406","84.7230758666992","2","1295.79821777344","3498"
"6","1791408731","mp/ffa3","Padawan","2533.61059570312","-151.59992980957","-38.6454010009766","268.262939453125","711.8798828125","86.0929718017578","6","4315.3369140625","9702"
"7","1791408745","mp/ffa3","Padawan","64.5385894775391","2143.72143554688","-62.9865646362305","282.391571044922","720.534545898438","91.4111557006836","4","5739.3779296875","11946"
"8","1791408824","mp/ffa3","Padawan","179.916442871094","1558.93322753906","-57.4334259033203","281.460479736328","712.898986816406","93.9414749145508","11","10589.7802734375","24849"
"9","1791408841","mp/ffa3","Padawan","-182.76774597168","2094.15209960938","-68.2290267944336","263.751770019531","682.214782714844","80.8084182739258","6","6130.26025390625","13266"
"10","1791408864","mp/ffa3","Padawan","-552.176696777344","1943.32409667969","-64.5135269165039","283.176635742188","626.170104980469","242.390182495117","2","3247.82275390625","6732"
"11","1791408882","mp/ffa3","Padawan","980.563659667969","2649.17211914062","-12.2356872558594","293.068237304687","599.984191894531","80.8084182739258","5","4639.4775390625","10890"
"12","1791408904","mp/ffa3","Padawan","2422.44189453125","-647.784057617188","-33.7377510070801","285.119262695313","550.717712402344","78.6447677612305","3","2277.8125","5709"
"13","1791408918","mp/ffa3","Padawan","-1034.859375","1739.72924804688","235.823577880859","274.116760253906","597.844482421875","93.6375961303711","3","4169.5107421875","9867"
"14","1791408942","mp/ffa3","Padawan","1160.05541992188","1838.0","242.544647216797","266.608337402344","683.913757324219","92.3958892822266","3","4221.95458984375","8514"
"15","1791408957","mp/ffa3","Padawan","1904.15747070313","1431.51245117188","-66.9630584716797","282.899261474609","629.162170410156","0.0","2","3603.93505859375","7029"
"16","1791408971","mp/ffa3","Padawan","991.382995605469","2616.58520507812","-13.8097400665283","298.303527832031","627.376281738281","0.0","5","4753.65673828125","10197"
"17","1791408983","mp/ffa3","Padawan","-532.520874023438","1934.32727050781","-64.0059661865234","274.448547363281","656.153930664063","73.5459060668945","4","3894.03881835938","8085"
"18","1791408994","mp/ffa3","Padawan","1818.50146484375","1623.72302246094","-70.6454010009766","271.412963867188","645.876953125","0.0","2","3706.25073242187","7227"
"19","1791409009","mp/ffa3","Padawan","-548.466186523438","1947.72387695313","-62.6777305603027","277.838073730469","636.453430175781","85.2349700927734","2","4096.47412109375","8118"
"20","1791409019","mp/ffa3","Padawan","2517.30908203125","913.850158691406","255.486480712891","278.648529052734","751.7666015625","89.4427185058594","2","3731.75122070313","6732"
"21","1791409028","mp/ffa3","Padawan","340.519592285156","1950.52294921875","229.084564208984","251.023910522461","572.503295898438","68.8839569091797","2","1846.62780761719","4587"
"22","1791409041","mp/ffa3","Padawan","-304.749145507812","-964.579956054688","-37.4530410766602","316.659118652344","381.84814453125","83.2406158447266","2","782.294616699219","2277"
"23","1791409054","mp/ffa3","Padawan","993.487121582031","2610.72241210937","-17.6689491271973","288.903106689453","582.589050292969","0.0","3","4715.3779296875","10065"
"24","1791409064","mp/ffa3","Padawan","2515.18212890625","912.009338378906","256.929748535156","280.577972412109","746.129333496094","85.9069290161133","2","3691.091796875","6798"
"25","1791409081","mp/ffa3","Padawan","-986.859985351563","1769.73254394531","238.362442016602","283.007080078125","631.286010742187","81.2157592773437","2","1990.26782226563","4983"
"26","1791409093","mp/ffa3","Padawan","-518.556884765625","1942.748046875","-62.9187698364258","275.1181640625","601.236206054687","76.6876754760742","2","3873.82104492187","8019"
"27","1791409104","mp/ffa3","Padawan","-534.129150390625","1951.15258789063","-66.9630584716797","279.078826904297","595.214233398437","85.6037368774414","4","3868.42724609375","8316"
"28","1791409115","mp/ffa3","Padawan","1844.49523925781","1610.46398925781","-66.9630584716797","281.852783203125","671.750671386719","93.7443313598633","2","3089.3388671875","5973"
"29","1791409124","mp/ffa3","Padawan","1812.2607421875","1644.99609375","-68.2878341674805","277.982025146484","621.708923339844","87.5956649780273","3","3092.81591796875","6369"
"30","1791409137","mp/ffa3","Padawan","-529.214050292969","1948.18273925781","-68.1768341064453","260.800689697266","619.171203613281","79.1201629638672","3","4074.49731445313","8910"
"31","1791409148","mp/ffa3","Padawan","1146.76232910156","1849.0419921875","240.099639892578","283.571868896484","689.962341308594","89.8220443725586","4","4067.17456054688","8877"
"32","1791409161","mp/ffa3","Padawan","2520.08837890625","924.887939453125","249.354598999023","264.705505371094","674.430114746094","80.8084182739258","2","3480.40844726563","6831"
"33","1791409171","mp/ffa3","Padawan","1143.04418945313","1850.53771972656","236.731552124023","275.045440673828","661.710632324219","96.1301193237305","4","3828.111328125","7788"
"34","1791409191","mp/ffa3","Padawan","303.407257080078","1962.4697265625","227.932373046875","291.432678222656","429.228363037109","84.9293823242187","2","656.752563476563","2112"
"35","1791409200","mp/ffa3","Padawan","2504.72290039062","910.561218261719","252.115447998047","275.152679443359","806.039672851563","32.0156211853027","3","3796.45141601562","6666"
"36","1791409218","mp/ffa3","Padawan","326.007415771484","2542.23950195313","-20.1894264221191","276.848327636719","635.144836425781","83.7436599731445","3","4038.45263671875","8646"
"37","1791409257","mp/ffa3","Padawan","-1016.43096923828","1738.69226074219","235.68896484375","270.0537109375","657.43896484375","0.0","5","6856.4189453125","15147"
"38","1791409278","mp/ffa3","Padawan","669.841369628906","-611.963989257812","-107.324310302734","286.225433349609","518.509399414063","81.7863082885742","2","1992.33325195313","4752"
"39","1791409286","mp/ffa3","Padawan","-17.9849891662598","-960.583374023438","-28.2356872558594","299.05517578125","426.307403564453","74.0607833862305","2","861.517456054687","2442"
"40","1791409292","mp/ffa3","Padawan","683.2724609375","-1138.51171875","-112.209465026855","278.729248046875","567.824768066406","0.0","3","1952.21630859375","4587"
"41","1791409328","mp/ffa3","Padawan","2593.2109375","307.391326904297","255.790557861328","279.651580810547","495.485626220703","78.7718200683594","5","3745.30786132813","9438"
"42","1791409338","mp/ffa3","Padawan","-557.457397460938","-791.977355957031","-30.6227264404297","292.957336425781","589.519287109375","96.8968505859375","3","3471.759765625","7788"
"43","1791409348","mp/ffa3","Padawan","235.274642944336","1341.98645019531","-50.9630546569824","289.006927490234","649.019287109375","96.6488494873047","2","2993.18725585937","5907"
"44","1791409395","mp/ffa3","Padawan","2471.38916015625","-387.529693603516","-42.6454010009766","281.824401855469","705.322631835938","88.5494232177734","22","21072.724609375","45606"
"45","1791409875","mp/ffa3","Padawan","199.932373046875","2086.70288085937","-69.3371276855469","281.783599853516","413.037536621094","84.6463241577149","4","787.284301757813","3300"
"46","1791409916","mp/ffa3","Padawan","-754.444152832031","1290.3115234375","-52.9257621765137","289.882720947266","487.804260253906","168.29736328125","4","1495.07019042969","4554"
"47","1791409936","mp/ffa3","Padawan","1965.84228515625","1700.13720703125","-69.6171875","266.084564208984","732.0","87.0","2","3066.21752929688","5841"
"48","1791410031","mp/ffa3","Padawan","486.966339111328","2608.11059570312","-16.013952255249","281.744567871094","440.432739257813","79.246452331543","3","1618.37048339844","4983"
"49","1791410090","mp/ffa3","Padawan","657.390319824219","-240.799545288086","-112.605461120605","279.234680175781","530.314086914063","0.0","7","3954.48291015625","11352"
"50","1791410099","mp/ffa3","Padawan","1048.32604980469","420.268218994141","-61.3371353149414","259.942291259766","524.900939941406","224.617446899414","3","1829.95275878906","4686"
"51","1791410111","mp/ffa3","Padawan","1845.45581054688","1765.92395019531","-61.8019790649414","292.027404785156","618.4658203125","107.489532470703","5","5057.27880859375","11748"
"52","1791410281","mp/ffa3","Padawan","-542.527587890625","1947.23181152344","-62.0356140136719","286.937286376953","494.409759521484","81.2711486816406","5","2402.84497070312","7623"
"53","1791410287","mp/ffa3","Padawan","-534.670532226563","-357.508209228516","-29.4807987213135","286.782135009766","501.766876220703","91.0054931640625","2","1912.35363769531","4818"
"54","1791410329","mp/ffa3","Padawan","1901.47399902344","483.222595214844","-66.8794403076172","261.564514160156","299.173858642578","157.699081420898","3","1227.55090332031","5082"
"55","1791412176","mp/ffa3","Padawan","2442.26416015625","-664.908752441406","-26.7142200469971","306.026153564453","619.215637207031","73.6002731323242","2","2333.80395507812","4785"
"56","1791412181","mp/ffa3","Padawan","1100.70983886719","1085.71875","-51.3864059448242","291.770446777344","491.016296386719","22.0227146148682","2","1021.19128417969","3366"
"57","1791412209","mp/ffa3","Padawan","594.455749511719","-325.966644287109","-117.126403808594","243.296112060547","353.544891357422","226.152603149414","3","686.933715820313","3498"
"58","1791412675","mp/siege_korriban","Padawan","-2576.14086914062","5240.09326171875","14.5522594451904","259.586212158203","551.322021484375","68.0073547363281","3","2072.037109375","5247"
"59","1791412704","mp/siege_korriban","Padawan","-1645.73693847656","2863.71704101562","476.407775878906","293.777130126953","510.360656738281","69.526969909668","5","2583.16748046875","6666"
"60","1791412718","mp/siege_korriban","Padawan","-240.307922363281","2926.27075195312","481.583557128906","302.768890380859","687.852478027344","89.9444274902344","5","3736.87036132812","8052"
"61","1791412729","mp/siege_korriban","Padawan","-305.639892578125","2936.60205078125","482.739379882813","271.830841064453","867.535034179688","84.9293823242187","3","4281.13671875","7590"
"62","1791412742","mp/siege_korriban","Padawan","-310.852630615234","2998.78466796875","474.873596191406","268.106323242187","445.071899414063","91.0054931640625","5","1891.208984375","5346"
"63","1791412751","mp/siege_korriban","Padawan","-225.967376708984","4565.23193359375","476.407775878906","270.453308105469","700.54833984375","73.5459060668945","3","3170.83666992187","5709"
"64","1791412759","mp/siege_korriban","Padawan","-924.526550292969","4119.42236328125","474.571411132813","266.552062988281","612.248291015625","87.4642791748047","3","2206.21044921875","4950"
"65","1791412772","mp/siege_korriban","Padawan","-1806.97229003906","4049.68481445312","482.785858154297","290.396270751953","668.707702636719","91.7605590820313","3","3035.40844726562","5907"
"66","1791412829","mp/siege_korriban","Padawan","-129.516891479492","4054.10498046875","479.147979736328","327.519470214844","676.665344238281","92.5418853759766","2","3166.95361328125","5808"
"67","1791412853","mp/siege_korriban","Padawan","-39.5179901123047","3746.9912109375","473.964599609375","277.605834960938","718.114868164063","90.0277709960938","3","3941.09375","7656"
"68","1791412873","mp/siege_korriban","Padawan","-297.832366943359","2948.71948242187","482.486083984375","283.467803955078","610.45068359375","0.0","3","2727.95190429688","6600"
"69","1791412885","mp/siege_korriban","Padawan","-295.1171875","2948.45703125","474.571411132813","281.575927734375","688.364013671875","77.4919357299805","3","4389.23193359375","8184"
"70","1791412903","mp/siege_korriban","Padawan","-299.184844970703","2933.55981445312","480.053588867188","290.496124267578","508.387634277344","88.5268325805664","2","2523.14477539062","6567"
"71","1791412912","mp/siege_korriban","Padawan","-971.286254882813","8610.505859375","223.837295532227","289.504760742187","727.712158203125","83.1685028076172","4","2944.03515625","5973"
"72","1791412922","mp/siege_korriban","Padawan","-309.406829833984","2938.08935546875","481.583557128906","288.600067138672","605.924926757813","0.0","2","3133.3720703125","6666"
"73","1791412945","mp/siege_korriban","Padawan","-985.645446777344","8598.87890625","226.485366821289","286.565887451172","634.003173828125","77.2010345458984","2","4199.93310546875","8745"
"74","1791412980","mp/siege_korriban","Padawan","-974.173950195313","4085.85302734375","474.287200927734","263.501434326172","711.591186523438","80.3990020751953","2","2987.11010742187","6039"
"75","1791418272","mp/ffa3","Padawan","667.07177734375","-1185.5869140625","-113.737754821777","273.280090332031","599.68408203125","78.7718200683594","3","3143.04931640625","6996"
"76","1791418287","mp/ffa3","Padawan","535.75634765625","-874.333923339844","-113.737754821777","275.190856933594","648.300109863281","84.2199478149414","2","3744.11987304688","8085"
"77","1791418295","mp/ffa3","Padawan","1308.85876464844","2023.95874023437","233.354598999023","270.312774658203","600.960083007813","55.5697746276856","3","2758.5478515625","6699"
"78","1791418607","mp/ffa3","-='/o!d=-","570.598876953125","308.362243652344","-55.9142303466797","265.843933105469","535.776977539063","93.0","5","2898.67846679687","6963"
"79","1791418614","mp/ffa3","-='/o!d=-","-658.231201171875","8.43340969085693","-42.2315330505371","264.552459716797","414.406799316406","76.6876754760742","5","1728.25207519531","5379"
"80","1791418667","mp/ffa3","-='/o!d=-","2374.29467773438","929.951843261719","256.591033935547","276.486877441406","591.825134277344","197.959594726563","2","1032.70776367187","2376"
"81","1791418710","mp/ffa3","-='/o!d=-","1736.68115234375","1322.072265625","-63.2903671264648","286.248138427734","778.005798339844","182.258056640625","5","3815.84765625","9174"
"82","1791418812","mp/ffa3","-='/o!d=-","-312.958892822266","-931.521606445313","-33.7377510070801","273.967163085937","657.732482910156","85.1586761474609","4","4322.26123046875","10098"
"83","1791444396","mp/ffa3","Boogie","-627.849548339844","1789.50732421875","241.77653503418","652.966430664063","652.966430664063","0.0","5","807.628173828125","3630"
"84","1791444478","mp/ffa3","Padawan [0]","1851.9521484375","553.841186523438","-70.3399963378906","254.094467163086","654.641296386719","212.776885986328","11","2852.17822265625","10989"
"85","1791444513","mp/ffa3","Padawan [0]","-498.004272460938","-1196.33276367188","-8.93914031982422","260.693298339844","601.664367675781","186.681549072266","2","930.122497558594","2112"
"86","1791444597","mp/ffa3","Padawan [0]","1652.47705078125","764.986877441406","-75.0341949462891","290.946716308594","428.612884521484","239.827026367188","2","737.321044921875","2409"
"87","1791444612","mp/ffa3","Padawan [0]","211.51806640625","2281.65551757812","-17.0949974060059","287.480438232422","341.123138427734","228.720352172852","3","1208.95422363281","4257"
"88","1791467331","mp/ffa3","ninja","-715.305908203125","-831.129272460938","-35.9031677246094","259.478332519531","408.533966064453","243.655487060547","3","841.202087402344","2739"
"89","1791467395","mp/ffa3","ninja","2208.90600585937","951.099975585938","258.759979248047","262.922027587891","575.006958007813","249.839950561523","10","3886.50341796875","10494"
"90","1791467447","mp/ffa3","ninja","-865.718139648438","1824.29309082031","243.99299621582","259.978851318359","445.313385009766","249.899978637695","7","2770.95947265625","9240"
"91","1791467743","mp/ffa3","ninja","444.865814208984","1046.95849609375","177.937973022461","302.208526611328","503.557342529297","79.6115570068359","2","1417.97497558594","4158"
"92","1791467854","mp/ffa3","ninja","-878.606384277344","536.20849609375","-53.6193046569824","264.457946777344","523.551330566406","75.0066680908203","2","1826.404296875","4389"
