"route_id","node_index","x","y","z","speed","side","air_ms","time_ms"
"1","0","-655.022766113281","168.205444335938","-63.7924156188965","544.074462890625","-1","4026","4026"
"1","1","-597.347717285156","-153.414749145508","-39.7594223022461","328.566589355469","0","99","4785"
"2","0","-265.977844238281","-905.238464355469","-39.875","462.49755859375","-1","1914","1914"
"2","1","787.419189453125","-986.492248535156","-119.875","628.354187011719","1","2013","4026"
"3","0","120.554733276367","-953.917724609375","-54.7082366943359","342.441223144531","1","1716","1716"
"3","1","-463.925567626953","1078.20227050781","-63.875","548.820556640625","1","4785","6534"
"3","2","-584.546630859375","1596.06079101563","-55.875","404.980255126953","1","957","8514"
"3","3","-574.796447753906","2068.94409179687","-71.8330154418945","443.081268310547","1","1023","9570"
"4","0","289.545104980469","1981.6416015625","-71.875","489.094055175781","1","1947","1947"
"4","1","205.543380737305","1571.44030761719","-63.875","403.495971679688","1","957","3201"
"4","2","627.754455566406","-1291.34301757813","-119.875961303711","496.166290283203","1","5775","9240"
"5","0","1643.04296875","-313.965301513672","-39.875","390.907928466797","1","957","957"
"5","1","2501.6298828125","-215.063354492188","-43.875","438.114135742188","-1","2013","3201"
"6","0","1911.08581542969","393.089111328125","-71.875","488.761688232422","1","2013","2013"
"6","1","1038.03112792969","1131.23522949219","-63.875","684.538513183594","-1","1914","3960"
"6","2","479.606231689453","1273.91064453125","-63.875","685.56689453125","-1","792","4785"
"6","3","38.3716850280762","1479.41088867188","-63.875","325.571807861328","1","858","5676"
"6","4","402.537109375","1682.18786621094","-71.875","377.037139892578","-1","990","6996"
"6","5","-13.4813365936279","2148.73608398437","-71.875","105.171287536621","-1","1947","9174"
"7","0","1270.78771972656","2439.74609375","232.125","483.455261230469","1","3168","3168"
"7","1","1359.67810058594","2004.87561035156","232.125","385.976684570312","-1","990","4488"
"7","2","1830.85070800781","1500.3896484375","-71.875","483.426300048828","1","1485","6006"
"7","3","624.037475585938","-1118.56433105469","-119.875","679.49169921875","-1","5247","11616"
"8","0","617.124206542969","-1330.78063964844","-119.875","560.711181640625","1","5841","5841"
"8","1","1096.41247558594","-720.826293945312","-115.890449523926","497.036224365234","1","1881","8316"
"8","2","1448.00427246094","-596.195373535156","-39.875","470.380706787109","1","693","9042"
"8","3","1700.98449707031","-286.054016113281","-39.7982292175293","289.394195556641","1","924","10593"
"8","4","2558.435546875","733.21875","248.20491027832","506.806671142578","-1","3498","14124"
"8","5","2349.20751953125","974.110473632813","248.125","321.137054443359","-1","825","15048"
"8","6","1696.61083984375","1042.20056152344","-79.875","340.261657714844","1","1584","16665"
"8","7","1901.34375","1360.33825683594","-71.875","410.078033447266","-1","1122","17952"
"8","8","1274.31555175781","2417.35034179688","232.125","387.485473632813","1","2871","21120"
"8","9","15.2018871307373","2309.57885742187","-23.875","295.001708984375","-1","2442","23760"
"8","10","14.1188564300537","2159.63037109375","-71.9145965576172","303.371063232422","0","330","24321"
"9","0","-506.572692871094","2136.34838867187","-71.875","349.704162597656","-1","990","990"
"9","1","-576.671142578125","1740.58386230469","-55.875","386.400054931641","-1","957","2145"
"9","2","-666.028381347656","297.929473876953","-63.875","540.315673828125","-1","3069","5280"
"9","3","-461.420196533203","-727.919738769531","-39.875","604.551086425781","-1","1848","7161"
"9","4","1634.73107910156","-597.086975097656","-39.875","682.214782714844","-1","3762","11022"
"9","5","1986.63293457031","-391.355834960937","-39.875","383.959625244141","1","1089","13002"
"10","0","-383.509704589844","-771.082336425781","-39.875","536.672180175781","-1","5643","5643"
"10","1","-47.1398429870605","-1040.73364257813","-39.875","19.0262985229492","-1","891","6567"
"11","0","385.045715332031","2341.90380859375","-23.875","396.691314697266","-1","2079","2079"
"11","1","291.679473876953","1614.85998535156","-63.875","251.644592285156","1","2046","4257"
"11","2","297.201812744141","1198.07922363281","-63.875","412.393005371094","-1","924","5841"
"11","3","386.905853271484","790.892944335937","-63.875","471.534729003906","-1","924","6798"
"11","4","740.16259765625","-1295.9013671875","-119.802680969238","512.69091796875","1","3762","10593"
"12","0","1728.90905761719","-287.253265380859","-39.875","530.0283203125","-1","1848","1848"
"12","1","1521.5634765625","-660.451293945313","-39.8228073120117","404.249908447266","-1","957","3003"
"12","2","607.675354003906","-836.419799804687","-119.875","485.325653076172","-1","2112","5412"
"13","0","-581.166809082031","710.668395996094","-63.7584114074707","359.388366699219","-1","3465","3465"
"13","1","-300.44091796875","-929.135192871094","-39.875","584.070190429688","-1","3696","7326"
"13","2","748.521911621094","-1022.01843261719","-119.875","554.092041015625","1","2046","9570"
"14","0","1717.25708007813","1761.49780273438","-71.875","412.254760742188","1","1551","1551"
"14","1","1897.76440429688","1399.27587890625","-71.875","450.155517578125","1","891","2673"
"14","2","651.42724609375","-1085.04345703125","-119.875","653.517395019531","-1","5346","8184"
"15","0","574.989868164063","-325.238464355469","-119.875","595.829650878906","-1","4851","4851"
"15","1","746.932250976563","-1445.65051269531","-119.875","532.6162109375","-1","1848","6732"
"16","0","656.612426757813","2653.50805664062","-23.875","423.515045166016","-1","924","924"
"16","1","366.890472412109","2337.9169921875","-23.875","430.780700683594","-1","957","2013"
"16","2","344.316802978516","1839.27612304688","-71.875","409.034240722656","-1","1089","3135"
"16","3","164.180740356445","1463.66247558594","-63.875","425.836822509766","-1","990","4158"
"16","4","627.301208496094","-1456.87292480469","-119.979164123535","529.121887207031","-1","5610","9900"
"17","0","-613.939147949219","1650.76489257813","-55.875","397.669464111328","-1","858","858"
"17","1","-643.527221679688","-301.764526367187","-39.875","574.826049804688","-1","3762","4653"
"17","2","-420.944366455078","-840.675109863281","-39.875","562.107666015625","-1","924","5610"
"17","3","537.451232910156","-998.621704101562","-119.829940795898","459.801055908203","-1","2046","7788"
"18","0","1866.560546875","1282.51525878906","-71.875","379.195190429687","1","990","990"
"18","1","669.881958007813","-1389.92102050781","-119.875","585.35205078125","-1","5742","6897"
"19","0","-322.233428955078","-785.662353515625","-39.875","560.446228027344","-1","5610","5610"
"19","1","796.285278320313","-1169.5791015625","-119.903633117676","619.112243652344","1","2112","7788"
"20","0","579.777221679688","-594.459655761719","-119.875","691.254638671875","-1","5412","5412"
"20","1","629.287292480469","-1294.09973144531","-119.875","625.352722167969","1","957","6402"
"21","0","958.504028320312","1930.453125","232.125","417.554779052734","1","1881","1881"
"21","1","2000.63549804687","1543.60485839844","-71.875","64.0312423706055","1","2343","4257"
"22","0","14.5889196395874","-870.624572753906","-39.875","360.624450683594","1","924","924"
"22","1","400.909606933594","-959.528381347656","-119.875","350.241333007812","1","1089","2046"
"23","0","653.817565917969","2650.623046875","-23.875","385.149322509766","-1","957","957"
"23","1","140.741485595703","1422.88293457031","-63.875","464.353302001953","-1","2871","3927"
"23","2","738.7294921875","-1406.00122070313","-119.875","540.533081054688","1","5577","9735"
"24","0","686.517883300781","78.2411041259766","-76.8535537719727","730.006164550781","-1","4488","4488"
"24","1","715.06884765625","-1309.96142578125","-119.875","646.873229980469","-1","1947","6468"
"25","0","-1131.12854003906","1493.10656738281","232.125","389.452178955078","1","924","924"
"25","1","-653.839660644531","71.4329681396484","-47.9182815551758","78.2304306030273","1","3399","4587"
"26","0","-466.591766357422","-683.707763671875","-39.875","557.355346679688","-1","5643","5643"
"26","1","561.21142578125","-944.778686523438","-119.875","552.254455566406","-1","1980","7689"
"27","0","-639.184326171875","1658.98291015625","-55.875","438.463226318359","-1","858","858"
"27","1","-603.681884765625","1250.58618164063","-63.875","454.102416992188","-1","891","1782"
"27","2","-481.945068359375","-762.893798828125","-39.8880958557129","585.211059570313","-1","3927","5742"
"27","3","467.809356689453","-958.513305664063","-119.875","441.172302246094","1","2013","7887"
"28","0","1799.17797851563","1275.98205566406","-71.875","391.369384765625","1","924","924"
"28","1","640.098754882813","-901.918640136719","-119.957160949707","564.093994140625","-1","4719","5676"
"29","0","1923.46447753906","1316.408203125","-71.875","413.436828613281","1","957","957"
"29","1","874.609680175781","641.601318359375","131.021209716797","559.474731445313","-1","2673","3762"
"29","2","531.99853515625","-679.626647949219","-119.875","591.9814453125","-1","2244","6039"
"30","0","-617.041748046875","377.069915771484","-63.875","530.023559570313","-1","3630","3630"
"30","1","-166.294006347656","-1038.34716796875","-39.875","490.910369873047","-1","2739","6402"
"30","2","608.063049316406","-901.264831542969","-119.875","401.621704101563","1","2046","8646"
"31","0","1726.14611816406","1741.896484375","-71.875","397.231658935547","1","1518","1518"
"31","1","1873.6220703125","1363.83190917969","-71.875","455.632537841797","1","891","2607"
"31","2","1546.20288085938","1105.83801269531","8.125","451.89599609375","1","924","3729"
"31","3","652.725158691406","-768.940856933594","-119.923377990723","592.669372558594","-1","3927","7689"
"32","0","2257.06201171875","962.692932128906","248.125","352.512420654297","-1","858","858"
"32","1","683.000610351563","-1070.68640136719","-119.875","601.489013671875","-1","5610","6501"
"33","0","1693.23132324219","1779.05041503906","-71.9953994750977","404.446533203125","1","1485","1485"
"33","1","1886.61755371094","1398.740234375","-71.875","424.199249267578","1","957","2541"
"33","2","689.890991210938","-232.918395996094","-119.875","655.439575195313","-1","3960","6600"
"33","3","693.856018066406","-812.36865234375","-119.847358703613","580.021545410156","1","858","7491"
"34","0","676.035034179688","2002.478515625","232.125","424.029479980469","1","990","990"
"34","1","919.03271484375","1961.31457519531","232.196395874023","229.856475830078","0","165","1947"
"35","0","2198.64624023438","1006.54309082031","248.125","419.033416748047","1","924","924"
"35","1","583.299743652344","-760.980285644531","-119.875","786.314208984375","-1","4620","5577"
"35","2","713.969543457031","-1456.83740234375","-119.875","118.004234313965","1","891","6501"
"36","0","319.714447021484","1707.80932617188","-71.875","419.001190185547","-1","2013","2013"
"36","1","339.957092285156","841.837646484375","-63.875","470.465728759766","-1","1815","4587"
"36","2","668.119812011719","-1242.24072265625","-119.875","572.496276855469","1","3696","8316"
"37","0","1320.80297851563","-700.49853515625","-58.2073211669922","546.996337890625","-1","8811","8811"
"37","1","1429.76171875","-652.953979492188","-39.7889595031738","251.829299926758","0","165","9207"
"37","2","2456.77465820313","240.843872070312","248.125","561.364379882813","-1","2574","12936"
"37","3","2600.23217773437","809.0966796875","248.125","612.160095214844","-1","924","13893"
"37","4","2447.00024414062","990.054565429688","248.125","59.0","-1","957","14982"
"38","0","-222.879974365234","-926.173095703125","-39.875","410.394927978516","1","2574","2574"
"38","1","-743.46044921875","-249.283416748047","-39.875","495.782196044922","1","1848","4455"
"39","0","392.687286376953","-898.891296386719","-119.875","388.011596679687","-1","1089","1089"
"39","1","653.214172363281","-1186.18884277344","-119.875","366.110626220703","1","957","2178"
"40","0","-815.001953125","-213.978729248047","-39.7882308959961","498.63916015625","1","3960","3960"
"40","1","-816.874572753906","-166.059112548828","-24.4703006744385","345.325927734375","0","99","4092"
"40","2","-816.644897460938","-143.356292724609","-16.0825862884521","82.0243835449219","0","297","4422"
"41","0","1821.21875","-263.189910888672","-39.875","473.88818359375","1","2343","2343"
"41","1","1505.28259277344","-498.315002441406","-39.875","412.94189453125","-1","825","3201"
"41","2","1107.68676757813","-745.039367675781","-111.875","431.463775634766","1","1089","4917"
"41","3","1038.23559570313","-743.965881347656","-119.988998413086","404.516998291016","-1","132","5082"
"41","4","-535.766174316406","-755.287536621094","-39.875","400.049987792969","1","3432","9174"
"42","0","266.17236328125","-950.569519042969","-106.713653564453","560.736145019531","-1","1947","1947"
"42","1","749.586608886719","-725.414245605469","-119.875","503.90673828125","-1","957","2937"
"42","2","286.439025878906","1199.30029296875","-63.875","467.848266601563","-1","4422","7524"
"43","0","920.307006835938","1110.06457519531","-63.875","464.536315917969","-1","1815","1815"
"43","1","2416.4228515625","-378.366577148437","-43.875","649.019287109375","1","3729","5577"
"44","0","2099.48217773437","188.385864257813","-39.875","449.775512695313","-1","1815","1815"
"44","1","76.2833251953125","1413.49328613281","-63.7585525512695","582.825012207031","-1","3960","5808"
"44","2","381.345184326172","1671.28063964844","-71.875","348.810852050781","-1","957","7194"
"44","3","248.460342407227","2017.10168457031","-71.7756042480469","389.647277832031","-1","957","8283"
"44","4","-609.120910644531","2008.37939453125","-71.875","458.170288085938","-1","1947","10296"
"44","5","-380.437072753906","-635.0859375","-39.8061752319336","630.2919921875","-1","5676","16071"
"44","6","17.4785385131836","-1000.44970703125","-39.8911209106445","532.184204101563","-1","858","16962"
"44","7","575.874877929688","-853.188232421875","-119.875","569.122985839844","-1","1023","18018"
"44","8","193.689544677734","1597.03637695313","-63.9806213378906","583.933227539063","-1","5115","23232"
"44","9","344.333648681641","1703.85375976563","-71.9550247192383","277.937042236328","-1","165","23892"
"44","10","1291.46545410156","2417.53076171875","232.125","425.4609375","1","4191","28314"
"44","11","1344.93493652344","2011.11010742187","232.125","400.780487060547","-1","957","29469"
"44","12","1807.06579589844","1608.42346191406","-71.875","442.001129150391","1","1485","31020"
"44","13","1882.57727050781","1196.82373046875","-71.8210983276367","439.013671875","1","924","32010"
"44","14","761.39794921875","-190.691314697266","-119.875","563.848388671875","-1","3993","36102"
"44","15","972.562255859375","-618.555236816406","-119.875","571.003479003906","-1","858","36993"
"44","16","1297.81469726563","-688.674560546875","-63.875","345.094177246094","-1","693","37818"
"44","17","1566.615234375","-538.430725097656","-39.875","357.800231933594","-1","825","38676"
"44","18","1928.2451171875","-270.924133300781","-39.875","410.542327880859","1","924","40194"
"44","19","2494.29833984375","245.99201965332","248.125","539.840698242188","-1","1650","41877"
"44","20","2575.64794921875","747.351989746094","248.125","490.460998535156","-1","924","42834"
"44","21","1513.03942871094","1312.88366699219","-79.875","366.174835205078","1","2376","45375"
"45","0","256.952331542969","2296.40869140625","-23.9084415435791","348.432189941406","1","627","627"
"45","1","252.198852539063","2616.47314453125","-23.875","109.224540710449","-1","957","1617"
"45","2","251.957061767578","2650.98217773438","10.1590757369995","93.1933441162109","0","264","1980"
"45","3","222.170516967773","2629.00830078125","-23.875","152.190673828125","1","627","2739"
"46","0","-443.721466064453","366.053131103516","-63.875","453.689331054688","1","2475","2475"
"46","1","-429.707946777344","158.717254638672","-55.875","239.910400390625","1","330","3300"
"46","2","-474.379516601563","125.266342163086","-63.875","249.927993774414","0","33","3531"
"46","3","-669.002319335938","170.458084106445","-63.8583984375","151.568466186523","0","165","4389"
"47","0","1633.65563964844","1115.65478515625","8.125","484.365570068359","1","1782","1782"
"47","1","559.125854492187","-666.063415527344","-119.875","585.0","-1","3696","5511"
"48","0","408.281616210938","2341.61328125","-23.875","333.204132080078","-1","825","825"
"48","1","260.197875976562","1597.50341796875","-63.875","409.849975585938","1","1848","2706"
"48","2","313.984191894531","1259.62512207031","-63.9899940490723","276.537506103516","0","132","4191"
"49","0","913.555297851562","-374.040435791016","-119.875","346.965423583984","-1","825","825"
"49","1","786.192199707031","-689.325866699219","-119.875","306.437591552734","1","858","2046"
"49","2","201.185363769531","-959.4609375","-83.5048980712891","323.735992431641","1","1617","3861"
"49","3","-66.1069869995117","-978.716857910156","-39.8418235778809","395.576782226562","1","693","4587"
"49","4","-426.216217041016","-857.344909667969","-39.875","419.144378662109","1","891","5511"
"49","5","-262.683715820312","-841.286315917969","-39.875","461.069396972656","-1","1683","9702"
"49","6","207.184661865234","-910.845031738281","-85.5823974609375","430.935028076172","-1","1023","10824"
"50","0","1544.38854980469","781.446594238281","-79.875","332.182189941406","0","1782","1782"
"50","1","1762.01123046875","998.324401855469","-71.875","402.203918457031","-1","858","2673"
"50","2","1790.71997070313","1838.51770019531","-71.9029159545898","314.879333496094","-1","1749","4455"
"51","0","912.685485839844","281.237548828125","-63.875","575.062622070313","1","3927","3927"
"51","1","528.50927734375","-634.24169921875","-119.875","471.105072021484","-1","1914","5940"
"51","2","297.234680175781","-958.056030273437","-117.807922363281","360.867004394531","1","858","6930"
"51","3","-736.405029296875","-151.519790649414","-39.875","487.332550048828","1","3333","10461"
"51","4","-583.050842285156","16.9990310668945","-47.875","5.0","1","1056","11583"
"52","0","-637.643005371094","1549.21496582031","-47.875","102.85912322998","1","1683","1683"
"52","1","-652.144897460938","1398.90856933594","-63.8886451721191","262.070587158203","0","132","2343"
"52","2","-757.275451660156","742.624755859375","55.6839752197266","381.687042236328","-1","1650","4257"
"52","3","-614.338195800781","73.1572875976562","-47.1604156494141","153.525238037109","1","2046","6336"
"52","4","-552.110290527344","-250.456390380859","-39.875","328.274261474609","-1","924","7392"
"53","0","-414.020721435547","-906.92138671875","-39.875","407.774444580078","-1","1716","1716"
"53","1","801.251281738281","-1211.50793457031","-119.875","374.813293457031","1","2805","4587"
"54","0","1764.24780273438","663.367431640625","-71.9335784912109","273.724304199219","-1","792","792"
"54","1","1726.32800292969","710.962158203125","-79.7763671875","245.747833251953","1","132","1056"
"54","2","1468.56311035156","848.514587402344","-79.875","181.617736816406","-1","462","3267"
"55","0","1536.43603515625","701.003112792969","-79.875","591.804870605469","-1","3564","3564"
"55","1","1078.86584472656","1004.189453125","-63.875","561.210327148438","1","858","4455"
"56","0","1369.61743164063","942.676513671875","-55.875","380.581146240234","1","858","858"
"56","1","2036.93701171875","942.377014160156","248.244094848633","128.844863891602","-1","2310","3201"
"57","0","549.44970703125","-583.314514160156","-119.875","353.544891357422","1","858","858"
"57","1","496.563415527344","-653.909912109375","-119.875","101.533248901367","0","1122","2409"
"57","2","401.895080566406","-835.559997558594","-119.875","169.664367675781","0","792","3333"
"58","0","-2382.47387695312","5033.73193359375","24.125","379.77099609375","1","891","891"
"58","1","-1977.94262695313","4889.73681640625","24.1548843383789","418.245147705078","-1","858","2310"
"58","2","-908.500793457031","5314.03955078125","24.125","325.852722167969","-1","2673","5016"
"59","0","-1776.66552734375","3132.37841796875","472.125","384.033843994141","1","858","858"
"59","1","-1934.09619140625","3504.68896484375","472.093475341797","440.282867431641","1","924","1815"
"59","2","-1922.40222167969","3959.94750976562","472.125","493.583831787109","1","924","2772"
"59","3","-1532.33068847656","4485.76611328125","472.178466796875","399.204223632813","-1","1815","4752"
"59","4","-1113.18139648438","4997.83349609375","24.125","400.499694824219","1","1617","6402"
"60","0","-62.239315032959","3656.39672851563","472.125","417.202575683594","-1","1881","1881"
"60","1","-128.874206542969","4031.7060546875","472.125","386.0","1","924","2871"
"60","2","-432.230285644531","4227.70263671875","472.125","393.996185302734","-1","891","3993"
"60","3","-756.551452636719","4506.8447265625","504.125","499.812957763672","1","924","4950"
"60","4","-968.426513671875","6128.83935546875","-23.9181995391846","687.852478027344","1","2739","7722"
"61","0","-526.05322265625","4406.822265625","472.125","571.742919921875","-1","3762","3762"
"61","1","-899.854064941406","4725.99658203125","504.125","623.923889160156","1","792","4587"
"61","2","-1570.87463378906","6404.66943359375","2.19468665122986","593.263000488281","1","2640","7260"
"62","0","-49.4266052246094","3196.86572265625","472.125","396.020202636719","1","957","957"
"62","1","-103.247901916504","3587.84448242187","472.125","396.919372558594","-1","891","2046"
"62","2","-41.5893325805664","3995.37280273438","472.125","286.400054931641","-1","957","3069"
"62","3","-335.507690429687","4161.20361328125","472.125","340.390960693359","-1","924","4158"
"62","4","-396.708740234375","4513.20556640625","472.125","140.014282226563","1","957","5181"
"63","0","-131.998184204102","4980.75634765625","333.261688232422","583.112365722656","-1","1188","1188"
"63","1","-451.040100097656","5754.84033203125","-7.87500047683716","594.535949707031","-1","1419","2640"
"63","2","-1169.71923828125","7355.9541015625","232.125","700.54833984375","1","2673","5346"
"64","0","-643.390930175781","4271.88623046875","472.125","348.638793945313","1","990","990"
"64","1","-566.333618164063","4959.3515625","24.125","486.497680664063","-1","1650","2706"
"64","2","-601.650207519531","6055.01220703125","-23.875","557.800170898438","-1","1914","4653"
"65","0","-1408.0986328125","5031.68310546875","24.125","534.093627929687","-1","2607","2607"
"65","1","-1359.83264160156","5553.65869140625","24.125","592.054077148438","-1","891","3531"
"65","2","-1199.44616699219","6838.580078125","232.125","542.177062988281","1","2046","5610"
"66","0","-1042.96398925781","6186.75732421875","-23.875","663.254089355469","1","4620","4620"
"66","1","-975.712646484375","6777.55517578125","-9.02243995666504","529.525268554688","-1","858","5511"
"67","0","-141.58772277832","4064.53540039063","472.125","399.802459716797","-1","957","957"
"67","1","-489.144470214844","4283.37353515625","472.125","443.630462646484","-1","957","2046"
"67","2","-920.269226074219","7261.427734375","248.125","355.012664794922","1","5346","7425"
"68","0","-41.8866500854492","3602.54370117187","472.125","431.041748046875","-1","1914","1914"
"68","1","-453.092803955078","4320.7685546875","472.125","525.467407226563","-1","1881","3828"
"68","2","-1130.83862304688","5128.244140625","88.125","8.5440034866333","1","2574","6435"
"69","0","-115.866218566895","3185.91552734375","472.125","379.638000488281","-1","924","924"
"69","1","-499.598541259766","4372.04052734375","472.085083007813","563.109252929688","-1","2838","3795"
"69","2","-1608.8505859375","6594.88037109375","51.9025115966797","591.030456542969","1","4026","7854"
"70","0","-266.024291992187","4165.41259765625","472.125","317.304260253906","-1","3762","3762"
"70","1","-485.555389404297","5064.52392578125","24.125","458.423370361328","1","2508","6303"
"71","0","-954.289489746094","8087.57373046875","360.125","439.209503173828","1","1353","1353"
"71","1","-1021.26635742188","7532.4931640625","232.125","487.154998779297","1","1155","2541"
"71","2","-1131.51977539063","6563.94921875","161.614456176758","727.712158203125","-1","1749","4323"
"71","3","-1364.33813476563","5827.2880859375","-23.875","291.595611572266","1","1419","5775"
"72","0","-459.789154052734","4350.7509765625","472.125","504.385772705078","-1","3762","3762"
"72","1","-1465.95678710938","5366.369140625","24.125","544.341796875","1","2541","6336"
"73","0","-1804.44702148438","4875.38232421875","385.948760986328","417.633819580078","1","7491","7491"
"73","1","-1746.76672363281","4613.9599609375","472.093200683594","292.656799316406","0","726","8514"
"74","0","-924.907470703125","4750.6884765625","504.125","437.562561035156","-1","1980","1980"
"74","1","-1185.80883789063","6919.1396484375","232.125","610.512084960938","1","3696","5709"
"75","0","995.766662597656","535.16357421875","60.8825378417969","504.097198486328","1","4092","4092"
"75","1","1648.62683105469","769.07373046875","-79.875","590.529418945313","1","1221","5346"
"75","2","1849.4677734375","1219.5126953125","-71.875","433.139709472656","-1","957","6435"
"76","0","1795.70593261719","1369.57531738281","-71.875","559.113586425781","1","5247","5247"
"76","1","1262.66638183594","1972.22326660156","232.125","490.086730957031","1","1914","7788"
"77","0","1796.28820800781","1737.85632324219","-71.7759552001953","415.145751953125","-1","1518","1518"
"77","1","1814.54138183594","1323.86450195313","-71.875","408.902191162109","1","924","2706"
"77","2","181.705276489258","1315.9541015625","-63.875","162.889526367188","1","3696","6534"
"78","0","643.261657714844","-544.358520507813","-119.820579528809","453.061798095703","1","2079","2079"
"78","1","393.62451171875","-832.30615234375","-119.875","398.808227539062","1","891","3102"
"78","2","108.273094177246","-914.121704101563","-50.3219451904297","353.458618164063","1","660","3861"
"78","3","-531.922790527344","-567.237121582031","-39.875","510.004913330078","1","1782","5676"
"78","4","-749.443481445313","-89.4788208007813","-42.2262840270996","455.0","1","990","6699"
"79","0","-599.585266113281","200.227355957031","-63.9049949645996","312.745910644531","-1","726","726"
"79","1","-353.542297363281","444.920166015625","-63.875","380.127624511719","-1","957","1848"
"79","2","-337.957366943359","841.092407226562","-63.901481628418","391.618438720703","-1","924","2904"
"79","3","-602.874694824219","1015.97735595703","-63.875","315.572509765625","-1","924","3993"
"79","4","-587.06103515625","1397.40270996094","-63.875","363.572540283203","1","924","5115"
"80","0","2056.00170898437","952.572998046875","248.125","367.695526123047","1","924","924"
"80","1","1635.01879882813","431.923919677734","-79.9144287109375","478.106689453125","1","924","2145"
"81","0","1436.619140625","1164.60974121094","-79.875","396.36474609375","-1","990","990"
"81","1","512.133056640625","-781.791015625","-119.785385131836","763.236511230469","-1","3927","4950"
"81","2","167.569427490234","-945.6240234375","-71.4992065429688","332.222808837891","1","693","5841"
"81","3","-232.329559326172","-974.522399902344","-39.875","509.544891357422","0","528","6567"
"81","4","-327.851837158203","-1123.86413574219","-39.875","132.060592651367","0","1056","8745"
"82","0","452.778564453125","-916.232543945313","-119.875","453.327697753906","1","1980","1980"
"82","1","1640.07397460938","951.213317871094","-50.0412635803223","656.54248046875","1","7425","9603"
"82","2","1664.80456542969","961.396728515625","-61.4262771606445","344.981170654297","0","33","9669"
"82","3","1733.34399414063","956.590515136719","-79.875","280.71337890625","1","198","9900"
"83","0","-590.073791503906","1801.10107421875","240.145736694336","624.233947753906","-1","66","66"
"83","1","-772.556030273438","1820.50012207031","248.125","235.053192138672","-1","825","1023"
"83","2","-706.881591796875","1889.79333496094","240.125","215.856430053711","-1","330","1683"
"83","3","-467.186218261719","1876.65417480469","240.125","96.6281509399414","0","825","2805"
"83","4","-508.63330078125","1904.87438964844","240.125","28.0","0","462","3465"
"84","0","1631.36169433594","454.189910888672","-79.875","101.607086181641","-1","2178","2178"
"84","1","1674.76782226563","511.342010498047","-79.875","511.845672607422","-1","660","2871"
"84","2","1623.19384765625","986.8505859375","-53.0458488464356","464.957000732422","-1","1452","4521"
"84","3","1583.28112792969","875.595336914063","-79.8415069580078","366.050537109375","-1","462","5016"
"84","4","1622.81506347656","941.790283203125","-79.875","205.798446655273","-1","759","5940"
"84","5","1668.24584960938","934.187255859375","-79.875","413.614562988281","-1","825","7227"
"84","6","1747.25268554688","1111.291015625","-71.875","171.058471679688","0","1155","8514"
"84","7","1734.42700195313","1047.72424316406","-79.9377136230469","622.223449707031","0","132","8778"
"84","8","1732.68273925781","1043.27734375","-79.875","115.801551818848","0","1056","9867"
"84","9","1694.515625","987.976928710938","-63.3389511108399","298.804290771484","0","33","10164"
"84","10","1657.11901855469","1034.01037597656","8.125","145.055160522461","0","627","10824"
"85","0","-378.482086181641","-1183.69201660156","-39.875","501.366119384766","-1","396","396"
"85","1","-714.23046875","-612.803771972656","-39.875","462.316986083984","-1","1221","1881"
"86","0","1770.63098144531","971.958312988281","-71.875","343.209838867187","-1","726","726"
"86","1","1981.14208984375","1392.99951171875","-71.9974060058594","21.0","-1","1485","2244"
"87","0","-29.4126529693604","2129.41333007812","-71.875","341.123138427734","1","891","891"
"87","1","-297.141815185547","2073.88818359375","-71.8173980712891","288.903106689453","1","759","1749"
"87","2","-652.178405761719","1723.70458984375","-55.875","301.572540283203","1","726","3795"
"88","0","-564.226318359375","-841.333557128906","-39.875","302.605346679687","1","561","561"
"88","1","-398.745269775391","-930.828308105469","-39.875","356.237274169922","1","528","1122"
"88","2","-256.087097167969","-1096.06628417969","-39.875","408.533966064453","1","528","1683"
"89","0","2164.48803710937","815.292724609375","248.125","286.775177001953","1","528","528"
"89","1","2047.18603515625","761.186706542969","248.125","266.865142822266","1","528","1089"
"89","2","1178.69848632813","589.557189941406","-63.875","407.141265869141","-1","2805","3927"
"89","3","900.642272949219","246.362640380859","-63.875","408.1298828125","1","1122","5082"
"89","4","689.560546875","160.55207824707","-63.875","411.58837890625","-1","528","5643"
"89","5","628.982849121094","-436.430297851563","-119.875","431.566925048828","-1","1452","7161"
"89","6","717.898193359375","-672.713012695313","-119.875","465.717712402344","-1","528","7755"
"89","7","796.962158203125","-933.769836425781","-119.875","520.834899902344","1","528","8316"
"89","8","810.640075683594","-1247.72045898437","-119.875","572.616821289062","1","528","8877"
"89","9","776.713195800781","-1456.95788574219","-119.875","123.016258239746","1","561","9471"
"90","0","-746.55029296875","1849.806640625","248.125","320.057800292969","1","429","429"
"90","1","-229.394622802734","2027.0322265625","240.125","240.520263671875","-1","1716","2178"
"90","2","-123.490119934082","2086.37866210938","224.125","246.78938293457","1","759","3003"
"90","3","424.522766113281","2135.76538085937","257.411315917969","430.512481689453","1","1353","4752"
"90","4","536.005126953125","2009.48498535156","224.125","266.007507324219","-1","330","5412"
"90","5","761.390197753906","2036.986328125","240.125","261.946563720703","0","495","6369"
"90","6","1289.67297363281","2289.35546875","232.125","381.278106689453","-1","1683","8118"
"91","0","355.869445800781","486.011199951172","496.125","381.811462402344","1","1848","1848"
"91","1","84.2769470214844","29.4424171447754","472.125","503.557342529297","1","1188","3069"
"92","0","-586.501342773438","1868.20666503906","-71.875","481.684539794922","1","3300","3300"
"92","1","-401.0283203125","2192.67993164063","-71.875","267.001861572266","1","858","4191"
